episode,total_reward,progress,win,n_clicks,beta,learn_rate,avg_bonus
1,7.96,3,0,4,0.1,0.001,10.2403
2,-21.09,2,0,3,0.1,0.001,4.3021
3,-28.76,1,0,2,0.1,0.001,3.1176
4,49.12,3,1,3,0.1,0.001,3.7073
5,-4.24,6,0,7,0.1,0.001,3.6794
6,-29.77,1,0,2,0.1,0.001,2.6129
7,-28.47,1,0,2,0.1,0.001,3.2673
8,-18.33,3,0,4,0.1,0.001,3.6664
9,-19.41,3,0,4,0.1,0.001,3.3976
10,-18.9,4,0,5,0.1,0.001,2.6206
11,-19.03,4,0,5,0.1,0.001,2.5933
12,-15.42,4,0,5,0.1,0.001,3.3169
13,-29.98,1,0,2,0.1,0.001,2.5109
14,-16.45,4,0,5,0.1,0.001,3.1095
15,-4.01,8,0,9,0.1,0.001,2.6655
16,-31.29,1,0,2,0.1,0.001,1.8572
17,-20.02,4,0,5,0.1,0.001,2.3961
18,-31.61,1,0,2,0.1,0.001,1.6968
19,-23.45,3,0,4,0.1,0.001,2.3865
20,-30.61,1,0,2,0.1,0.001,2.1974
21,-28.96,2,0,3,0.1,0.001,1.6796
22,-27.1,2,0,3,0.1,0.001,2.301
23,-14.54,6,0,7,0.1,0.001,2.2088
24,-26.47,3,0,4,0.1,0.001,1.6319
25,-27.04,2,0,3,0.1,0.001,2.3195
26,-20.67,4,0,5,0.1,0.001,2.2653
27,-18.76,4,0,5,0.1,0.001,2.6482
28,-3.59,10,0,11,0.1,0.001,2.0372
29,-28.22,2,0,3,0.1,0.001,1.9253
30,-21.7,4,0,5,0.1,0.001,2.0596
31,-27.54,2,0,3,0.1,0.001,2.1523
32,-26.98,3,0,4,0.1,0.001,1.504
33,-23.66,3,0,4,0.1,0.001,2.336
34,-11.54,6,0,7,0.1,0.001,2.6366
35,-5.02,9,0,10,0.1,0.001,2.1978
36,-29.71,2,0,3,0.1,0.001,1.4315
37,-22.0,4,0,5,0.1,0.001,1.9992
38,4.49,10,0,11,0.1,0.001,2.7714
39,-16.51,5,0,6,0.1,0.001,2.4152
40,-20.33,4,0,5,0.1,0.001,2.3331
41,1.33,10,0,11,0.1,0.001,2.4849
42,-29.79,2,0,3,0.1,0.001,1.4042
43,-9.01,9,0,10,0.1,0.001,1.799
44,-21.07,5,0,6,0.1,0.001,1.6546
45,-28.21,2,0,3,0.1,0.001,1.9299
46,-15.82,5,0,6,0.1,0.001,2.5306
47,-29.94,2,0,3,0.1,0.001,1.354
48,-12.06,8,0,9,0.1,0.001,1.7714
49,-32.5,1,0,2,0.1,0.001,1.2477
50,-23.85,3,0,4,0.1,0.001,2.2874
51,-23.93,3,0,4,0.1,0.001,2.2666
52,-26.17,2,0,3,0.1,0.001,2.6116
53,-8.81,7,0,8,0.1,0.001,2.5241
54,-24.24,3,0,4,0.1,0.001,2.1891
55,37.2,1,1,1,0.1,0.001,1.202
56,-14.29,6,0,7,0.1,0.001,2.245
57,-28.71,2,0,3,0.1,0.001,1.7619
58,-30.97,1,0,2,0.1,0.001,2.0173
59,-32.5,1,0,2,0.1,0.001,1.25
60,-30.71,1,0,2,0.1,0.001,2.1455
61,-30.3,1,0,2,0.1,0.001,2.351
62,-30.46,1,0,2,0.1,0.001,2.2725
63,-21.2,4,0,5,0.1,0.001,2.1598
64,-12.11,6,0,7,0.1,0.001,2.5555
65,-27.68,2,0,3,0.1,0.001,2.1077
66,-32.61,1,0,2,0.1,0.001,1.1937
67,-32.66,1,0,2,0.1,0.001,1.1703
68,-28.6,2,0,3,0.1,0.001,1.7991
69,-24.59,3,0,4,0.1,0.001,2.1036
70,-18.12,6,0,7,0.1,0.001,1.6972
71,-32.71,1,0,2,0.1,0.001,1.1447
72,-23.01,3,0,4,0.1,0.001,2.4966
73,-22.76,4,0,5,0.1,0.001,1.8481
74,-1.81,9,0,10,0.1,0.001,2.5195
75,-7.52,8,0,9,0.1,0.001,2.2756
76,-31.21,1,0,2,0.1,0.001,1.8951
77,-32.73,1,0,2,0.1,0.001,1.1365
78,-31.09,1,0,2,0.1,0.001,1.9575
79,-31.07,1,0,2,0.1,0.001,1.9671
80,-18.99,4,0,5,0.1,0.001,2.6017
81,-22.97,4,0,5,0.1,0.001,1.8058
82,-30.46,1,0,2,0.1,0.001,2.2724
83,-31.16,1,0,2,0.1,0.001,1.9196
84,-28.6,2,0,3,0.1,0.001,1.8006
85,-28.72,2,0,3,0.1,0.001,1.7604
86,-30.97,1,0,2,0.1,0.001,2.0138
87,-30.55,2,0,3,0.1,0.001,1.1502
88,-28.52,2,0,3,0.1,0.001,1.8261
89,-31.03,1,0,2,0.1,0.001,1.9826
90,-30.58,2,0,3,0.1,0.001,1.1384
91,-31.61,1,0,2,0.1,0.001,1.6974
92,-26.78,3,0,4,0.1,0.001,1.5558
93,-27.72,2,0,3,0.1,0.001,2.0924
94,-27.54,2,0,3,0.1,0.001,2.1542
95,-29.51,2,0,3,0.1,0.001,1.4981
96,-28.04,3,0,4,0.1,0.001,1.2408
97,-24.91,3,0,4,0.1,0.001,2.0213
98,-25.04,3,0,4,0.1,0.001,1.9906
99,-25.81,4,0,5,0.1,0.001,1.2387
100,-31.51,1,0,2,0.1,0.001,1.7427
101,-24.45,3,0,4,0.1,0.001,2.1363
102,-31.83,1,0,2,0.1,0.001,1.5861
103,-27.68,2,0,3,0.1,0.001,2.1074
104,-32.7,1,0,2,0.1,0.001,1.1485
105,-29.33,2,0,3,0.1,0.001,1.5575
106,-25.09,3,0,4,0.1,0.001,1.9786
107,-13.47,8,0,9,0.1,0.001,1.6143
108,-31.43,1,0,2,0.1,0.001,1.7852
109,-31.51,1,0,2,0.1,0.001,1.7464
110,-32.0,1,0,2,0.1,0.001,1.5024
111,-31.72,1,0,2,0.1,0.001,1.6384
112,-20.37,4,0,5,0.1,0.001,2.3265
113,-31.16,1,0,2,0.1,0.001,1.9197
114,-25.89,3,0,4,0.1,0.001,1.7786
115,-29.24,2,0,3,0.1,0.001,1.585
116,-27.15,2,0,3,0.1,0.001,2.2819
117,-20.73,5,0,6,0.1,0.001,1.7122
118,-27.43,3,0,4,0.1,0.001,1.3931
119,-16.76,6,0,7,0.1,0.001,1.8914
120,-32.99,1,0,2,0.1,0.001,1.0059
121,-32.83,1,0,2,0.1,0.001,1.0845
122,-5.57,8,0,9,0.1,0.001,2.4923
123,46.05,5,1,5,0.1,0.001,1.2101
124,40.39,2,1,2,0.1,0.001,1.6926
125,-27.63,2,0,3,0.1,0.001,2.1221
126,-21.17,4,0,5,0.1,0.001,2.1661
127,-28.77,2,0,3,0.1,0.001,1.7417
128,-25.22,3,0,4,0.1,0.001,1.9441
129,-30.6,1,0,2,0.1,0.001,2.2019
130,-29.09,2,0,3,0.1,0.001,1.6378
131,23.18,16,0,17,0.1,0.001,2.5398
132,-20.17,5,0,6,0.1,0.001,1.8049
133,-29.05,2,0,3,0.1,0.001,1.6498
134,-32.75,1,0,2,0.1,0.001,1.1232
135,-28.7,2,0,3,0.1,0.001,1.7659
136,-31.74,1,0,2,0.1,0.001,1.6295
137,-9.76,9,0,10,0.1,0.001,1.7244
138,-33.09,1,0,2,0.1,0.001,0.9539
139,-24.67,4,0,5,0.1,0.001,1.4658
140,-31.76,1,0,2,0.1,0.001,1.6179
141,-31.64,1,0,2,0.1,0.001,1.6821
142,-31.89,1,0,2,0.1,0.001,1.5546
143,-27.42,3,0,4,0.1,0.001,1.3944
144,-28.25,2,0,3,0.1,0.001,1.9166
145,-25.22,3,0,4,0.1,0.001,1.9442
146,-27.16,3,0,4,0.1,0.001,1.4589
147,-24.59,3,0,4,0.1,0.001,2.103
148,-29.33,2,0,3,0.1,0.001,1.5571
149,-33.15,1,0,2,0.1,0.001,0.9254
150,44.73,3,1,3,0.1,0.001,2.2419
151,-25.31,3,0,4,0.1,0.001,1.9221
152,-15.48,7,0,8,0.1,0.001,1.6904
153,-31.06,2,0,3,0.1,0.001,0.9789
154,-27.79,2,0,3,0.1,0.001,2.0685
155,-28.89,3,0,4,0.1,0.001,1.0268
156,-33.19,1,0,2,0.1,0.001,0.9041
157,-31.45,1,0,2,0.1,0.001,1.7746
158,-31.45,1,0,2,0.1,0.001,1.7735
159,-28.41,3,0,4,0.1,0.001,1.1482
160,-17.6,5,0,6,0.1,0.001,2.2342
161,-24.76,3,0,4,0.1,0.001,2.0608
162,-24.87,3,0,4,0.1,0.001,2.0314
163,-20.92,4,0,5,0.1,0.001,2.2158
164,-29.41,2,0,3,0.1,0.001,1.5301
165,-9.63,7,0,8,0.1,0.001,2.4209
166,-19.65,4,0,5,0.1,0.001,2.4696
167,-28.31,2,0,3,0.1,0.001,1.896
168,-28.56,3,0,4,0.1,0.001,1.1112
169,-33.22,1,0,2,0.1,0.001,0.8879
170,-29.37,2,0,3,0.1,0.001,1.5417
171,-19.72,6,0,7,0.1,0.001,1.4683
172,-28.36,2,0,3,0.1,0.001,1.8805
173,67.5,11,1,11,0.1,0.001,1.9549
174,-29.85,2,0,3,0.1,0.001,1.3837
175,-31.17,2,0,3,0.1,0.001,0.9443
176,-18.56,5,0,6,0.1,0.001,2.0732
177,-31.58,1,0,2,0.1,0.001,1.7116
178,-18.46,6,0,7,0.1,0.001,1.6491
179,-33.15,1,0,2,0.1,0.001,0.923
180,-25.42,3,0,4,0.1,0.001,1.8943
181,-22.88,4,0,5,0.1,0.001,1.824
182,-31.87,1,0,2,0.1,0.001,1.5674
183,-32.99,1,0,2,0.1,0.001,1.0053
184,-28.88,2,0,3,0.1,0.001,1.7066
185,-25.79,4,0,5,0.1,0.001,1.2413
186,-31.76,1,0,2,0.1,0.001,1.6189
187,-21.37,4,0,5,0.1,0.001,2.1268
188,-24.24,4,0,5,0.1,0.001,1.5523
189,-25.81,3,0,4,0.1,0.001,1.7968
190,-23.26,4,0,5,0.1,0.001,1.7485
191,-31.7,1,0,2,0.1,0.001,1.6493
192,-27.91,3,0,4,0.1,0.001,1.2734
193,-29.57,2,0,3,0.1,0.001,1.4755
194,-27.54,3,0,4,0.1,0.001,1.3661
195,-26.13,3,0,4,0.1,0.001,1.7175
196,-7.21,8,0,9,0.1,0.001,2.3098
197,-29.13,3,0,4,0.1,0.001,0.9673
198,-31.38,1,0,2,0.1,0.001,1.8099
199,-6.41,10,0,11,0.1,0.001,1.7813
200,-29.65,2,0,3,0.1,0.001,1.4488
201,-28.56,2,0,3,0.1,0.001,1.8123
202,-28.01,3,0,4,0.1,0.001,1.247
203,-31.31,2,0,3,0.1,0.001,0.8961
204,-14.91,6,0,7,0.1,0.001,2.1562
205,-31.57,1,0,2,0.1,0.001,1.7134
206,-23.01,4,0,5,0.1,0.001,1.798
207,-31.47,1,0,2,0.1,0.001,1.766
208,-31.94,1,0,2,0.1,0.001,1.529
209,-29.58,2,0,3,0.1,0.001,1.4731
210,-33.26,1,0,2,0.1,0.001,0.8702
211,-27.02,4,0,5,0.1,0.001,0.9965
212,-11.78,8,0,9,0.1,0.001,1.8027
213,-23.8,4,0,5,0.1,0.001,1.6407
214,-29.89,2,0,3,0.1,0.001,1.3714
215,-9.65,9,0,10,0.1,0.001,1.7347
216,-18.22,5,0,6,0.1,0.001,2.13
217,-21.75,4,0,5,0.1,0.001,2.0504
218,-27.61,3,0,4,0.1,0.001,1.3465
219,-33.29,1,0,2,0.1,0.001,0.8526
220,-26.56,3,0,4,0.1,0.001,1.6089
221,46.39,4,1,4,0.1,0.001,1.8483
222,-25.21,4,0,5,0.1,0.001,1.3574
223,-25.92,3,0,4,0.1,0.001,1.7693
224,-32.11,1,0,2,0.1,0.001,1.4438
225,-24.98,3,0,4,0.1,0.001,2.0041
226,-28.28,3,0,4,0.1,0.001,1.1807
227,-28.6,2,0,3,0.1,0.001,1.7993
228,-33.15,1,0,2,0.1,0.001,0.9264
229,-29.31,3,0,4,0.1,0.001,0.923
230,-26.77,3,0,4,0.1,0.001,1.5579
231,41.88,3,1,3,0.1,0.001,1.2919
232,-33.42,1,0,2,0.1,0.001,0.7901
233,-22.19,4,0,5,0.1,0.001,1.9612
234,-29.47,2,0,3,0.1,0.001,1.5096
235,-32.06,1,0,2,0.1,0.001,1.4677
236,-31.92,1,0,2,0.1,0.001,1.5419
237,-31.13,2,0,3,0.1,0.001,0.9577
238,-24.23,4,0,5,0.1,0.001,1.5538
239,-33.43,1,0,2,0.1,0.001,0.7853
240,-21.94,4,0,5,0.1,0.001,2.0115
241,-25.16,4,0,5,0.1,0.001,1.3686
242,-28.79,3,0,4,0.1,0.001,1.0531
243,-28.32,3,0,4,0.1,0.001,1.1703
244,-33.13,1,0,2,0.1,0.001,0.9374
245,-29.66,2,0,3,0.1,0.001,1.4476
246,-27.42,2,0,3,0.1,0.001,2.1919
247,-33.45,1,0,2,0.1,0.001,0.7759
248,-33.45,1,0,2,0.1,0.001,0.7741
249,-31.66,1,0,2,0.1,0.001,1.6722
250,-28.0,3,0,4,0.1,0.001,1.2506
251,-28.27,3,0,4,0.1,0.001,1.1827
252,-18.44,6,0,7,0.1,0.001,1.6514
253,-32.06,1,0,2,0.1,0.001,1.4701
254,-31.96,1,0,2,0.1,0.001,1.5181
255,-32.02,1,0,2,0.1,0.001,1.489
256,-29.75,2,0,3,0.1,0.001,1.4158
257,-30.66,2,0,3,0.1,0.001,1.1122
258,-32.12,1,0,2,0.1,0.001,1.4375
259,46.03,4,1,4,0.1,0.001,1.7583
260,-22.07,5,0,6,0.1,0.001,1.4889
261,-24.46,3,0,4,0.1,0.001,2.135
262,-9.15,8,0,9,0.1,0.001,2.0942
263,-24.84,5,0,6,0.1,0.001,1.027
264,-28.81,2,0,3,0.1,0.001,1.73
265,-29.96,2,0,3,0.1,0.001,1.3476
266,-27.47,2,0,3,0.1,0.001,2.1781
267,-23.43,4,0,5,0.1,0.001,1.7145
268,-29.21,2,0,3,0.1,0.001,1.5976
269,-32.54,1,0,2,0.1,0.001,1.2317
270,-33.38,1,0,2,0.1,0.001,0.8125
271,-25.73,3,0,4,0.1,0.001,1.8173
272,-31.93,1,0,2,0.1,0.001,1.5345
273,-11.72,7,0,8,0.1,0.001,2.1599
274,-32.25,1,0,2,0.1,0.001,1.3757
275,-24.93,3,0,4,0.1,0.001,2.0173
276,-28.93,3,0,4,0.1,0.001,1.0181
277,-23.76,4,0,5,0.1,0.001,1.6487
278,-29.21,2,0,3,0.1,0.001,1.598
279,49.02,5,1,5,0.1,0.001,1.8049
280,-33.51,1,0,2,0.1,0.001,0.7449
281,-18.21,5,0,6,0.1,0.001,2.1314
282,-27.35,4,0,5,0.1,0.001,0.9295
283,-33.37,1,0,2,0.1,0.001,0.8137
284,-20.7,5,0,6,0.1,0.001,1.717
285,-33.4,1,0,2,0.1,0.001,0.8019
286,-33.52,1,0,2,0.1,0.001,0.7399
287,-33.16,1,0,2,0.1,0.001,0.9193
288,-31.76,1,0,2,0.1,0.001,1.6225
289,-31.28,1,0,2,0.1,0.001,1.86
290,-31.95,1,0,2,0.1,0.001,1.527
291,-21.25,4,0,5,0.1,0.001,2.15
292,-30.21,2,0,3,0.1,0.001,1.2634
293,-33.53,1,0,2,0.1,0.001,0.7332
294,-28.99,3,0,4,0.1,0.001,1.0032
295,-31.6,2,0,3,0.1,0.001,0.7998
296,-22.57,5,0,6,0.1,0.001,1.4053
297,-31.67,1,0,2,0.1,0.001,1.6653
298,-30.06,2,0,3,0.1,0.001,1.3142
299,-31.88,1,0,2,0.1,0.001,1.559
300,-24.37,3,0,4,0.1,0.001,2.1582
301,-25.85,4,0,5,0.1,0.001,1.2308
302,-27.81,3,0,4,0.1,0.001,1.2971
303,-29.95,2,0,3,0.1,0.001,1.3515
304,-16.46,6,0,7,0.1,0.001,1.9341
305,-22.87,4,0,5,0.1,0.001,1.8253
306,-31.31,2,0,3,0.1,0.001,0.897
307,-12.74,8,0,9,0.1,0.001,1.696
308,-20.95,5,0,6,0.1,0.001,1.6749
309,-32.06,1,0,2,0.1,0.001,1.4677
310,-26.31,3,0,4,0.1,0.001,1.6737
311,-29.83,2,0,3,0.1,0.001,1.3888
312,-29.72,2,0,3,0.1,0.001,1.4256
313,-16.95,6,0,7,0.1,0.001,1.8643
314,-29.54,3,0,4,0.1,0.001,0.8643
315,-33.49,1,0,2,0.1,0.001,0.754
316,-26.03,3,0,4,0.1,0.001,1.7427
317,-27.5,4,0,5,0.1,0.001,0.9006
318,-31.34,2,0,3,0.1,0.001,0.8872
319,-30.19,2,0,3,0.1,0.001,1.2712
320,-28.81,3,0,4,0.1,0.001,1.0465
321,-29.27,2,0,3,0.1,0.001,1.5756
322,-31.77,1,0,2,0.1,0.001,1.6159
323,-30.18,2,0,3,0.1,0.001,1.2736
324,-18.15,5,0,6,0.1,0.001,2.1413
325,-28.29,2,0,3,0.1,0.001,1.9043
326,-21.9,5,0,6,0.1,0.001,1.5169
327,-28.52,2,0,3,0.1,0.001,1.8252
328,-21.87,5,0,6,0.1,0.001,1.5217
329,38.4,2,1,2,0.1,0.001,0.7016
330,-33.47,1,0,2,0.1,0.001,0.7646
331,-21.15,5,0,6,0.1,0.001,1.6413
332,-27.53,3,0,4,0.1,0.001,1.3665
333,-31.71,2,0,3,0.1,0.001,0.7644
334,-6.63,9,0,10,0.1,0.001,2.037
335,-23.24,4,0,5,0.1,0.001,1.7516
336,-29.5,2,0,3,0.1,0.001,1.5001
337,-16.45,7,0,8,0.1,0.001,1.569
338,-33.61,1,0,2,0.1,0.001,0.6956
339,-21.95,4,0,5,0.1,0.001,2.0107
340,-31.84,1,0,2,0.1,0.001,1.5802
341,-25.81,3,0,4,0.1,0.001,1.7964
342,-25.19,3,0,4,0.1,0.001,1.9536
343,-26.7,3,0,4,0.1,0.001,1.5738
344,-29.7,3,0,4,0.1,0.001,0.8259
345,-31.72,2,0,3,0.1,0.001,0.7588
346,41.56,3,1,3,0.1,0.001,1.1862
347,-26.25,3,0,4,0.1,0.001,1.6877
348,-27.96,2,0,3,0.1,0.001,2.0135
349,-20.38,5,0,6,0.1,0.001,1.7694
350,-30.74,2,0,3,0.1,0.001,1.088
351,-29.72,3,0,4,0.1,0.001,0.8205
352,-28.62,3,0,4,0.1,0.001,1.0939
353,-32.24,1,0,2,0.1,0.001,1.3786
354,-28.2,3,0,4,0.1,0.001,1.201
355,-30.15,2,0,3,0.1,0.001,1.2842
356,-33.64,1,0,2,0.1,0.001,0.6823
357,-15.05,8,0,9,0.1,0.001,1.4388
358,-23.27,4,0,5,0.1,0.001,1.7466
359,-31.69,1,0,2,0.1,0.001,1.6567
360,-26.49,3,0,4,0.1,0.001,1.6284
361,-28.47,2,0,3,0.1,0.001,1.8431
362,-30.22,2,0,3,0.1,0.001,1.261
363,-25.04,3,0,4,0.1,0.001,1.9899
364,-28.59,2,0,3,0.1,0.001,1.8021
365,-33.28,1,0,2,0.1,0.001,0.86
366,-29.56,3,0,4,0.1,0.001,0.8595
367,-23.81,4,0,5,0.1,0.001,1.639
368,-22.46,4,0,5,0.1,0.001,1.907
369,-31.83,1,0,2,0.1,0.001,1.5845
370,-33.42,1,0,2,0.1,0.001,0.7893
371,-31.84,1,0,2,0.1,0.001,1.5794
372,-9.79,10,0,11,0.1,0.001,1.474
373,-33.23,1,0,2,0.1,0.001,0.8846
374,-33.66,1,0,2,0.1,0.001,0.6721
375,-31.87,1,0,2,0.1,0.001,1.5629
376,-23.7,4,0,5,0.1,0.001,1.6594
377,-33.38,1,0,2,0.1,0.001,0.8117
378,-33.51,1,0,2,0.1,0.001,0.7473
379,-27.46,3,0,4,0.1,0.001,1.385
380,-22.13,4,0,5,0.1,0.001,1.9731
381,-21.15,5,0,6,0.1,0.001,1.6417
382,-30.47,2,0,3,0.1,0.001,1.1757
383,-23.39,4,0,5,0.1,0.001,1.723
384,-18.2,5,0,6,0.1,0.001,2.1327
385,-28.17,3,0,4,0.1,0.001,1.2072
386,-21.67,5,0,6,0.1,0.001,1.5547
387,-33.49,1,0,2,0.1,0.001,0.7564
388,-20.9,5,0,6,0.1,0.001,1.6836
389,-23.93,4,0,5,0.1,0.001,1.614
390,-26.71,3,0,4,0.1,0.001,1.5721
391,49.47,5,1,5,0.1,0.001,1.8943
392,-28.52,2,0,3,0.1,0.001,1.8253
393,-21.91,5,0,6,0.1,0.001,1.515
394,-30.31,2,0,3,0.1,0.001,1.2311
395,-29.8,3,0,4,0.1,0.001,0.8008
396,-22.75,4,0,5,0.1,0.001,1.8497
397,-28.58,2,0,3,0.1,0.001,1.8069
398,-16.45,6,0,7,0.1,0.001,1.9361
399,-27.4,3,0,4,0.1,0.001,1.4011
400,-32.1,1,0,2,0.1,0.001,1.4519
401,-30.07,2,0,3,0.1,0.001,1.3097
402,-26.76,3,0,4,0.1,0.001,1.5604
403,-27.71,4,0,5,0.1,0.001,0.8571
404,-24.8,3,0,4,0.1,0.001,2.0498
405,-30.22,2,0,3,0.1,0.001,1.2592
406,-32.13,1,0,2,0.1,0.001,1.4355
407,-29.82,3,0,4,0.1,0.001,0.7955
408,40.06,2,1,2,0.1,0.001,1.5295
409,-30.31,2,0,3,0.1,0.001,1.2288
410,-31.82,2,0,3,0.1,0.001,0.7256
411,1.99,12,0,13,0.1,0.001,1.9991
412,-30.22,2,0,3,0.1,0.001,1.2603
413,-30.21,2,0,3,0.1,0.001,1.264
414,-31.66,1,0,2,0.1,0.001,1.6713
415,-31.88,1,0,2,0.1,0.001,1.558
416,-30.43,2,0,3,0.1,0.001,1.189
417,-25.64,4,0,5,0.1,0.001,1.2714
418,-33.56,1,0,2,0.1,0.001,0.7198
419,-20.77,5,0,6,0.1,0.001,1.705
420,-29.18,2,0,3,0.1,0.001,1.608
421,-24.97,4,0,5,0.1,0.001,1.4058
422,-28.72,3,0,4,0.1,0.001,1.0701
423,-29.59,2,0,3,0.1,0.001,1.4685
424,-19.16,6,0,7,0.1,0.001,1.5485
425,-28.81,2,0,3,0.1,0.001,1.7303
426,-33.54,1,0,2,0.1,0.001,0.7321
427,-31.79,1,0,2,0.1,0.001,1.603
428,-19.46,5,0,6,0.1,0.001,1.9232
429,-30.01,2,0,3,0.1,0.001,1.3299
430,-31.9,1,0,2,0.1,0.001,1.5492
431,-28.81,2,0,3,0.1,0.001,1.7304
432,-32.55,1,0,2,0.1,0.001,1.2272
433,-22.53,4,0,5,0.1,0.001,1.8934
434,-12.88,7,0,8,0.1,0.001,2.0149
435,-28.45,3,0,4,0.1,0.001,1.1376
436,-32.08,1,0,2,0.1,0.001,1.4622
437,-15.29,8,0,9,0.1,0.001,1.4122
438,-33.71,1,0,2,0.1,0.001,0.6439
439,-24.37,4,0,5,0.1,0.001,1.5264
440,43.73,3,1,3,0.1,0.001,1.9103
441,-33.72,1,0,2,0.1,0.001,0.6424
442,-29.88,3,0,4,0.1,0.001,0.7793
443,-23.77,4,0,5,0.1,0.001,1.6451
444,-27.35,3,0,4,0.1,0.001,1.413
445,-24.05,4,0,5,0.1,0.001,1.5894
446,-20.08,5,0,6,0.1,0.001,1.8203
447,-16.09,6,0,7,0.1,0.001,1.9867
448,-33.4,1,0,2,0.1,0.001,0.7983
449,-32.39,1,0,2,0.1,0.001,1.3039
450,-29.63,2,0,3,0.1,0.001,1.455
451,-31.69,1,0,2,0.1,0.001,1.6532
452,-30.45,2,0,3,0.1,0.001,1.1829
453,-28.74,2,0,3,0.1,0.001,1.7523
454,-31.82,1,0,2,0.1,0.001,1.5888
455,-27.04,3,0,4,0.1,0.001,1.4904
456,-20.88,5,0,6,0.1,0.001,1.6861
457,-30.29,2,0,3,0.1,0.001,1.2362
458,-20.84,4,0,5,0.1,0.001,2.2326
459,-30.33,2,0,3,0.1,0.001,1.2238
460,-30.22,2,0,3,0.1,0.001,1.2593
461,-22.78,5,0,6,0.1,0.001,1.3707
462,-29.91,3,0,4,0.1,0.001,0.7728
463,-25.23,4,0,5,0.1,0.001,1.3535
464,-16.9,8,0,9,0.1,0.001,1.2337
465,-29.33,2,0,3,0.1,0.001,1.5566
466,-30.3,2,0,3,0.1,0.001,1.2343
467,-22.52,4,0,5,0.1,0.001,1.8961
468,-14.62,8,0,9,0.1,0.001,1.4871
469,-25.47,3,0,4,0.1,0.001,1.8833
470,-17.62,6,0,7,0.1,0.001,1.7689
471,-23.19,4,0,5,0.1,0.001,1.7618
472,-28.46,3,0,4,0.1,0.001,1.1343
473,-10.16,8,0,9,0.1,0.001,1.9823
474,-33.74,1,0,2,0.1,0.001,0.629
475,-19.71,5,0,6,0.1,0.001,1.8815
476,-28.19,3,0,4,0.1,0.001,1.2033
477,-30.55,2,0,3,0.1,0.001,1.1505
478,-29.79,2,0,3,0.1,0.001,1.404
479,-32.43,1,0,2,0.1,0.001,1.2829
480,-33.75,1,0,2,0.1,0.001,0.6261
481,-27.13,3,0,4,0.1,0.001,1.4682
482,-24.56,4,0,5,0.1,0.001,1.4873
483,-20.18,5,0,6,0.1,0.001,1.804
484,-33.56,1,0,2,0.1,0.001,0.7223
485,-15.56,6,0,7,0.1,0.001,2.0623
486,-33.75,1,0,2,0.1,0.001,0.6248
487,-26.3,3,0,4,0.1,0.001,1.6762
488,-32.23,1,0,2,0.1,0.001,1.3828
489,-30.76,2,0,3,0.1,0.001,1.0792
490,-30.22,2,0,3,0.1,0.001,1.2594
491,-33.18,1,0,2,0.1,0.001,0.9107
492,-28.67,3,0,4,0.1,0.001,1.0822
493,-33.66,1,0,2,0.1,0.001,0.6701
494,-31.9,1,0,2,0.1,0.001,1.5496
495,-29.11,2,0,3,0.1,0.001,1.6299
496,-33.76,1,0,2,0.1,0.001,0.6201
497,-25.59,4,0,5,0.1,0.001,1.2817
498,-33.18,1,0,2,0.1,0.001,0.9086
499,-30.36,2,0,3,0.1,0.001,1.2132
500,-25.95,4,0,5,0.1,0.001,1.2099
501,-19.44,5,0,6,0.1,0.001,1.9267
502,-32.44,1,0,2,0.1,0.001,1.2801
503,-24.19,4,0,5,0.1,0.001,1.5621
504,-29.97,3,0,4,0.1,0.001,0.7579
505,-33.77,1,0,2,0.1,0.001,0.6159
506,-31.94,2,0,3,0.1,0.001,0.688
507,-33.77,1,0,2,0.1,0.001,0.6143
508,-17.41,6,0,7,0.1,0.001,1.7987
509,-24.4,4,0,5,0.1,0.001,1.5196
510,-31.98,1,0,2,0.1,0.001,1.5113
511,-29.1,2,0,3,0.1,0.001,1.6335
512,-31.61,2,0,3,0.1,0.001,0.7979
513,36.56,1,1,1,0.1,0.001,0.5573
514,-16.21,6,0,7,0.1,0.001,1.9703
515,-30.45,2,0,3,0.1,0.001,1.1843
516,-31.6,2,0,3,0.1,0.001,0.7999
517,-30.19,2,0,3,0.1,0.001,1.2702
518,-27.33,3,0,4,0.1,0.001,1.4183
519,-15.81,6,0,7,0.1,0.001,2.0267
520,-31.95,2,0,3,0.1,0.001,0.6844
521,-24.73,3,0,4,0.1,0.001,2.0664
522,-31.77,1,0,2,0.1,0.001,1.6167
523,-27.38,3,0,4,0.1,0.001,1.4047
524,-32.02,1,0,2,0.1,0.001,1.4892
525,-29.09,3,0,4,0.1,0.001,0.9764
526,-29.75,2,0,3,0.1,0.001,1.4168
527,-23.57,4,0,5,0.1,0.001,1.6863
528,-30.33,2,0,3,0.1,0.001,1.2226
529,-32.39,1,0,2,0.1,0.001,1.3049
530,-29.11,2,0,3,0.1,0.001,1.6284
531,-24.72,4,0,5,0.1,0.001,1.4553
532,-30.61,2,0,3,0.1,0.001,1.1297
533,-9.93,8,0,9,0.1,0.001,2.008
534,-33.79,1,0,2,0.1,0.001,0.6073
535,-24.3,4,0,5,0.1,0.001,1.5403
536,-25.27,4,0,5,0.1,0.001,1.3465
537,-13.34,7,0,8,0.1,0.001,1.9571
538,-21.99,5,0,6,0.1,0.001,1.502
539,46.7,4,1,4,0.1,0.001,1.924
540,-20.47,5,0,6,0.1,0.001,1.7551
541,-33.65,1,0,2,0.1,0.001,0.6731
542,-33.01,1,0,2,0.1,0.001,0.9941
543,-24.73,3,0,4,0.1,0.001,2.0665
544,-29.36,3,0,4,0.1,0.001,0.9094
545,-23.68,4,0,5,0.1,0.001,1.6647
546,-31.78,1,0,2,0.1,0.001,1.6084
547,-28.67,3,0,4,0.1,0.001,1.0814
548,-29.09,2,0,3,0.1,0.001,1.6367
549,-33.79,1,0,2,0.1,0.001,0.6031
550,-25.29,4,0,5,0.1,0.001,1.3414
551,-32.19,1,0,2,0.1,0.001,1.4033
552,-26.66,3,0,4,0.1,0.001,1.584
553,-17.34,5,0,6,0.1,0.001,2.277
554,-27.99,3,0,4,0.1,0.001,1.2518
555,-33.8,1,0,2,0.1,0.001,0.6009
556,-31.85,1,0,2,0.1,0.001,1.5729
557,-31.98,2,0,3,0.1,0.001,0.6746
558,-31.65,2,0,3,0.1,0.001,0.7848
559,-27.35,3,0,4,0.1,0.001,1.4131
560,-25.93,3,0,4,0.1,0.001,1.7667
561,-30.03,3,0,4,0.1,0.001,0.7428
562,-29.4,2,0,3,0.1,0.001,1.5341
563,-13.65,7,0,8,0.1,0.001,1.9192
564,-33.69,1,0,2,0.1,0.001,0.6567
565,-32.58,1,0,2,0.1,0.001,1.2096
566,-26.76,3,0,4,0.1,0.001,1.5603
567,-33.37,1,0,2,0.1,0.001,0.8156
568,-26.08,3,0,4,0.1,0.001,1.729
569,-25.16,4,0,5,0.1,0.001,1.3682
570,-30.44,2,0,3,0.1,0.001,1.1879
571,-33.67,1,0,2,0.1,0.001,0.6642
572,-33.68,1,0,2,0.1,0.001,0.6622
573,-26.09,4,0,5,0.1,0.001,1.1819
574,-30.55,2,0,3,0.1,0.001,1.1492
575,-30.47,2,0,3,0.1,0.001,1.1757
576,-18.3,6,0,7,0.1,0.001,1.6712
577,-10.8,9,0,10,0.1,0.001,1.6196
578,-32.08,1,0,2,0.1,0.001,1.4597
579,-25.48,4,0,5,0.1,0.001,1.3032
580,-27.69,3,0,4,0.1,0.001,1.3281
581,-28.84,3,0,4,0.1,0.001,1.0393
582,-32.35,1,0,2,0.1,0.001,1.3265
583,-26.13,3,0,4,0.1,0.001,1.7167
584,-25.06,4,0,5,0.1,0.001,1.3876
585,-22.97,4,0,5,0.1,0.001,1.806
586,-7.03,10,0,11,0.1,0.001,1.7243
587,-30.93,2,0,3,0.1,0.001,1.0224
588,53.05,7,1,7,0.1,0.001,1.5788
589,-25.21,4,0,5,0.1,0.001,1.3581
590,-32.5,1,0,2,0.1,0.001,1.2495
591,-28.84,3,0,4,0.1,0.001,1.0395
592,-18.18,5,0,6,0.1,0.001,2.1369
593,-27.57,3,0,4,0.1,0.001,1.3587
594,-25.19,4,0,5,0.1,0.001,1.3625
595,38.18,2,1,2,0.1,0.001,0.5875
596,-21.96,5,0,6,0.1,0.001,1.5062
597,-26.61,4,0,5,0.1,0.001,1.0775
598,-32.42,1,0,2,0.1,0.001,1.2907
599,-30.85,2,0,3,0.1,0.001,1.0504
600,-27.02,3,0,4,0.1,0.001,1.4938
601,-25.32,4,0,5,0.1,0.001,1.3354
602,-33.35,1,0,2,0.1,0.001,0.8255
603,-27.79,3,0,4,0.1,0.001,1.3031
604,-33.69,1,0,2,0.1,0.001,0.653
605,-32.02,2,0,3,0.1,0.001,0.6589
606,-33.83,1,0,2,0.1,0.001,0.5832
607,-28.7,2,0,3,0.1,0.001,1.767
608,-33.7,1,0,2,0.1,0.001,0.6514
609,-24.81,4,0,5,0.1,0.001,1.4371
610,-33.84,1,0,2,0.1,0.001,0.5818
611,-18.38,6,0,7,0.1,0.001,1.6601
612,-11.89,8,0,9,0.1,0.001,1.7903
613,-33.52,1,0,2,0.1,0.001,0.7393
614,-32.7,1,0,2,0.1,0.001,1.1511
615,-32.44,1,0,2,0.1,0.001,1.2789
616,-26.84,3,0,4,0.1,0.001,1.5394
617,-22.71,4,0,5,0.1,0.001,1.8576
618,-31.87,1,0,2,0.1,0.001,1.5668
619,54.68,7,1,7,0.1,0.001,1.8114
620,-31.89,1,0,2,0.1,0.001,1.5541
621,-28.68,3,0,4,0.1,0.001,1.0797
622,-30.15,2,0,3,0.1,0.001,1.2823
623,-21.7,5,0,6,0.1,0.001,1.5497
624,-23.22,5,0,6,0.1,0.001,1.296
625,-27.68,4,0,5,0.1,0.001,0.8649
626,-30.65,2,0,3,0.1,0.001,1.1166
627,-32.04,2,0,3,0.1,0.001,0.6519
628,-29.54,3,0,4,0.1,0.001,0.8658
629,-32.05,2,0,3,0.1,0.001,0.6508
630,-32.05,1,0,2,0.1,0.001,1.4769
631,-32.31,1,0,2,0.1,0.001,1.3462
632,-28.97,2,0,3,0.1,0.001,1.6771
633,-31.7,2,0,3,0.1,0.001,0.7671
634,-29.9,2,0,3,0.1,0.001,1.3667
635,-33.27,1,0,2,0.1,0.001,0.8638
636,-31.07,2,0,3,0.1,0.001,0.9772
637,-25.38,4,0,5,0.1,0.001,1.3238
638,-31.0,2,0,3,0.1,0.001,0.9994
639,-11.58,8,0,9,0.1,0.001,1.8243
640,-29.35,3,0,4,0.1,0.001,0.9128
641,-27.67,3,0,4,0.1,0.001,1.3314
642,-28.58,3,0,4,0.1,0.001,1.1054
643,-30.08,3,0,4,0.1,0.001,0.73
644,-26.97,3,0,4,0.1,0.001,1.5073
645,-32.53,1,0,2,0.1,0.001,1.2339
646,-24.84,5,0,6,0.1,0.001,1.0271
647,-15.36,9,0,10,0.1,0.001,1.164
648,-30.61,2,0,3,0.1,0.001,1.1308
649,-32.36,1,0,2,0.1,0.001,1.318
650,-24.06,4,0,5,0.1,0.001,1.5883
651,-24.26,4,0,5,0.1,0.001,1.5472
652,-26.37,4,0,5,0.1,0.001,1.1252
653,-30.6,2,0,3,0.1,0.001,1.132
654,-31.84,1,0,2,0.1,0.001,1.5788
655,-19.79,6,0,7,0.1,0.001,1.4589
656,-21.63,5,0,6,0.1,0.001,1.5623
657,-27.53,3,0,4,0.1,0.001,1.3687
658,45.24,4,1,4,0.1,0.001,1.5591
659,-28.71,3,0,4,0.1,0.001,1.0716
660,-31.73,2,0,3,0.1,0.001,0.7566
661,-25.82,3,0,4,0.1,0.001,1.7944
662,-33.87,1,0,2,0.1,0.001,0.5651
663,-27.57,3,0,4,0.1,0.001,1.3567
664,-33.43,1,0,2,0.1,0.001,0.7845
665,-32.45,1,0,2,0.1,0.001,1.274
666,-29.05,2,0,3,0.1,0.001,1.6497
667,-32.53,1,0,2,0.1,0.001,1.2336
668,-29.51,3,0,4,0.1,0.001,0.8736
669,-19.46,7,0,8,0.1,0.001,1.1925
670,-27.3,3,0,4,0.1,0.001,1.4255
671,-23.46,6,0,7,0.1,0.001,0.9347
672,-20.75,5,0,6,0.1,0.001,1.7086
673,-33.74,1,0,2,0.1,0.001,0.6304
674,-29.2,2,0,3,0.1,0.001,1.5993
675,-27.59,3,0,4,0.1,0.001,1.3535
676,-24.17,4,0,5,0.1,0.001,1.5657
677,-23.57,4,0,5,0.1,0.001,1.687
678,48.39,5,1,5,0.1,0.001,1.6781
679,-11.73,8,0,9,0.1,0.001,1.808
680,-33.47,1,0,2,0.1,0.001,0.7656
681,-23.39,4,0,5,0.1,0.001,1.7225
682,-32.38,1,0,2,0.1,0.001,1.3097
683,-31.92,1,0,2,0.1,0.001,1.5394
684,-27.13,3,0,4,0.1,0.001,1.4666
685,-27.51,4,0,5,0.1,0.001,0.8976
686,-32.7,1,0,2,0.1,0.001,1.1476
687,-32.39,1,0,2,0.1,0.001,1.3029
688,-24.92,4,0,5,0.1,0.001,1.4151
689,52.69,7,1,7,0.1,0.001,1.5275
690,-28.77,3,0,4,0.1,0.001,1.0585
691,-29.32,2,0,3,0.1,0.001,1.5592
692,-22.69,4,0,5,0.1,0.001,1.8624
693,-30.18,3,0,4,0.1,0.001,0.7049
694,-32.55,1,0,2,0.1,0.001,1.2239
695,-32.37,1,0,2,0.1,0.001,1.3138
696,-27.72,2,0,3,0.1,0.001,2.0923
697,-25.68,4,0,5,0.1,0.001,1.2639
698,-29.09,2,0,3,0.1,0.001,1.6371
699,-16.85,6,0,7,0.1,0.001,1.8786
700,-32.56,1,0,2,0.1,0.001,1.2199
701,-24.92,4,0,5,0.1,0.001,1.4159
702,-32.8,1,0,2,0.1,0.001,1.0993
703,-23.85,4,0,5,0.1,0.001,1.6296
704,-25.89,5,0,6,0.1,0.001,0.851
705,-32.04,1,0,2,0.1,0.001,1.4779
706,-29.47,2,0,3,0.1,0.001,1.5111
707,-9.27,10,0,11,0.1,0.001,1.5214
708,-27.7,3,0,4,0.1,0.001,1.3247
709,-28.04,3,0,4,0.1,0.001,1.2395
710,-30.15,3,0,4,0.1,0.001,0.7129
711,-21.48,5,0,6,0.1,0.001,1.5863
712,-27.27,4,0,5,0.1,0.001,0.9469
713,-26.35,4,0,5,0.1,0.001,1.1308
714,-29.67,2,0,3,0.1,0.001,1.4418
715,-29.1,2,0,3,0.1,0.001,1.6333
716,-25.66,4,0,5,0.1,0.001,1.2677
717,-30.46,2,0,3,0.1,0.001,1.1802
718,-27.19,3,0,4,0.1,0.001,1.4525
719,-33.9,1,0,2,0.1,0.001,0.5514
720,-15.14,9,0,10,0.1,0.001,1.186
721,-33.69,1,0,2,0.1,0.001,0.6534
722,-31.05,2,0,3,0.1,0.001,0.9828
723,-22.68,4,0,5,0.1,0.001,1.8649
724,-33.52,1,0,2,0.1,0.001,0.7394
725,40.23,2,1,2,0.1,0.001,1.6157
726,-24.51,4,0,5,0.1,0.001,1.4981
727,-25.46,3,0,4,0.1,0.001,1.8854
728,-18.71,7,0,8,0.1,0.001,1.2861
729,-31.15,2,0,3,0.1,0.001,0.9485
730,-30.99,2,0,3,0.1,0.001,1.0035
731,-30.99,2,0,3,0.1,0.001,1.0047
732,-31.76,2,0,3,0.1,0.001,0.7455
733,-26.67,3,0,4,0.1,0.001,1.5815
734,-25.07,3,0,4,0.1,0.001,1.9827
735,43.91,4,1,4,0.1,0.001,1.2286
736,-29.39,2,0,3,0.1,0.001,1.538
737,-28.74,2,0,3,0.1,0.001,1.7534
738,-33.91,1,0,2,0.1,0.001,0.5473
739,-20.1,5,0,6,0.1,0.001,1.8159
740,-31.47,1,0,2,0.1,0.001,1.7657
741,-20.89,6,0,7,0.1,0.001,1.3017
742,-27.37,3,0,4,0.1,0.001,1.4081
743,-33.91,1,0,2,0.1,0.001,0.5464
744,-14.97,8,0,9,0.1,0.001,1.4477
745,-33.91,1,0,2,0.1,0.001,0.5457
746,-28.99,3,0,4,0.1,0.001,1.0014
747,-30.19,3,0,4,0.1,0.001,0.7031
748,-29.3,3,0,4,0.1,0.001,0.9254
749,-24.85,4,0,5,0.1,0.001,1.4297
750,-30.64,2,0,3,0.1,0.001,1.1216
751,-32.15,2,0,3,0.1,0.001,0.6157
752,-30.45,2,0,3,0.1,0.001,1.1835
753,-27.92,3,0,4,0.1,0.001,1.2694
754,-33.57,1,0,2,0.1,0.001,0.7128
755,-33.92,1,0,2,0.1,0.001,0.5423
756,-32.6,1,0,2,0.1,0.001,1.202
757,-25.51,4,0,5,0.1,0.001,1.298
758,-29.91,2,0,3,0.1,0.001,1.3622
759,-24.67,3,0,4,0.1,0.001,2.0822
760,-20.21,6,0,7,0.1,0.001,1.3988
761,-8.19,10,0,11,0.1,0.001,1.6193
762,-33.92,1,0,2,0.1,0.001,0.5418
763,-32.43,1,0,2,0.1,0.001,1.286
764,-24.05,4,0,5,0.1,0.001,1.5906
765,-26.83,4,0,5,0.1,0.001,1.0339
766,-24.67,4,0,5,0.1,0.001,1.4654
767,36.49,1,1,1,0.1,0.001,0.487
768,-33.73,1,0,2,0.1,0.001,0.6352
769,-9.89,10,0,11,0.1,0.001,1.4645
770,-33.92,1,0,2,0.1,0.001,0.5394
771,-17.74,6,0,7,0.1,0.001,1.7513
772,-32.42,1,0,2,0.1,0.001,1.2902
773,-5.31,10,0,11,0.1,0.001,1.8807
774,-29.88,2,0,3,0.1,0.001,1.3735
775,-21.62,5,0,6,0.1,0.001,1.5631
776,-32.17,2,0,3,0.1,0.001,0.6112
777,-29.22,2,0,3,0.1,0.001,1.5933
778,-30.4,2,0,3,0.1,0.001,1.1999
779,-23.42,4,0,5,0.1,0.001,1.7168
780,-28.88,2,0,3,0.1,0.001,1.7052
781,-32.25,1,0,2,0.1,0.001,1.3761
782,-33.52,1,0,2,0.1,0.001,0.7408
783,-21.63,6,0,7,0.1,0.001,1.1962
784,-31.8,2,0,3,0.1,0.001,0.7333
785,-25.64,4,0,5,0.1,0.001,1.2712
786,-26.6,3,0,4,0.1,0.001,1.5989
787,-30.57,2,0,3,0.1,0.001,1.1446
788,-30.63,2,0,3,0.1,0.001,1.1222
789,-23.18,4,0,5,0.1,0.001,1.7649
790,-29.54,2,0,3,0.1,0.001,1.4854
791,-23.24,4,0,5,0.1,0.001,1.7516
792,58.08,8,1,8,0.1,0.001,1.8846
793,-32.23,1,0,2,0.1,0.001,1.385
794,-31.43,2,0,3,0.1,0.001,0.8553
795,-17.9,6,0,7,0.1,0.001,1.7279
796,-26.9,3,0,4,0.1,0.001,1.5257
797,-29.71,2,0,3,0.1,0.001,1.4298
798,-33.93,1,0,2,0.1,0.001,0.5357
799,-16.24,8,0,9,0.1,0.001,1.3062
800,-30.76,2,0,3,0.1,0.001,1.0797
801,-26.86,3,0,4,0.1,0.001,1.5338
802,-33.6,1,0,2,0.1,0.001,0.701
803,-29.51,2,0,3,0.1,0.001,1.4965
804,-30.64,2,0,3,0.1,0.001,1.1207
805,-27.4,4,0,5,0.1,0.001,0.9201
806,36.48,1,1,1,0.1,0.001,0.4802
807,-26.61,3,0,4,0.1,0.001,1.5971
808,-24.44,4,0,5,0.1,0.001,1.5115
809,-32.58,1,0,2,0.1,0.001,1.2078
810,-28.67,3,0,4,0.1,0.001,1.0818
811,-30.03,2,0,3,0.1,0.001,1.3221
812,-32.62,1,0,2,0.1,0.001,1.1903
813,-22.05,6,0,7,0.1,0.001,1.1356
814,-27.45,4,0,5,0.1,0.001,0.9107
815,-32.59,1,0,2,0.1,0.001,1.2027
816,38.07,2,1,2,0.1,0.001,0.5334
817,-28.67,3,0,4,0.1,0.001,1.0833
818,-33.35,1,0,2,0.1,0.001,0.8267
819,-32.45,1,0,2,0.1,0.001,1.2731
820,-33.94,1,0,2,0.1,0.001,0.5323
821,50.38,6,1,6,0.1,0.001,1.5633
822,-32.43,1,0,2,0.1,0.001,1.2828
823,-24.74,5,0,6,0.1,0.001,1.043
824,-28.85,2,0,3,0.1,0.001,1.7171
825,-32.34,1,0,2,0.1,0.001,1.33
826,-32.08,1,0,2,0.1,0.001,1.4603
827,-24.63,4,0,5,0.1,0.001,1.4731
828,-25.27,4,0,5,0.1,0.001,1.3451
829,-32.18,2,0,3,0.1,0.001,0.608
830,-25.26,4,0,5,0.1,0.001,1.3479
831,-28.79,2,0,3,0.1,0.001,1.7358
832,-29.58,3,0,4,0.1,0.001,0.8546
833,-18.41,6,0,7,0.1,0.001,1.6558
834,-23.24,5,0,6,0.1,0.001,1.293
835,-30.77,2,0,3,0.1,0.001,1.0752
836,-27.43,3,0,4,0.1,0.001,1.3921
837,-32.68,1,0,2,0.1,0.001,1.1624
838,-28.03,3,0,4,0.1,0.001,1.2424
839,-32.81,1,0,2,0.1,0.001,1.0957
840,-31.72,2,0,3,0.1,0.001,0.7603
841,-33.63,1,0,2,0.1,0.001,0.6826
842,-24.45,4,0,5,0.1,0.001,1.5095
843,-32.29,1,0,2,0.1,0.001,1.3547
844,-29.72,3,0,4,0.1,0.001,0.8189
845,-25.56,4,0,5,0.1,0.001,1.2878
846,-12.57,8,0,9,0.1,0.001,1.7139
847,-23.11,6,0,7,0.1,0.001,0.9848
848,-32.56,1,0,2,0.1,0.001,1.2218
849,-17.61,8,0,9,0.1,0.001,1.1548
850,-32.34,1,0,2,0.1,0.001,1.3281
851,-30.32,3,0,4,0.1,0.001,0.6705
852,-32.59,1,0,2,0.1,0.001,1.2057
853,-26.1,3,0,4,0.1,0.001,1.726
854,-14.73,7,0,8,0.1,0.001,1.7835
855,-17.4,6,0,7,0.1,0.001,1.8006
856,-25.78,3,0,4,0.1,0.001,1.8057
857,-19.86,5,0,6,0.1,0.001,1.8561
858,-30.44,2,0,3,0.1,0.001,1.1868
859,38.05,2,1,2,0.1,0.001,0.5257
860,-27.75,3,0,4,0.1,0.001,1.3115
861,-28.14,3,0,4,0.1,0.001,1.2153
862,-19.84,5,0,6,0.1,0.001,1.8597
863,-33.8,1,0,2,0.1,0.001,0.6021
864,-29.94,2,0,3,0.1,0.001,1.3528
865,-33.8,1,0,2,0.1,0.001,0.6016
866,-27.82,3,0,4,0.1,0.001,1.296
867,-21.02,5,0,6,0.1,0.001,1.6639
868,-33.77,1,0,2,0.1,0.001,0.615
869,-25.34,4,0,5,0.1,0.001,1.332
870,-25.09,4,0,5,0.1,0.001,1.3819
871,-17.2,7,0,8,0.1,0.001,1.4745
872,-18.54,6,0,7,0.1,0.001,1.6374
873,-28.03,3,0,4,0.1,0.001,1.2424
874,-30.62,2,0,3,0.1,0.001,1.1256
875,-19.73,6,0,7,0.1,0.001,1.467
876,-32.44,1,0,2,0.1,0.001,1.2797
877,-32.69,1,0,2,0.1,0.001,1.1546
878,-30.73,2,0,3,0.1,0.001,1.0885
879,-28.78,2,0,3,0.1,0.001,1.7394
880,-28.93,2,0,3,0.1,0.001,1.6893
881,-32.36,1,0,2,0.1,0.001,1.3206
882,-27.9,4,0,5,0.1,0.001,0.8199
883,-22.29,4,0,5,0.1,0.001,1.9421
884,-14.71,7,0,8,0.1,0.001,1.7865
885,-32.19,1,0,2,0.1,0.001,1.4073
886,-27.8,3,0,4,0.1,0.001,1.3005
887,-23.7,4,0,5,0.1,0.001,1.6603
888,-27.34,3,0,4,0.1,0.001,1.4139
889,-32.25,1,0,2,0.1,0.001,1.3765
890,-30.65,2,0,3,0.1,0.001,1.1167
891,-20.52,5,0,6,0.1,0.001,1.7467
892,-8.0,11,0,12,0.1,0.001,1.4164
893,-30.12,2,0,3,0.1,0.001,1.293
894,-21.22,5,0,6,0.1,0.001,1.6295
895,-32.63,1,0,2,0.1,0.001,1.1846
896,-32.32,1,0,2,0.1,0.001,1.3421
897,-27.73,4,0,5,0.1,0.001,0.8536
898,-32.38,1,0,2,0.1,0.001,1.3096
899,-29.76,3,0,4,0.1,0.001,0.809
900,-22.56,5,0,6,0.1,0.001,1.4062
901,-30.44,2,0,3,0.1,0.001,1.1881
902,-30.47,2,0,3,0.1,0.001,1.1752
903,-31.01,2,0,3,0.1,0.001,0.9978
904,-18.55,6,0,7,0.1,0.001,1.6352
905,-23.68,5,0,6,0.1,0.001,1.2199
906,-20.73,5,0,6,0.1,0.001,1.7117
907,-32.23,2,0,3,0.1,0.001,0.5916
908,-32.57,1,0,2,0.1,0.001,1.2168
909,-32.61,1,0,2,0.1,0.001,1.1967
910,36.46,1,1,1,0.1,0.001,0.4622
911,-32.59,1,0,2,0.1,0.001,1.2033
912,-23.84,4,0,5,0.1,0.001,1.6326
913,-28.21,3,0,4,0.1,0.001,1.1981
914,-31.49,2,0,3,0.1,0.001,0.8357
915,-32.55,1,0,2,0.1,0.001,1.226
916,-32.28,1,0,2,0.1,0.001,1.36
917,-27.21,3,0,4,0.1,0.001,1.4486
918,-33.97,1,0,2,0.1,0.001,0.5167
919,-30.69,2,0,3,0.1,0.001,1.1031
920,-32.23,2,0,3,0.1,0.001,0.5892
921,-29.78,3,0,4,0.1,0.001,0.8054
922,-32.39,1,0,2,0.1,0.001,1.3026
923,-32.62,1,0,2,0.1,0.001,1.1892
924,-30.63,2,0,3,0.1,0.001,1.1219
925,-23.47,4,0,5,0.1,0.001,1.7066
926,-29.71,2,0,3,0.1,0.001,1.4291
927,46.02,4,1,4,0.1,0.001,1.7558
928,-23.45,5,0,6,0.1,0.001,1.2587
929,-28.41,4,0,5,0.1,0.001,0.7175
930,-33.43,1,0,2,0.1,0.001,0.7826
931,-31.86,1,0,2,0.1,0.001,1.5702
932,-29.58,2,0,3,0.1,0.001,1.4734
933,-29.38,2,0,3,0.1,0.001,1.539
934,-32.65,1,0,2,0.1,0.001,1.1734
935,-30.9,2,0,3,0.1,0.001,1.0329
936,-29.38,2,0,3,0.1,0.001,1.5412
937,-32.23,2,0,3,0.1,0.001,0.5905
938,-32.45,1,0,2,0.1,0.001,1.2728
939,-32.45,1,0,2,0.1,0.001,1.2732
940,-32.41,1,0,2,0.1,0.001,1.2932
941,-27.85,3,0,4,0.1,0.001,1.2874
942,-30.79,2,0,3,0.1,0.001,1.0714
943,-24.3,4,0,5,0.1,0.001,1.539
944,-25.49,3,0,4,0.1,0.001,1.8767
945,-31.16,2,0,3,0.1,0.001,0.9451
946,-23.58,4,0,5,0.1,0.001,1.6833
947,-24.73,4,0,5,0.1,0.001,1.4544
948,-32.5,1,0,2,0.1,0.001,1.2491
949,-21.12,5,0,6,0.1,0.001,1.6464
950,-32.47,1,0,2,0.1,0.001,1.2673
951,-6.71,10,0,11,0.1,0.001,1.7536
952,-19.48,6,0,7,0.1,0.001,1.5032
953,53.8,7,1,7,0.1,0.001,1.6859
954,-25.93,4,0,5,0.1,0.001,1.2141
955,-27.55,4,0,5,0.1,0.001,0.8894
956,-32.83,1,0,2,0.1,0.001,1.0833
957,-30.75,2,0,3,0.1,0.001,1.0818
958,-30.19,3,0,4,0.1,0.001,0.7031
959,-25.56,4,0,5,0.1,0.001,1.2876
960,-33.72,1,0,2,0.1,0.001,0.6378
961,-30.64,2,0,3,0.1,0.001,1.1214
962,-11.85,9,0,10,0.1,0.001,1.5148
963,-29.8,2,0,3,0.1,0.001,1.4014
964,-32.34,1,0,2,0.1,0.001,1.3287
965,-32.25,2,0,3,0.1,0.001,0.5828
966,-27.65,3,0,4,0.1,0.001,1.3369
967,-14.55,9,0,10,0.1,0.001,1.2454
968,-19.43,7,0,8,0.1,0.001,1.1965
969,-29.57,2,0,3,0.1,0.001,1.4782
970,-32.61,1,0,2,0.1,0.001,1.1972
971,-31.9,2,0,3,0.1,0.001,0.7011
972,-31.1,2,0,3,0.1,0.001,0.9653
973,-33.98,1,0,2,0.1,0.001,0.5076
974,-21.0,5,0,6,0.1,0.001,1.6672
975,-32.26,2,0,3,0.1,0.001,0.5803
976,-32.39,1,0,2,0.1,0.001,1.3025
977,-25.87,4,0,5,0.1,0.001,1.2259
978,-23.9,4,0,5,0.1,0.001,1.6193
979,-30.69,2,0,3,0.1,0.001,1.1047
980,-29.14,3,0,4,0.1,0.001,0.965
981,-24.66,4,0,5,0.1,0.001,1.4679
982,-27.52,3,0,4,0.1,0.001,1.3708
983,-27.41,3,0,4,0.1,0.001,1.3984
984,-23.12,4,0,5,0.1,0.001,1.7752
985,-17.44,8,0,9,0.1,0.001,1.1732
986,-28.84,2,0,3,0.1,0.001,1.72
987,-26.81,3,0,4,0.1,0.001,1.5474
988,-33.99,1,0,2,0.1,0.001,0.5049
989,-28.36,3,0,4,0.1,0.001,1.1604
990,-27.77,3,0,4,0.1,0.001,1.3083
991,-29.78,2,0,3,0.1,0.001,1.406
992,-15.5,7,0,8,0.1,0.001,1.687
993,-32.73,1,0,2,0.1,0.001,1.1356
994,-22.14,4,0,5,0.1,0.001,1.9716
995,-29.59,2,0,3,0.1,0.001,1.4702
996,-26.38,4,0,5,0.1,0.001,1.1237
997,-23.84,5,0,6,0.1,0.001,1.194
998,-30.82,2,0,3,0.1,0.001,1.0612
999,-21.92,5,0,6,0.1,0.001,1.5133
1000,-22.35,6,0,7,0.1,0.001,1.0928
1001,-29.36,3,0,4,0.1,0.001,0.9101
1002,-20.33,7,0,8,0.1,0.001,1.0836
1003,-24.51,4,0,5,0.1,0.001,1.4976
1004,-34.0,1,0,2,0.1,0.001,0.5023
1005,-15.02,7,0,8,0.1,0.001,1.7481
1006,-25.59,4,0,5,0.1,0.001,1.2824
1007,-31.01,2,0,3,0.1,0.001,0.9982
1008,-29.73,2,0,3,0.1,0.001,1.4223
1009,-30.53,2,0,3,0.1,0.001,1.1579
1010,-31.22,2,0,3,0.1,0.001,0.926
1011,-20.42,5,0,6,0.1,0.001,1.7631
1012,-25.14,4,0,5,0.1,0.001,1.3724
1013,-30.72,2,0,3,0.1,0.001,1.0939
1014,-29.12,2,0,3,0.1,0.001,1.6273
1015,-31.0,2,0,3,0.1,0.001,1.0004
1016,-32.32,1,0,2,0.1,0.001,1.3399
1017,-29.8,2,0,3,0.1,0.001,1.3998
1018,-17.6,6,0,7,0.1,0.001,1.7716
1019,-28.89,2,0,3,0.1,0.001,1.7048
1020,-23.54,4,0,5,0.1,0.001,1.6916
1021,-28.11,3,0,4,0.1,0.001,1.2222
1022,-31.14,2,0,3,0.1,0.001,0.9536
1023,-32.61,1,0,2,0.1,0.001,1.197
1024,-32.83,1,0,2,0.1,0.001,1.0866
1025,-26.72,3,0,4,0.1,0.001,1.5709
1026,-25.2,4,0,5,0.1,0.001,1.3597
1027,-30.71,2,0,3,0.1,0.001,1.0952
1028,-15.35,7,0,8,0.1,0.001,1.7064
1029,-31.13,2,0,3,0.1,0.001,0.9554
1030,-24.18,4,0,5,0.1,0.001,1.5642
1031,-32.83,1,0,2,0.1,0.001,1.0828
1032,-15.27,9,0,10,0.1,0.001,1.173
1033,-27.43,3,0,4,0.1,0.001,1.3932
1034,-30.65,2,0,3,0.1,0.001,1.1152
1035,-27.38,3,0,4,0.1,0.001,1.4055
1036,-28.87,3,0,4,0.1,0.001,1.0318
1037,-24.5,4,0,5,0.1,0.001,1.4997
1038,-29.98,2,0,3,0.1,0.001,1.3394
1039,-23.07,4,0,5,0.1,0.001,1.7856
1040,-25.45,4,0,5,0.1,0.001,1.3097
1041,-31.93,2,0,3,0.1,0.001,0.6912
1042,-32.68,1,0,2,0.1,0.001,1.1587
1043,-34.0,1,0,2,0.1,0.001,0.4981
1044,-20.8,5,0,6,0.1,0.001,1.6994
1045,-31.37,2,0,3,0.1,0.001,0.8778
1046,-27.73,3,0,4,0.1,0.001,1.3169
1047,-27.07,3,0,4,0.1,0.001,1.4829
1048,48.76,5,1,5,0.1,0.001,1.752
1049,-22.82,4,0,5,0.1,0.001,1.8356
1050,-26.56,3,0,4,0.1,0.001,1.6106
1051,-32.63,1,0,2,0.1,0.001,1.1828
1052,-33.16,1,0,2,0.1,0.001,0.9193
1053,-34.01,1,0,2,0.1,0.001,0.4969
1054,-22.58,5,0,6,0.1,0.001,1.4034
1055,-32.85,1,0,2,0.1,0.001,1.0756
1056,-22.66,6,0,7,0.1,0.001,1.0479
1057,-31.16,2,0,3,0.1,0.001,0.9453
1058,-29.32,3,0,4,0.1,0.001,0.9196
1059,-22.85,6,0,7,0.1,0.001,1.0216
1060,-27.09,3,0,4,0.1,0.001,1.4771
1061,-32.78,1,0,2,0.1,0.001,1.111
1062,-21.13,5,0,6,0.1,0.001,1.6451
1063,-28.84,3,0,4,0.1,0.001,1.0405
1064,-32.68,1,0,2,0.1,0.001,1.16
1065,-27.68,4,0,5,0.1,0.001,0.8649
1066,-32.32,1,0,2,0.1,0.001,1.3414
1067,-31.2,2,0,3,0.1,0.001,0.9339
1068,-28.97,2,0,3,0.1,0.001,1.6776
1069,-32.74,1,0,2,0.1,0.001,1.13
1070,-32.4,1,0,2,0.1,0.001,1.302
1071,-24.02,4,0,5,0.1,0.001,1.5952
1072,-22.27,5,0,6,0.1,0.001,1.4552
1073,-29.24,3,0,4,0.1,0.001,0.9403
1074,-32.29,1,0,2,0.1,0.001,1.357
1075,-27.31,3,0,4,0.1,0.001,1.4224
1076,-28.93,3,0,4,0.1,0.001,1.0186
1077,-32.76,1,0,2,0.1,0.001,1.1198
1078,-32.71,1,0,2,0.1,0.001,1.1466
1079,-32.59,1,0,2,0.1,0.001,1.2035
1080,-33.62,1,0,2,0.1,0.001,0.6898
1081,-7.11,11,0,12,0.1,0.001,1.4908
1082,-28.89,3,0,4,0.1,0.001,1.0271
1083,-17.58,8,0,9,0.1,0.001,1.1581
1084,-18.65,6,0,7,0.1,0.001,1.6211
1085,-25.38,5,0,6,0.1,0.001,0.9364
1086,-27.84,3,0,4,0.1,0.001,1.2908
1087,-21.93,5,0,6,0.1,0.001,1.5109
1088,-27.03,3,0,4,0.1,0.001,1.4923
1089,-30.45,3,0,4,0.1,0.001,0.6367
1090,-13.12,8,0,9,0.1,0.001,1.6529
1091,-30.82,2,0,3,0.1,0.001,1.0611
1092,-29.64,3,0,4,0.1,0.001,0.8393
1093,-32.38,1,0,2,0.1,0.001,1.3117
1094,-32.83,1,0,2,0.1,0.001,1.0863
1095,-32.54,1,0,2,0.1,0.001,1.232
1096,-26.54,4,0,5,0.1,0.001,1.0923
1097,-32.41,1,0,2,0.1,0.001,1.293
1098,-22.93,4,0,5,0.1,0.001,1.813
1099,-23.87,4,0,5,0.1,0.001,1.6258
1100,-26.06,4,0,5,0.1,0.001,1.1878
1101,-31.15,2,0,3,0.1,0.001,0.9501
1102,-32.73,1,0,2,0.1,0.001,1.1344
1103,-30.98,2,0,3,0.1,0.001,1.0072
1104,-32.31,2,0,3,0.1,0.001,0.5627
1105,-32.31,2,0,3,0.1,0.001,0.5622
1106,43.77,5,1,5,0.1,0.001,0.7533
1107,-16.52,6,0,7,0.1,0.001,1.9251
1108,-28.7,3,0,4,0.1,0.001,1.0752
1109,-28.02,3,0,4,0.1,0.001,1.2457
1110,-29.72,2,0,3,0.1,0.001,1.4251
1111,-27.81,3,0,4,0.1,0.001,1.2986
1112,-27.24,3,0,4,0.1,0.001,1.44
1113,-32.63,1,0,2,0.1,0.001,1.1861
1114,-24.65,4,0,5,0.1,0.001,1.4694
1115,-23.05,6,0,7,0.1,0.001,0.9932
1116,-28.11,3,0,4,0.1,0.001,1.2231
1117,-19.35,6,0,7,0.1,0.001,1.5209
1118,-22.55,5,0,6,0.1,0.001,1.4088
1119,-32.24,1,0,2,0.1,0.001,1.3821
1120,-28.93,2,0,3,0.1,0.001,1.6905
1121,-29.76,3,0,4,0.1,0.001,0.8096
1122,-25.41,3,0,4,0.1,0.001,1.8964
1123,-32.32,2,0,3,0.1,0.001,0.5587
1124,-29.75,3,0,4,0.1,0.001,0.8137
1125,44.81,4,1,4,0.1,0.001,1.4524
1126,-30.44,2,0,3,0.1,0.001,1.1879
1127,-29.37,2,0,3,0.1,0.001,1.5445
1128,-18.5,6,0,7,0.1,0.001,1.6429
1129,-32.76,1,0,2,0.1,0.001,1.1194
1130,44.31,4,1,4,0.1,0.001,1.3272
1131,-28.53,3,0,4,0.1,0.001,1.1177
1132,-28.56,4,0,5,0.1,0.001,0.6873
1133,-30.9,2,0,3,0.1,0.001,1.0325
1134,-30.76,2,0,3,0.1,0.001,1.0793
1135,-28.93,3,0,4,0.1,0.001,1.0179
1136,-20.65,5,0,6,0.1,0.001,1.7246
1137,39.69,3,1,3,0.1,0.001,0.5648
1138,-29.9,2,0,3,0.1,0.001,1.3663
1139,-32.33,2,0,3,0.1,0.001,0.5563
1140,-33.52,1,0,2,0.1,0.001,0.7387
1141,-33.87,1,0,2,0.1,0.001,0.5634
1142,-34.03,1,0,2,0.1,0.001,0.4846
1143,-32.21,1,0,2,0.1,0.001,1.3953
1144,-27.74,3,0,4,0.1,0.001,1.314
1145,-26.37,5,0,6,0.1,0.001,0.7711
1146,-34.03,1,0,2,0.1,0.001,0.484
1147,-31.97,2,0,3,0.1,0.001,0.6771
1148,-29.92,3,0,4,0.1,0.001,0.7703
1149,-29.6,2,0,3,0.1,0.001,1.4661
1150,-25.14,4,0,5,0.1,0.001,1.3717
1151,-24.98,4,0,5,0.1,0.001,1.4031
1152,-32.46,1,0,2,0.1,0.001,1.2719
1153,-18.64,6,0,7,0.1,0.001,1.6225
1154,-32.16,1,0,2,0.1,0.001,1.4221
1155,-24.4,5,0,6,0.1,0.001,1.0999
1156,-32.39,1,0,2,0.1,0.001,1.3044
1157,-32.67,1,0,2,0.1,0.001,1.1645
1158,-29.55,3,0,4,0.1,0.001,0.8624
1159,-32.41,1,0,2,0.1,0.001,1.297
1160,-24.33,5,0,6,0.1,0.001,1.1122
1161,-28.57,2,0,3,0.1,0.001,1.8114
1162,-27.57,3,0,4,0.1,0.001,1.3566
1163,-30.4,3,0,4,0.1,0.001,0.6492
1164,-32.76,1,0,2,0.1,0.001,1.1189
1165,-22.71,4,0,5,0.1,0.001,1.8571
1166,-25.36,4,0,5,0.1,0.001,1.3275
1167,-29.93,3,0,4,0.1,0.001,0.7672
1168,-33.88,1,0,2,0.1,0.001,0.5593
1169,-32.34,2,0,3,0.1,0.001,0.5525
1170,-25.82,3,0,4,0.1,0.001,1.7948
1171,-32.69,1,0,2,0.1,0.001,1.1573
1172,-32.42,1,0,2,0.1,0.001,1.2907
1173,-33.72,1,0,2,0.1,0.001,0.6424
1174,-32.53,1,0,2,0.1,0.001,1.234
1175,-30.13,2,0,3,0.1,0.001,1.2917
1176,-22.8,5,0,6,0.1,0.001,1.366
1177,-24.13,5,0,6,0.1,0.001,1.1449
1178,-28.39,3,0,4,0.1,0.001,1.1526
1179,-23.8,5,0,6,0.1,0.001,1.1999
1180,46.78,4,1,4,0.1,0.001,1.9452
1181,-33.88,1,0,2,0.1,0.001,0.5576
1182,-16.38,8,0,9,0.1,0.001,1.2906
1183,-33.61,1,0,2,0.1,0.001,0.6962
1184,-30.79,2,0,3,0.1,0.001,1.0701
1185,-30.46,2,0,3,0.1,0.001,1.1788
1186,53.67,8,1,8,0.1,0.001,1.3332
1187,-20.42,7,0,8,0.1,0.001,1.0727
1188,-32.66,1,0,2,0.1,0.001,1.1708
1189,-33.69,1,0,2,0.1,0.001,0.6546
1190,-30.9,2,0,3,0.1,0.001,1.0329
1191,-24.94,4,0,5,0.1,0.001,1.4117
1192,-29.87,2,0,3,0.1,0.001,1.3764
1193,-32.81,1,0,2,0.1,0.001,1.0943
1194,-15.47,7,0,8,0.1,0.001,1.6918
1195,-21.72,6,0,7,0.1,0.001,1.183
1196,-22.99,5,0,6,0.1,0.001,1.3357
1197,-27.53,3,0,4,0.1,0.001,1.3666
1198,-25.22,5,0,6,0.1,0.001,0.9641
1199,-27.29,3,0,4,0.1,0.001,1.4272
1200,-31.22,2,0,3,0.1,0.001,0.926
1201,-34.05,1,0,2,0.1,0.001,0.4773
1202,-27.9,3,0,4,0.1,0.001,1.2747
1203,-16.55,7,0,8,0.1,0.001,1.5561
1204,-32.56,1,0,2,0.1,0.001,1.2207
1205,-29.54,3,0,4,0.1,0.001,0.8659
1206,-30.95,2,0,3,0.1,0.001,1.0154
1207,-14.74,7,0,8,0.1,0.001,1.7821
1208,-34.05,1,0,2,0.1,0.001,0.476
1209,-28.32,3,0,4,0.1,0.001,1.171
1210,-27.34,4,0,5,0.1,0.001,0.9311
1211,-32.28,2,0,3,0.1,0.001,0.5735
1212,-21.22,5,0,6,0.1,0.001,1.6296
1213,-27.28,4,0,5,0.1,0.001,0.9441
1214,-32.98,1,0,2,0.1,0.001,1.0095
1215,-29.69,3,0,4,0.1,0.001,0.8269
1216,-32.74,1,0,2,0.1,0.001,1.1321
1217,-27.68,3,0,4,0.1,0.001,1.3288
1218,-34.05,1,0,2,0.1,0.001,0.4744
1219,-32.67,1,0,2,0.1,0.001,1.1632
1220,-27.51,3,0,4,0.1,0.001,1.3714
1221,-32.21,1,0,2,0.1,0.001,1.3945
1222,-32.65,1,0,2,0.1,0.001,1.1773
1223,-30.76,2,0,3,0.1,0.001,1.0813
1224,-28.06,3,0,4,0.1,0.001,1.2354
1225,-27.3,3,0,4,0.1,0.001,1.4257
1226,-33.81,1,0,2,0.1,0.001,0.5932
1227,-28.64,4,0,5,0.1,0.001,0.6718
1228,-26.64,4,0,5,0.1,0.001,1.0724
1229,-28.65,4,0,5,0.1,0.001,0.6707
1230,-32.59,1,0,2,0.1,0.001,1.2066
1231,-24.99,4,0,5,0.1,0.001,1.4017
1232,-24.52,4,0,5,0.1,0.001,1.4961
1233,-28.65,4,0,5,0.1,0.001,0.6699
1234,-26.91,4,0,5,0.1,0.001,1.0182
1235,-28.29,4,0,5,0.1,0.001,0.7424
1236,-21.81,5,0,6,0.1,0.001,1.5322
1237,-29.49,2,0,3,0.1,0.001,1.5025
1238,-32.22,1,0,2,0.1,0.001,1.3902
1239,-22.39,4,0,5,0.1,0.001,1.9212
1240,-31.44,2,0,3,0.1,0.001,0.8525
1241,-28.06,3,0,4,0.1,0.001,1.2353
1242,-22.75,5,0,6,0.1,0.001,1.3755
1243,-31.0,2,0,3,0.1,0.001,0.9994
1244,-20.66,7,0,8,0.1,0.001,1.0428
1245,-29.0,3,0,4,0.1,0.001,0.9992
1246,-31.27,2,0,3,0.1,0.001,0.9112
1247,42.26,3,1,3,0.1,0.001,1.4196
1248,-32.68,1,0,2,0.1,0.001,1.1606
1249,-33.89,1,0,2,0.1,0.001,0.5556
1250,-32.56,1,0,2,0.1,0.001,1.221
1251,-19.53,6,0,7,0.1,0.001,1.4958
1252,-18.73,6,0,7,0.1,0.001,1.6099
1253,-25.53,4,0,5,0.1,0.001,1.294
1254,-29.63,2,0,3,0.1,0.001,1.4572
1255,-27.75,4,0,5,0.1,0.001,0.8505
1256,-33.62,1,0,2,0.1,0.001,0.6884
1257,39.62,3,1,3,0.1,0.001,0.5385
1258,-24.59,5,0,6,0.1,0.001,1.0685
1259,-27.41,3,0,4,0.1,0.001,1.3978
1260,-28.67,4,0,5,0.1,0.001,0.6657
1261,57.48,8,1,8,0.1,0.001,1.8101
1262,-32.69,1,0,2,0.1,0.001,1.1563
1263,-20.93,5,0,6,0.1,0.001,1.6779
1264,-27.17,3,0,4,0.1,0.001,1.4584
1265,-23.41,4,0,5,0.1,0.001,1.7177
1266,-15.69,7,0,8,0.1,0.001,1.6633
1267,-19.24,6,0,7,0.1,0.001,1.5366
1268,-29.53,2,0,3,0.1,0.001,1.4909
1269,-34.06,1,0,2,0.1,0.001,0.4682
1270,-18.58,8,0,9,0.1,0.001,1.0466
1271,-30.0,2,0,3,0.1,0.001,1.3324
1272,-26.51,4,0,5,0.1,0.001,1.0987
1273,-34.06,1,0,2,0.1,0.001,0.4676
1274,-24.01,4,0,5,0.1,0.001,1.5989
1275,-32.29,1,0,2,0.1,0.001,1.3558
1276,-30.59,2,0,3,0.1,0.001,1.1381
1277,-30.57,3,0,4,0.1,0.001,0.6063
1278,-34.07,1,0,2,0.1,0.001,0.467
1279,-27.34,3,0,4,0.1,0.001,1.416
1280,-32.02,2,0,3,0.1,0.001,0.661
1281,-33.58,1,0,2,0.1,0.001,0.7123
1282,-25.52,4,0,5,0.1,0.001,1.2958
1283,-27.57,4,0,5,0.1,0.001,0.885
1284,-20.56,5,0,6,0.1,0.001,1.7401
1285,-33.62,1,0,2,0.1,0.001,0.69
1286,-30.95,2,0,3,0.1,0.001,1.0177
1287,36.41,1,1,1,0.1,0.001,0.413
1288,-33.64,1,0,2,0.1,0.001,0.6824
1289,-32.31,1,0,2,0.1,0.001,1.3454
1290,-30.82,2,0,3,0.1,0.001,1.0603
1291,-31.28,2,0,3,0.1,0.001,0.9059
1292,-29.74,3,0,4,0.1,0.001,0.816
1293,-30.22,2,0,3,0.1,0.001,1.261
1294,-32.52,1,0,2,0.1,0.001,1.241
1295,-29.9,3,0,4,0.1,0.001,0.776
1296,-29.39,3,0,4,0.1,0.001,0.9026
1297,-27.99,4,0,5,0.1,0.001,0.8027
1298,-30.95,2,0,3,0.1,0.001,1.0151
1299,-28.04,3,0,4,0.1,0.001,1.2393
1300,-29.24,3,0,4,0.1,0.001,0.9407
1301,-31.36,2,0,3,0.1,0.001,0.88
1302,-33.67,1,0,2,0.1,0.001,0.666
1303,-28.34,4,0,5,0.1,0.001,0.7327
1304,-32.03,2,0,3,0.1,0.001,0.6571
1305,-28.41,3,0,4,0.1,0.001,1.1471
1306,-32.03,2,0,3,0.1,0.001,0.6563
1307,-28.25,3,0,4,0.1,0.001,1.1881
1308,-32.41,1,0,2,0.1,0.001,1.2947
1309,-32.6,1,0,2,0.1,0.001,1.1989
1310,-30.96,2,0,3,0.1,0.001,1.0137
1311,39.25,2,1,2,0.1,0.001,1.1242
1312,-30.58,2,0,3,0.1,0.001,1.1386
1313,-27.62,3,0,4,0.1,0.001,1.3453
1314,-26.87,3,0,4,0.1,0.001,1.5333
1315,-27.86,3,0,4,0.1,0.001,1.2858
1316,-26.44,4,0,5,0.1,0.001,1.1115
1317,48.42,5,1,5,0.1,0.001,1.6833
1318,-28.55,3,0,4,0.1,0.001,1.113
1319,-26.27,4,0,5,0.1,0.001,1.1458
1320,-34.08,1,0,2,0.1,0.001,0.4624
1321,-24.27,4,0,5,0.1,0.001,1.5453
1322,-33.91,1,0,2,0.1,0.001,0.5427
1323,-31.38,2,0,3,0.1,0.001,0.8732
1324,-18.41,6,0,7,0.1,0.001,1.6555
1325,-30.25,2,0,3,0.1,0.001,1.2503
1326,-29.8,2,0,3,0.1,0.001,1.4004
1327,-27.66,4,0,5,0.1,0.001,0.8684
1328,-30.6,3,0,4,0.1,0.001,0.601
1329,-31.11,2,0,3,0.1,0.001,0.9621
1330,-27.91,3,0,4,0.1,0.001,1.2716
1331,-32.44,1,0,2,0.1,0.001,1.2775
1332,-21.07,5,0,6,0.1,0.001,1.6553
1333,-22.93,4,0,5,0.1,0.001,1.8147
1334,-25.93,5,0,6,0.1,0.001,0.8449
1335,-29.42,2,0,3,0.1,0.001,1.5251
1336,50.44,6,1,6,0.1,0.001,1.573
1337,-33.59,1,0,2,0.1,0.001,0.7073
1338,-31.21,2,0,3,0.1,0.001,0.9302
1339,-30.9,2,0,3,0.1,0.001,1.0344
1340,-22.88,5,0,6,0.1,0.001,1.3539
1341,-34.08,1,0,2,0.1,0.001,0.4604
1342,-19.6,6,0,7,0.1,0.001,1.485
1343,-19.87,5,0,6,0.1,0.001,1.8557
1344,-27.32,3,0,4,0.1,0.001,1.4188
1345,-33.73,1,0,2,0.1,0.001,0.6357
1346,-23.73,4,0,5,0.1,0.001,1.6541
1347,-18.34,6,0,7,0.1,0.001,1.6658
1348,-31.05,2,0,3,0.1,0.001,0.9848
1349,-5.95,11,0,12,0.1,0.001,1.5878
1350,-32.75,1,0,2,0.1,0.001,1.123
1351,-23.49,4,0,5,0.1,0.001,1.7022
1352,-30.87,2,0,3,0.1,0.001,1.0449
1353,-29.71,3,0,4,0.1,0.001,0.8218
1354,-29.67,2,0,3,0.1,0.001,1.4447
1355,-17.35,7,0,8,0.1,0.001,1.4559
1356,-17.46,8,0,9,0.1,0.001,1.1712
1357,-27.02,3,0,4,0.1,0.001,1.4946
1358,-23.67,4,0,5,0.1,0.001,1.6665
1359,-24.75,5,0,6,0.1,0.001,1.0413
1360,-32.65,1,0,2,0.1,0.001,1.175
1361,-21.9,5,0,6,0.1,0.001,1.5163
1362,-32.9,1,0,2,0.1,0.001,1.0512
1363,-32.31,1,0,2,0.1,0.001,1.3438
1364,-20.91,5,0,6,0.1,0.001,1.681
1365,-22.83,5,0,6,0.1,0.001,1.3612
1366,-33.46,1,0,2,0.1,0.001,0.7679
1367,-32.9,1,0,2,0.1,0.001,1.0487
1368,-15.37,9,0,10,0.1,0.001,1.1626
1369,-28.98,3,0,4,0.1,0.001,1.0043
1370,-27.34,3,0,4,0.1,0.001,1.4155
1371,-23.31,4,0,5,0.1,0.001,1.7378
1372,-26.51,3,0,4,0.1,0.001,1.6215
1373,-20.3,6,0,7,0.1,0.001,1.3855
1374,-27.82,3,0,4,0.1,0.001,1.2946
1375,-32.93,1,0,2,0.1,0.001,1.0362
1376,-27.35,4,0,5,0.1,0.001,0.9309
1377,-33.92,1,0,2,0.1,0.001,0.5381
1378,-29.63,3,0,4,0.1,0.001,0.8436
1379,-32.82,1,0,2,0.1,0.001,1.0901
1380,-34.09,1,0,2,0.1,0.001,0.4575
1381,-32.75,1,0,2,0.1,0.001,1.1231
1382,-29.14,3,0,4,0.1,0.001,0.9641
1383,-32.89,1,0,2,0.1,0.001,1.0568
1384,-20.95,5,0,6,0.1,0.001,1.6748
1385,-24.6,4,0,5,0.1,0.001,1.4805
1386,-31.35,2,0,3,0.1,0.001,0.8841
1387,-33.12,1,0,2,0.1,0.001,0.9416
1388,-32.21,1,0,2,0.1,0.001,1.396
1389,-34.09,1,0,2,0.1,0.001,0.4566
1390,-31.19,2,0,3,0.1,0.001,0.9357
1391,-30.03,3,0,4,0.1,0.001,0.742
1392,-25.27,4,0,5,0.1,0.001,1.3469
1393,-27.88,3,0,4,0.1,0.001,1.2795
1394,-29.87,3,0,4,0.1,0.001,0.7819
1395,-28.93,3,0,4,0.1,0.001,1.0184
1396,-33.93,1,0,2,0.1,0.001,0.5356
1397,-31.54,2,0,3,0.1,0.001,0.8213
1398,-32.96,1,0,2,0.1,0.001,1.0201
1399,-30.58,3,0,4,0.1,0.001,0.6039
1400,-33.86,1,0,2,0.1,0.001,0.5678
1401,-31.16,2,0,3,0.1,0.001,0.9458
1402,-32.43,2,0,3,0.1,0.001,0.5231
1403,-31.18,2,0,3,0.1,0.001,0.9401
1404,-24.03,4,0,5,0.1,0.001,1.5938
1405,37.91,2,1,2,0.1,0.001,0.4546
1406,-32.56,1,0,2,0.1,0.001,1.2188
1407,-33.57,1,0,2,0.1,0.001,0.7143
1408,-23.69,4,0,5,0.1,0.001,1.6622
1409,-32.75,1,0,2,0.1,0.001,1.1228
1410,-30.31,2,0,3,0.1,0.001,1.2301
1411,-27.67,3,0,4,0.1,0.001,1.3319
1412,-30.93,2,0,3,0.1,0.001,1.0233
1413,-30.01,2,0,3,0.1,0.001,1.3296
1414,-33.05,1,0,2,0.1,0.001,0.9748
1415,-24.02,4,0,5,0.1,0.001,1.5963
1416,-28.98,3,0,4,0.1,0.001,1.0044
1417,-28.33,3,0,4,0.1,0.001,1.1667
1418,-33.76,1,0,2,0.1,0.001,0.6197
1419,-33.94,1,0,2,0.1,0.001,0.5314
1420,-27.64,3,0,4,0.1,0.001,1.3396
1421,-32.66,1,0,2,0.1,0.001,1.1687
1422,-26.04,4,0,5,0.1,0.001,1.192
1423,-31.24,2,0,3,0.1,0.001,0.9184
1424,-32.56,1,0,2,0.1,0.001,1.218
1425,-30.36,2,0,3,0.1,0.001,1.215
1426,-32.39,1,0,2,0.1,0.001,1.3075
1427,-32.19,1,0,2,0.1,0.001,1.4027
1428,-25.84,3,0,4,0.1,0.001,1.7901
1429,-24.8,4,0,5,0.1,0.001,1.4394
1430,-18.45,6,0,7,0.1,0.001,1.6494
1431,-32.08,1,0,2,0.1,0.001,1.4607
1432,-32.25,1,0,2,0.1,0.001,1.3741
1433,-31.01,2,0,3,0.1,0.001,0.9966
1434,-32.78,1,0,2,0.1,0.001,1.1076
1435,-33.62,1,0,2,0.1,0.001,0.6915
1436,-32.24,1,0,2,0.1,0.001,1.3778
1437,-30.71,2,0,3,0.1,0.001,1.096
1438,-32.44,2,0,3,0.1,0.001,0.5204
1439,40.42,3,1,3,0.1,0.001,0.8075
1440,-34.1,1,0,2,0.1,0.001,0.4514
1441,-25.34,4,0,5,0.1,0.001,1.3317
1442,-32.44,1,0,2,0.1,0.001,1.2793
1443,-16.32,7,0,8,0.1,0.001,1.5846
1444,-30.7,2,0,3,0.1,0.001,1.1007
1445,-16.37,7,0,8,0.1,0.001,1.579
1446,-27.86,4,0,5,0.1,0.001,0.8288
1447,-24.94,4,0,5,0.1,0.001,1.4128
1448,-32.44,2,0,3,0.1,0.001,0.5193
1449,-22.24,5,0,6,0.1,0.001,1.4596
1450,-34.1,1,0,2,0.1,0.001,0.4503
1451,-33.35,1,0,2,0.1,0.001,0.8267
1452,-33.45,1,0,2,0.1,0.001,0.7732
1453,-28.2,3,0,4,0.1,0.001,1.2005
1454,-31.03,2,0,3,0.1,0.001,0.9901
1455,-33.03,1,0,2,0.1,0.001,0.9851
1456,-29.07,3,0,4,0.1,0.001,0.982
1457,-29.74,3,0,4,0.1,0.001,0.8139
1458,-30.93,2,0,3,0.1,0.001,1.0224
1459,-30.64,3,0,4,0.1,0.001,0.5897
1460,-30.06,3,0,4,0.1,0.001,0.7354
1461,-32.37,1,0,2,0.1,0.001,1.3129
1462,-25.87,3,0,4,0.1,0.001,1.7823
1463,-32.61,1,0,2,0.1,0.001,1.1936
1464,-22.68,5,0,6,0.1,0.001,1.3862
1465,-22.3,5,0,6,0.1,0.001,1.4502
1466,-19.67,6,0,7,0.1,0.001,1.4759
1467,-24.61,5,0,6,0.1,0.001,1.065
1468,-29.1,3,0,4,0.1,0.001,0.9742
1469,-25.74,5,0,6,0.1,0.001,0.8767
1470,-27.82,3,0,4,0.1,0.001,1.2943
1471,-18.31,8,0,9,0.1,0.001,1.0764
1472,44.49,4,1,4,0.1,0.001,1.3713
1473,-29.39,3,0,4,0.1,0.001,0.9026
1474,-32.35,1,0,2,0.1,0.001,1.3228
1475,-27.54,4,0,5,0.1,0.001,0.8921
1476,-23.1,6,0,7,0.1,0.001,0.9852
1477,-33.86,1,0,2,0.1,0.001,0.572
1478,-32.54,1,0,2,0.1,0.001,1.2297
1479,-32.78,1,0,2,0.1,0.001,1.1119
1480,-29.84,2,0,3,0.1,0.001,1.3857
1481,-25.67,4,0,5,0.1,0.001,1.2651
1482,-31.41,2,0,3,0.1,0.001,0.8618
1483,-28.43,3,0,4,0.1,0.001,1.1419
1484,-30.77,2,0,3,0.1,0.001,1.0773
1485,-30.08,3,0,4,0.1,0.001,0.7308
1486,-21.58,5,0,6,0.1,0.001,1.5701
1487,-32.67,1,0,2,0.1,0.001,1.1641
1488,-6.04,10,0,11,0.1,0.001,1.8147
1489,-31.58,2,0,3,0.1,0.001,0.8051
1490,-27.44,3,0,4,0.1,0.001,1.3912
1491,-16.33,8,0,9,0.1,0.001,1.2968
1492,-33.7,1,0,2,0.1,0.001,0.6518
1493,-28.9,3,0,4,0.1,0.001,1.0261
1494,-29.25,3,0,4,0.1,0.001,0.9372
1495,-32.5,1,0,2,0.1,0.001,1.2478
1496,-26.65,4,0,5,0.1,0.001,1.0704
1497,40.92,3,1,3,0.1,0.001,0.9733
1498,-18.73,8,0,9,0.1,0.001,1.0301
1499,-16.67,8,0,9,0.1,0.001,1.2587
1500,-30.01,3,0,4,0.1,0.001,0.747
1501,-14.84,7,0,8,0.1,0.001,1.7701
1502,-32.38,1,0,2,0.1,0.001,1.3118
1503,-32.75,1,0,2,0.1,0.001,1.1244
1504,-27.53,4,0,5,0.1,0.001,0.8936
1505,-34.11,1,0,2,0.1,0.001,0.4451
1506,-29.58,2,0,3,0.1,0.001,1.4746
1507,-24.54,4,0,5,0.1,0.001,1.4914
1508,-32.59,1,0,2,0.1,0.001,1.2066
1509,-34.11,1,0,2,0.1,0.001,0.4448
1510,-32.36,1,0,2,0.1,0.001,1.3209
1511,-29.43,2,0,3,0.1,0.001,1.5237
1512,-24.98,4,0,5,0.1,0.001,1.4049
1513,-30.09,3,0,4,0.1,0.001,0.7279
1514,-30.67,3,0,4,0.1,0.001,0.5833
1515,-32.8,1,0,2,0.1,0.001,1.1008
1516,-30.18,2,0,3,0.1,0.001,1.2726
1517,-33.01,1,0,2,0.1,0.001,0.9956
1518,-25.84,4,0,5,0.1,0.001,1.233
1519,-18.57,8,0,9,0.1,0.001,1.0473
1520,-22.34,5,0,6,0.1,0.001,1.4425
1521,-25.29,4,0,5,0.1,0.001,1.3413
1522,-32.47,2,0,3,0.1,0.001,0.5112
1523,-9.41,9,0,10,0.1,0.001,1.7588
1524,-28.08,3,0,4,0.1,0.001,1.231
1525,-29.47,2,0,3,0.1,0.001,1.5104
1526,-33.88,1,0,2,0.1,0.001,0.5579
1527,-32.97,1,0,2,0.1,0.001,1.0138
1528,-26.7,3,0,4,0.1,0.001,1.5751
1529,-22.22,5,0,6,0.1,0.001,1.4628
1530,-16.56,8,0,9,0.1,0.001,1.2715
1531,-33.73,1,0,2,0.1,0.001,0.6352
1532,-30.92,2,0,3,0.1,0.001,1.0265
1533,-30.61,2,0,3,0.1,0.001,1.1313
1534,-25.33,4,0,5,0.1,0.001,1.334
1535,-28.19,3,0,4,0.1,0.001,1.2032
1536,-19.09,6,0,7,0.1,0.001,1.5582
1537,-33.51,1,0,2,0.1,0.001,0.7464
1538,-29.54,2,0,3,0.1,0.001,1.4857
1539,-23.74,5,0,6,0.1,0.001,1.2098
1540,42.04,3,1,3,0.1,0.001,1.347
1541,-30.68,3,0,4,0.1,0.001,0.5807
1542,-27.11,3,0,4,0.1,0.001,1.4726
1543,-32.47,2,0,3,0.1,0.001,0.5095
1544,-29.7,2,0,3,0.1,0.001,1.435
1545,40.94,3,1,3,0.1,0.001,0.9793
1546,-28.64,3,0,4,0.1,0.001,1.0909
1547,-26.66,5,0,6,0.1,0.001,0.7237
1548,-23.96,4,0,5,0.1,0.001,1.6078
1549,-22.09,5,0,6,0.1,0.001,1.4855
1550,-15.18,8,0,9,0.1,0.001,1.4241
1551,-33.71,1,0,2,0.1,0.001,0.6459
1552,-31.01,2,0,3,0.1,0.001,0.9956
1553,-13.18,8,0,9,0.1,0.001,1.6466
1554,38.05,2,1,2,0.1,0.001,0.5228
1555,-27.19,4,0,5,0.1,0.001,0.9618
1556,-32.45,1,0,2,0.1,0.001,1.2725
1557,-33.01,1,0,2,0.1,0.001,0.9974
1558,-34.12,1,0,2,0.1,0.001,0.4406
1559,-18.04,6,0,7,0.1,0.001,1.7089
1560,-32.05,2,0,3,0.1,0.001,0.6502
1561,-26.72,3,0,4,0.1,0.001,1.5706
1562,-24.68,4,0,5,0.1,0.001,1.4648
1563,-28.65,3,0,4,0.1,0.001,1.0875
1564,-29.26,3,0,4,0.1,0.001,0.9354
1565,-32.98,1,0,2,0.1,0.001,1.01
1566,-23.25,5,0,6,0.1,0.001,1.2913
1567,-29.93,2,0,3,0.1,0.001,1.3559
1568,-30.9,2,0,3,0.1,0.001,1.0332
1569,-31.08,2,0,3,0.1,0.001,0.9742
1570,-32.96,1,0,2,0.1,0.001,1.0186
1571,-31.16,2,0,3,0.1,0.001,0.9465
1572,-30.93,2,0,3,0.1,0.001,1.0249
1573,-29.51,2,0,3,0.1,0.001,1.4961
1574,-28.02,3,0,4,0.1,0.001,1.2454
1575,41.71,3,1,3,0.1,0.001,1.2381
1576,-27.48,4,0,5,0.1,0.001,0.9033
1577,-28.46,3,0,4,0.1,0.001,1.134
1578,-32.48,2,0,3,0.1,0.001,0.5067
1579,-32.38,1,0,2,0.1,0.001,1.3095
1580,36.39,1,1,1,0.1,0.001,0.3862
1581,-34.12,1,0,2,0.1,0.001,0.4388
1582,-32.3,1,0,2,0.1,0.001,1.3522
1583,-25.23,5,0,6,0.1,0.001,0.9617
1584,-34.12,1,0,2,0.1,0.001,0.4384
1585,-29.1,2,0,3,0.1,0.001,1.6322
1586,-28.0,3,0,4,0.1,0.001,1.2498
1587,-24.81,4,0,5,0.1,0.001,1.4386
1588,-30.88,2,0,3,0.1,0.001,1.0412
1589,-33.03,1,0,2,0.1,0.001,0.9834
1590,47.6,5,1,5,0.1,0.001,1.5202
1591,-34.12,1,0,2,0.1,0.001,0.4379
1592,-28.71,3,0,4,0.1,0.001,1.0722
1593,-33.23,1,0,2,0.1,0.001,0.8841
1594,-25.5,3,0,4,0.1,0.001,1.8762
1595,-23.52,4,0,5,0.1,0.001,1.6962
1596,-30.1,2,0,3,0.1,0.001,1.2984
1597,-34.12,1,0,2,0.1,0.001,0.4377
1598,-30.93,2,0,3,0.1,0.001,1.0227
1599,-32.15,1,0,2,0.1,0.001,1.4237
1600,-27.89,3,0,4,0.1,0.001,1.2765
1601,-33.72,1,0,2,0.1,0.001,0.6421
1602,-24.21,4,0,5,0.1,0.001,1.559
1603,-26.89,3,0,4,0.1,0.001,1.5275
1604,-29.91,2,0,3,0.1,0.001,1.3626
1605,-23.39,6,0,7,0.1,0.001,0.9448
1606,-25.42,4,0,5,0.1,0.001,1.3158
1607,-30.78,2,0,3,0.1,0.001,1.072
1608,-33.09,1,0,2,0.1,0.001,0.957
1609,-24.82,4,0,5,0.1,0.001,1.4364
1610,-31.4,2,0,3,0.1,0.001,0.8673
1611,-33.64,1,0,2,0.1,0.001,0.682
1612,-23.76,5,0,6,0.1,0.001,1.207
1613,-17.12,7,0,8,0.1,0.001,1.4852
1614,-28.83,4,0,5,0.1,0.001,0.6337
1615,-28.63,3,0,4,0.1,0.001,1.0937
1616,-32.63,1,0,2,0.1,0.001,1.1859
1617,-33.96,1,0,2,0.1,0.001,0.5178
1618,-19.1,8,0,9,0.1,0.001,0.9883
1619,-32.86,1,0,2,0.1,0.001,1.0721
1620,-21.41,5,0,6,0.1,0.001,1.5982
1621,-19.79,6,0,7,0.1,0.001,1.4582
1622,-20.52,6,0,7,0.1,0.001,1.3548
1623,-33.97,1,0,2,0.1,0.001,0.5173
1624,-32.84,1,0,2,0.1,0.001,1.0806
1625,-32.49,2,0,3,0.1,0.001,0.5035
1626,-32.55,1,0,2,0.1,0.001,1.2265
1627,-28.17,3,0,4,0.1,0.001,1.2086
1628,-31.26,2,0,3,0.1,0.001,0.9142
1629,-31.4,2,0,3,0.1,0.001,0.8662
1630,-33.77,1,0,2,0.1,0.001,0.6146
1631,-28.85,3,0,4,0.1,0.001,1.0364
1632,-17.74,8,0,9,0.1,0.001,1.1403
1633,-33.71,1,0,2,0.1,0.001,0.6437
1634,-29.6,2,0,3,0.1,0.001,1.4676
1635,-24.27,4,0,5,0.1,0.001,1.5462
1636,-34.13,1,0,2,0.1,0.001,0.4351
1637,-20.88,7,0,8,0.1,0.001,1.015
1638,-24.48,4,0,5,0.1,0.001,1.5045
1639,-29.09,3,0,4,0.1,0.001,0.9772
1640,-31.34,2,0,3,0.1,0.001,0.8878
1641,-27.93,3,0,4,0.1,0.001,1.2679
1642,-34.13,1,0,2,0.1,0.001,0.4345
1643,-27.28,3,0,4,0.1,0.001,1.4289
1644,-32.68,1,0,2,0.1,0.001,1.1624
1645,-19.57,6,0,7,0.1,0.001,1.49
1646,-30.18,2,0,3,0.1,0.001,1.2743
1647,-22.53,5,0,6,0.1,0.001,1.4119
1648,-28.47,3,0,4,0.1,0.001,1.1318
1649,-32.12,2,0,3,0.1,0.001,0.6263
1650,-27.38,3,0,4,0.1,0.001,1.4054
1651,-29.49,2,0,3,0.1,0.001,1.5029
1652,-26.97,3,0,4,0.1,0.001,1.5074
1653,-29.1,3,0,4,0.1,0.001,0.9738
1654,-22.94,5,0,6,0.1,0.001,1.3435
1655,-27.03,3,0,4,0.1,0.001,1.4933
1656,-33.81,1,0,2,0.1,0.001,0.5932
1657,-31.57,2,0,3,0.1,0.001,0.8114
1658,-33.87,1,0,2,0.1,0.001,0.5635
1659,-31.05,2,0,3,0.1,0.001,0.9829
1660,-34.13,1,0,2,0.1,0.001,0.4334
1661,-27.55,3,0,4,0.1,0.001,1.3621
1662,-25.38,4,0,5,0.1,0.001,1.3247
1663,-30.92,2,0,3,0.1,0.001,1.0283
1664,-30.05,2,0,3,0.1,0.001,1.3156
1665,-31.61,2,0,3,0.1,0.001,0.7983
1666,-31.12,2,0,3,0.1,0.001,0.9609
1667,-32.5,2,0,3,0.1,0.001,0.5007
1668,-29.95,3,0,4,0.1,0.001,0.7623
1669,-30.06,2,0,3,0.1,0.001,1.3138
1670,-29.97,2,0,3,0.1,0.001,1.3423
1671,-32.96,1,0,2,0.1,0.001,1.022
1672,-33.61,1,0,2,0.1,0.001,0.6972
1673,-32.49,1,0,2,0.1,0.001,1.2543
1674,-33.08,1,0,2,0.1,0.001,0.9575
1675,-28.38,3,0,4,0.1,0.001,1.1561
1676,-21.94,5,0,6,0.1,0.001,1.5098
1677,-34.14,1,0,2,0.1,0.001,0.4321
1678,-31.22,2,0,3,0.1,0.001,0.9278
1679,-9.67,10,0,11,0.1,0.001,1.4843
1680,-34.14,1,0,2,0.1,0.001,0.432
1681,-18.96,8,0,9,0.1,0.001,1.0042
1682,-23.53,5,0,6,0.1,0.001,1.2444
1683,-28.39,3,0,4,0.1,0.001,1.1536
1684,-30.48,3,0,4,0.1,0.001,0.6309
1685,-32.5,2,0,3,0.1,0.001,0.4992
1686,-32.84,1,0,2,0.1,0.001,1.0791
1687,-33.25,1,0,2,0.1,0.001,0.8749
1688,-32.73,1,0,2,0.1,0.001,1.1351
1689,-24.96,4,0,5,0.1,0.001,1.4083
1690,-32.87,1,0,2,0.1,0.001,1.0635
1691,-31.08,2,0,3,0.1,0.001,0.9748
1692,-32.46,1,0,2,0.1,0.001,1.2724
1693,-28.47,2,0,3,0.1,0.001,1.8434
1694,-34.14,1,0,2,0.1,0.001,0.4309
1695,-29.3,2,0,3,0.1,0.001,1.5659
1696,-24.92,4,0,5,0.1,0.001,1.416
1697,-24.24,4,0,5,0.1,0.001,1.5515
1698,-20.54,6,0,7,0.1,0.001,1.352
1699,-28.12,3,0,4,0.1,0.001,1.2211
1700,-31.17,2,0,3,0.1,0.001,0.9438
1701,-30.48,3,0,4,0.1,0.001,0.6292
1702,-21.53,5,0,6,0.1,0.001,1.5788
1703,-32.63,1,0,2,0.1,0.001,1.1845
1704,-32.8,1,0,2,0.1,0.001,1.1016
1705,-29.34,2,0,3,0.1,0.001,1.5521
1706,-30.72,3,0,4,0.1,0.001,0.5695
1707,-29.46,3,0,4,0.1,0.001,0.8849
1708,36.38,1,1,1,0.1,0.001,0.3767
1709,-33.0,1,0,2,0.1,0.001,0.9987
1710,-34.14,1,0,2,0.1,0.001,0.4296
1711,-25.47,4,0,5,0.1,0.001,1.306
1712,-32.84,1,0,2,0.1,0.001,1.0806
1713,-31.23,2,0,3,0.1,0.001,0.9224
1714,-32.73,1,0,2,0.1,0.001,1.136
1715,-23.06,5,0,6,0.1,0.001,1.3234
1716,-28.14,3,0,4,0.1,0.001,1.216
1717,-22.05,5,0,6,0.1,0.001,1.4912
1718,-28.13,3,0,4,0.1,0.001,1.217
1719,-16.31,9,0,10,0.1,0.001,1.069
1720,-27.88,3,0,4,0.1,0.001,1.2799
1721,-24.38,4,0,5,0.1,0.001,1.5231
1722,-33.91,1,0,2,0.1,0.001,0.5445
1723,-32.82,1,0,2,0.1,0.001,1.0889
1724,-23.78,4,0,5,0.1,0.001,1.6432
1725,-25.93,4,0,5,0.1,0.001,1.2148
1726,-30.14,3,0,4,0.1,0.001,0.7146
1727,-31.03,2,0,3,0.1,0.001,0.9893
1728,-28.2,3,0,4,0.1,0.001,1.2002
1729,52.73,7,1,7,0.1,0.001,1.5331
1730,-28.07,4,0,5,0.1,0.001,0.7861
1731,-28.88,4,0,5,0.1,0.001,0.6244
1732,-29.27,3,0,4,0.1,0.001,0.9332
1733,-30.02,3,0,4,0.1,0.001,0.7462
1734,-33.16,1,0,2,0.1,0.001,0.9206
1735,-18.68,6,0,7,0.1,0.001,1.6177
1736,-28.18,4,0,5,0.1,0.001,0.7649
1737,-32.68,1,0,2,0.1,0.001,1.1608
1738,-30.82,2,0,3,0.1,0.001,1.06
1739,-27.27,4,0,5,0.1,0.001,0.9451
1740,-29.48,2,0,3,0.1,0.001,1.5083
1741,-29.35,3,0,4,0.1,0.001,0.9118
1742,-29.86,3,0,4,0.1,0.001,0.7861
1743,-20.85,6,0,7,0.1,0.001,1.3072
1744,-28.09,3,0,4,0.1,0.001,1.2273
1745,-32.81,1,0,2,0.1,0.001,1.0962
1746,-34.15,1,0,2,0.1,0.001,0.427
1747,-26.96,4,0,5,0.1,0.001,1.007
1748,-20.94,5,0,6,0.1,0.001,1.6771
1749,-24.36,4,0,5,0.1,0.001,1.5271
1750,-30.74,3,0,4,0.1,0.001,0.5652
1751,-34.15,1,0,2,0.1,0.001,0.4264
1752,-26.61,4,0,5,0.1,0.001,1.0774
1753,-22.15,6,0,7,0.1,0.001,1.1218
1754,54.25,8,1,8,0.1,0.001,1.406
1755,-33.11,1,0,2,0.1,0.001,0.9446
1756,-33.1,1,0,2,0.1,0.001,0.9492
1757,-34.15,1,0,2,0.1,0.001,0.4259
1758,-31.43,2,0,3,0.1,0.001,0.856
1759,-33.39,1,0,2,0.1,0.001,0.8044
1760,-31.2,2,0,3,0.1,0.001,0.9319
1761,-31.43,2,0,3,0.1,0.001,0.8559
1762,-32.76,1,0,2,0.1,0.001,1.1199
1763,-22.1,5,0,6,0.1,0.001,1.4839
1764,-18.34,6,0,7,0.1,0.001,1.6659
1765,39.21,2,1,2,0.1,0.001,1.1046
1766,-29.65,3,0,4,0.1,0.001,0.8363
1767,-34.15,1,0,2,0.1,0.001,0.4251
1768,-34.15,1,0,2,0.1,0.001,0.4249
1769,-32.94,1,0,2,0.1,0.001,1.0294
1770,-30.23,2,0,3,0.1,0.001,1.2554
1771,-28.05,3,0,4,0.1,0.001,1.2384
1772,-32.5,1,0,2,0.1,0.001,1.2508
1773,-28.16,3,0,4,0.1,0.001,1.2105
1774,-32.15,2,0,3,0.1,0.001,0.6166
1775,-28.58,3,0,4,0.1,0.001,1.1048
1776,-29.92,2,0,3,0.1,0.001,1.3614
1777,-33.0,1,0,2,0.1,0.001,0.9999
1778,-26.11,4,0,5,0.1,0.001,1.1786
1779,-30.98,2,0,3,0.1,0.001,1.006
1780,-29.78,2,0,3,0.1,0.001,1.4051
1781,-32.8,1,0,2,0.1,0.001,1.0987
1782,-10.64,9,0,10,0.1,0.001,1.6359
1783,-32.1,2,0,3,0.1,0.001,0.6336
1784,-32.59,1,0,2,0.1,0.001,1.2049
1785,-19.0,6,0,7,0.1,0.001,1.5718
1786,-29.96,2,0,3,0.1,0.001,1.3467
1787,-32.84,1,0,2,0.1,0.001,1.0787
1788,-29.54,2,0,3,0.1,0.001,1.487
1789,-33.89,1,0,2,0.1,0.001,0.557
1790,-25.46,4,0,5,0.1,0.001,1.3083
1791,-31.46,2,0,3,0.1,0.001,0.8464
1792,-28.14,3,0,4,0.1,0.001,1.214
1793,-30.95,2,0,3,0.1,0.001,1.0152
1794,-30.42,2,0,3,0.1,0.001,1.1948
1795,-25.51,3,0,4,0.1,0.001,1.872
1796,-32.68,1,0,2,0.1,0.001,1.1607
1797,-31.32,2,0,3,0.1,0.001,0.8928
1798,-27.68,4,0,5,0.1,0.001,0.8646
1799,-32.45,1,0,2,0.1,0.001,1.2744
1800,-32.42,1,0,2,0.1,0.001,1.2914
1801,-34.15,1,0,2,0.1,0.001,0.4231
1802,-28.01,4,0,5,0.1,0.001,0.7982
1803,-28.98,3,0,4,0.1,0.001,1.0062
1804,-32.84,1,0,2,0.1,0.001,1.0791
1805,-29.84,3,0,4,0.1,0.001,0.7901
1806,-28.2,4,0,5,0.1,0.001,0.7603
1807,-21.1,5,0,6,0.1,0.001,1.6507
1808,-32.53,2,0,3,0.1,0.001,0.4897
1809,-28.9,4,0,5,0.1,0.001,0.619
1810,-22.19,5,0,6,0.1,0.001,1.4689
1811,-12.26,8,0,9,0.1,0.001,1.7488
1812,-19.28,7,0,8,0.1,0.001,1.2154
1813,-32.99,1,0,2,0.1,0.001,1.0059
1814,-13.99,8,0,9,0.1,0.001,1.5569
1815,-29.83,3,0,4,0.1,0.001,0.7936
1816,-34.16,1,0,2,0.1,0.001,0.4217
1817,-33.2,1,0,2,0.1,0.001,0.8993
1818,-34.16,1,0,2,0.1,0.001,0.4216
1819,-28.21,3,0,4,0.1,0.001,1.1982
1820,-30.27,2,0,3,0.1,0.001,1.2419
1821,-23.67,4,0,5,0.1,0.001,1.6651
1822,-28.6,4,0,5,0.1,0.001,0.6808
1823,-29.42,2,0,3,0.1,0.001,1.5257
1824,-29.12,2,0,3,0.1,0.001,1.6254
1825,-33.29,1,0,2,0.1,0.001,0.8527
1826,-23.72,5,0,6,0.1,0.001,1.2128
1827,-17.41,8,0,9,0.1,0.001,1.1761
1828,-26.36,4,0,5,0.1,0.001,1.1273
1829,-33.99,1,0,2,0.1,0.001,0.503
1830,-32.47,1,0,2,0.1,0.001,1.2637
1831,39.36,2,1,2,0.1,0.001,1.1806
1832,-31.05,2,0,3,0.1,0.001,0.983
1833,-28.88,2,0,3,0.1,0.001,1.7083
1834,-32.52,1,0,2,0.1,0.001,1.2414
1835,-30.75,2,0,3,0.1,0.001,1.0843
1836,-34.0,1,0,2,0.1,0.001,0.5022
1837,-13.14,9,0,10,0.1,0.001,1.3861
1838,-32.44,1,0,2,0.1,0.001,1.2805
1839,-32.16,2,0,3,0.1,0.001,0.6119
1840,-25.96,4,0,5,0.1,0.001,1.208
1841,-27.62,3,0,4,0.1,0.001,1.345
1842,-26.54,3,0,4,0.1,0.001,1.6162
1843,-32.98,1,0,2,0.1,0.001,1.0099
1844,-27.6,4,0,5,0.1,0.001,0.8806
1845,-31.17,2,0,3,0.1,0.001,0.945
1846,-27.87,4,0,5,0.1,0.001,0.8264
1847,-28.71,3,0,4,0.1,0.001,1.0724
1848,47.03,5,1,5,0.1,0.001,1.4057
1849,-28.66,3,0,4,0.1,0.001,1.0854
1850,44.49,4,1,4,0.1,0.001,1.3729
1851,-24.43,4,0,5,0.1,0.001,1.5138
1852,-32.79,1,0,2,0.1,0.001,1.1072
1853,-31.72,2,0,3,0.1,0.001,0.7611
1854,-33.72,1,0,2,0.1,0.001,0.6395
1855,-30.95,2,0,3,0.1,0.001,1.016
1856,-30.52,2,0,3,0.1,0.001,1.1587
1857,-4.28,11,0,12,0.1,0.001,1.7269
1858,-28.47,3,0,4,0.1,0.001,1.1319
1859,-29.85,2,0,3,0.1,0.001,1.3847
1860,-29.86,3,0,4,0.1,0.001,0.7855
1861,-22.36,5,0,6,0.1,0.001,1.4403
1862,-34.16,1,0,2,0.1,0.001,0.4191
1863,-30.54,2,0,3,0.1,0.001,1.1548
1864,-28.92,4,0,5,0.1,0.001,0.6151
1865,-33.98,1,0,2,0.1,0.001,0.5119
1866,-32.54,2,0,3,0.1,0.001,0.4853
1867,-31.33,2,0,3,0.1,0.001,0.8908
1868,-32.63,1,0,2,0.1,0.001,1.1852
1869,-29.79,3,0,4,0.1,0.001,0.802
1870,-32.38,1,0,2,0.1,0.001,1.3094
1871,-33.74,1,0,2,0.1,0.001,0.6297
1872,-16.42,7,0,8,0.1,0.001,1.5722
1873,-30.77,3,0,4,0.1,0.001,0.5566
1874,-31.19,2,0,3,0.1,0.001,0.938
1875,-33.1,1,0,2,0.1,0.001,0.9492
1876,-32.26,1,0,2,0.1,0.001,1.3693
1877,-27.52,3,0,4,0.1,0.001,1.3706
1878,-24.19,4,0,5,0.1,0.001,1.5623
1879,-30.08,2,0,3,0.1,0.001,1.3056
1880,-33.72,1,0,2,0.1,0.001,0.6422
1881,-20.83,6,0,7,0.1,0.001,1.31
1882,-29.72,3,0,4,0.1,0.001,0.8197
1883,-30.07,3,0,4,0.1,0.001,0.7327
1884,-32.91,1,0,2,0.1,0.001,1.0425
1885,-29.63,3,0,4,0.1,0.001,0.8413
1886,-30.94,2,0,3,0.1,0.001,1.0185
1887,-29.85,3,0,4,0.1,0.001,0.7877
1888,-26.25,4,0,5,0.1,0.001,1.1498
1889,-32.77,1,0,2,0.1,0.001,1.116
1890,-24.45,4,0,5,0.1,0.001,1.5101
1891,-32.17,2,0,3,0.1,0.001,0.6093
1892,-32.43,1,0,2,0.1,0.001,1.2834
1893,-30.77,2,0,3,0.1,0.001,1.0768
1894,-26.08,5,0,6,0.1,0.001,0.8194
1895,-30.78,3,0,4,0.1,0.001,0.5548
1896,-31.16,2,0,3,0.1,0.001,0.9465
1897,-21.24,5,0,6,0.1,0.001,1.6273
1898,-24.93,4,0,5,0.1,0.001,1.4146
1899,-29.98,2,0,3,0.1,0.001,1.3401
1900,-23.79,4,0,5,0.1,0.001,1.6422
1901,-23.16,6,0,7,0.1,0.001,0.9777
1902,-24.1,5,0,6,0.1,0.001,1.1504
1903,-32.92,1,0,2,0.1,0.001,1.0379
1904,-27.95,3,0,4,0.1,0.001,1.2621
1905,-27.56,3,0,4,0.1,0.001,1.3603
1906,-32.36,1,0,2,0.1,0.001,1.3191
1907,-30.11,3,0,4,0.1,0.001,0.722
1908,-26.85,3,0,4,0.1,0.001,1.5385
1909,-31.43,2,0,3,0.1,0.001,0.8577
1910,-32.86,1,0,2,0.1,0.001,1.069
1911,-26.55,4,0,5,0.1,0.001,1.0905
1912,-30.15,2,0,3,0.1,0.001,1.2837
1913,-32.55,2,0,3,0.1,0.001,0.4822
1914,-21.4,6,0,7,0.1,0.001,1.2283
1915,-32.46,1,0,2,0.1,0.001,1.2692
1916,-34.17,1,0,2,0.1,0.001,0.4156
1917,-29.31,3,0,4,0.1,0.001,0.922
1918,-30.2,3,0,4,0.1,0.001,0.699
1919,-34.17,1,0,2,0.1,0.001,0.4153
1920,-32.56,2,0,3,0.1,0.001,0.4815
1921,-32.69,1,0,2,0.1,0.001,1.1532
1922,-34.17,1,0,2,0.1,0.001,0.415
1923,-26.41,4,0,5,0.1,0.001,1.1172
1924,-21.2,6,0,7,0.1,0.001,1.2569
1925,-8.99,9,0,10,0.1,0.001,1.8009
1926,-21.91,6,0,7,0.1,0.001,1.1557
1927,-25.1,4,0,5,0.1,0.001,1.3797
1928,-33.62,1,0,2,0.1,0.001,0.6891
1929,-32.93,1,0,2,0.1,0.001,1.0346
1930,-28.46,3,0,4,0.1,0.001,1.1355
1931,-34.17,1,0,2,0.1,0.001,0.4142
1932,-31.34,2,0,3,0.1,0.001,0.887
1933,-25.75,4,0,5,0.1,0.001,1.25
1934,-34.17,1,0,2,0.1,0.001,0.414
1935,-32.36,1,0,2,0.1,0.001,1.3177
1936,-22.41,6,0,7,0.1,0.001,1.0843
1937,-21.68,5,0,6,0.1,0.001,1.5532
1938,-32.84,1,0,2,0.1,0.001,1.0797
1939,-34.17,1,0,2,0.1,0.001,0.4137
1940,-25.06,4,0,5,0.1,0.001,1.3872
1941,-31.4,2,0,3,0.1,0.001,0.8652
1942,-21.33,5,0,6,0.1,0.001,1.6108
1943,-30.55,3,0,4,0.1,0.001,0.6126
1944,-29.95,2,0,3,0.1,0.001,1.3502
1945,-18.06,8,0,9,0.1,0.001,1.1046
1946,-29.52,2,0,3,0.1,0.001,1.4917
1947,-28.22,3,0,4,0.1,0.001,1.1961
1948,-26.0,4,0,5,0.1,0.001,1.1998
1949,-26.56,3,0,4,0.1,0.001,1.6096
1950,39.97,3,1,3,0.1,0.001,0.6573
1951,-24.89,4,0,5,0.1,0.001,1.422
1952,-20.62,6,0,7,0.1,0.001,1.3404
1953,-19.89,7,0,8,0.1,0.001,1.1385
1954,-33.13,1,0,2,0.1,0.001,0.9338
1955,-31.87,2,0,3,0.1,0.001,0.7108
1956,-22.97,4,0,5,0.1,0.001,1.8068
1957,-15.42,8,0,9,0.1,0.001,1.3975
1958,-28.1,4,0,5,0.1,0.001,0.78
1959,-32.73,1,0,2,0.1,0.001,1.1365
1960,-25.51,4,0,5,0.1,0.001,1.2989
1961,-27.74,4,0,5,0.1,0.001,0.8514
1962,-29.49,3,0,4,0.1,0.001,0.8784
1963,-32.48,1,0,2,0.1,0.001,1.2608
1964,-21.35,6,0,7,0.1,0.001,1.2355
1965,-24.21,6,0,7,0.1,0.001,0.8278
1966,-30.8,3,0,4,0.1,0.001,0.5494
1967,-32.39,1,0,2,0.1,0.001,1.3038
1968,-29.45,3,0,4,0.1,0.001,0.8883
1969,-31.25,2,0,3,0.1,0.001,0.9167
1970,-30.86,2,0,3,0.1,0.001,1.0468
1971,-23.41,6,0,7,0.1,0.001,0.9409
1972,-32.93,1,0,2,0.1,0.001,1.0364
1973,-32.9,1,0,2,0.1,0.001,1.0489
1974,-26.43,3,0,4,0.1,0.001,1.6429
1975,-20.21,6,0,7,0.1,0.001,1.3992
1976,-32.98,1,0,2,0.1,0.001,1.011
1977,-31.14,2,0,3,0.1,0.001,0.9534
1978,-24.62,4,0,5,0.1,0.001,1.4767
1979,-32.48,1,0,2,0.1,0.001,1.2617
1980,-26.31,5,0,6,0.1,0.001,0.7817
1981,-28.05,4,0,5,0.1,0.001,0.7904
1982,-32.71,1,0,2,0.1,0.001,1.1461
1983,-32.63,1,0,2,0.1,0.001,1.184
1984,-32.57,2,0,3,0.1,0.001,0.4765
1985,-27.2,3,0,4,0.1,0.001,1.4491
1986,-32.52,2,0,3,0.1,0.001,0.4932
1987,-29.68,2,0,3,0.1,0.001,1.4399
1988,-27.21,4,0,5,0.1,0.001,0.957
1989,-26.57,4,0,5,0.1,0.001,1.0862
1990,-10.89,11,0,12,0.1,0.001,1.176
1991,-33.75,1,0,2,0.1,0.001,0.6239
1992,-24.67,4,0,5,0.1,0.001,1.466
1993,-24.75,4,0,5,0.1,0.001,1.4492
1994,-24.89,5,0,6,0.1,0.001,1.019
1995,-28.49,3,0,4,0.1,0.001,1.1273
1996,-26.82,4,0,5,0.1,0.001,1.0359
1997,-30.77,2,0,3,0.1,0.001,1.0771
1998,-8.45,10,0,11,0.1,0.001,1.5954
1999,-32.91,1,0,2,0.1,0.001,1.0441
2000,-28.15,3,0,4,0.1,0.001,1.2124
2001,-30.91,2,0,3,0.1,0.001,1.0302
2002,-30.47,2,0,3,0.1,0.001,1.1771
2003,-29.89,2,0,3,0.1,0.001,1.3687
2004,-34.18,1,0,2,0.1,0.001,0.4099
2005,-31.08,2,0,3,0.1,0.001,0.974
2006,-27.87,3,0,4,0.1,0.001,1.2814
2007,-7.76,12,0,13,0.1,0.001,1.2491
2008,-27.44,4,0,5,0.1,0.001,0.9115
2009,-34.18,1,0,2,0.1,0.001,0.4096
2010,-34.18,1,0,2,0.1,0.001,0.4095
2011,-30.78,3,0,4,0.1,0.001,0.5552
2012,-24.74,4,0,5,0.1,0.001,1.4526
2013,-33.19,1,0,2,0.1,0.001,0.9053
2014,-27.67,3,0,4,0.1,0.001,1.3336
2015,-32.82,1,0,2,0.1,0.001,1.0875
2016,-26.98,3,0,4,0.1,0.001,1.5047
2017,-29.43,3,0,4,0.1,0.001,0.8937
2018,-32.19,2,0,3,0.1,0.001,0.6022
2019,-32.81,1,0,2,0.1,0.001,1.0932
2020,-29.31,3,0,4,0.1,0.001,0.9237
2021,-28.09,4,0,5,0.1,0.001,0.7827
2022,-33.94,1,0,2,0.1,0.001,0.5282
2023,-32.47,1,0,2,0.1,0.001,1.2643
2024,51.0,7,1,7,0.1,0.001,1.2855
2025,-32.46,1,0,2,0.1,0.001,1.2681
2026,-33.15,1,0,2,0.1,0.001,0.9233
2027,-33.72,1,0,2,0.1,0.001,0.6419
2028,-26.38,4,0,5,0.1,0.001,1.1235
2029,-29.13,2,0,3,0.1,0.001,1.6243
2030,-32.91,1,0,2,0.1,0.001,1.0428
2031,-32.95,1,0,2,0.1,0.001,1.0233
2032,-32.46,1,0,2,0.1,0.001,1.2705
2033,-22.14,5,0,6,0.1,0.001,1.4759
2034,-31.28,2,0,3,0.1,0.001,0.9052
2035,-25.44,4,0,5,0.1,0.001,1.3129
2036,-32.98,1,0,2,0.1,0.001,1.0116
2037,-28.23,3,0,4,0.1,0.001,1.1937
2038,-22.31,5,0,6,0.1,0.001,1.4476
2039,-29.27,3,0,4,0.1,0.001,0.9332
2040,-24.6,5,0,6,0.1,0.001,1.0672
2041,-32.69,1,0,2,0.1,0.001,1.154
2042,-29.67,3,0,4,0.1,0.001,0.8325
2043,-31.26,2,0,3,0.1,0.001,0.9144
2044,-22.95,6,0,7,0.1,0.001,1.0067
2045,-31.44,2,0,3,0.1,0.001,0.8518
2046,-18.16,8,0,9,0.1,0.001,1.0937
2047,-21.31,5,0,6,0.1,0.001,1.6145
2048,47.11,5,1,5,0.1,0.001,1.4217
2049,-29.64,2,0,3,0.1,0.001,1.4525
2050,-26.52,4,0,5,0.1,0.001,1.0963
2051,36.36,1,1,1,0.1,0.001,0.3563
2052,-32.86,1,0,2,0.1,0.001,1.0715
2053,-28.12,3,0,4,0.1,0.001,1.2211
2054,-21.38,5,0,6,0.1,0.001,1.6027
2055,-29.92,2,0,3,0.1,0.001,1.3614
2056,-33.81,1,0,2,0.1,0.001,0.5954
2057,-27.87,4,0,5,0.1,0.001,0.8265
2058,-26.51,3,0,4,0.1,0.001,1.6228
2059,-32.2,2,0,3,0.1,0.001,0.5987
2060,-21.99,5,0,6,0.1,0.001,1.5012
2061,-30.79,3,0,4,0.1,0.001,0.5513
2062,-32.21,2,0,3,0.1,0.001,0.5981
2063,-30.83,3,0,4,0.1,0.001,0.5429
2064,-25.5,4,0,5,0.1,0.001,1.3001
2065,-33.71,1,0,2,0.1,0.001,0.6447
2066,-28.62,3,0,4,0.1,0.001,1.0941
2067,-19.29,6,0,7,0.1,0.001,1.5304
2068,-19.01,6,0,7,0.1,0.001,1.5703
2069,-29.35,3,0,4,0.1,0.001,0.9126
2070,-23.03,5,0,6,0.1,0.001,1.3279
2071,-24.89,4,0,5,0.1,0.001,1.4216
2072,-32.64,1,0,2,0.1,0.001,1.1785
2073,-27.32,4,0,5,0.1,0.001,0.937
2074,-29.82,2,0,3,0.1,0.001,1.3923
2075,-28.6,3,0,4,0.1,0.001,1.0997
2076,-32.83,1,0,2,0.1,0.001,1.0857
2077,-34.02,1,0,2,0.1,0.001,0.489
2078,-32.95,1,0,2,0.1,0.001,1.0274
2079,-29.88,2,0,3,0.1,0.001,1.3718
2080,-28.59,3,0,4,0.1,0.001,1.1027
2081,-32.59,2,0,3,0.1,0.001,0.4709
2082,-25.11,5,0,6,0.1,0.001,0.9816
2083,-30.8,3,0,4,0.1,0.001,0.5497
2084,-32.21,2,0,3,0.1,0.001,0.5972
2085,-34.19,1,0,2,0.1,0.001,0.4057
2086,-19.9,6,0,7,0.1,0.001,1.4433
2087,-34.19,1,0,2,0.1,0.001,0.4056
2088,-20.05,6,0,7,0.1,0.001,1.4217
2089,-27.17,4,0,5,0.1,0.001,0.9659
2090,-25.16,4,0,5,0.1,0.001,1.3683
2091,-30.83,3,0,4,0.1,0.001,0.5414
2092,-25.05,4,0,5,0.1,0.001,1.3897
2093,-27.33,3,0,4,0.1,0.001,1.4183
2094,-29.7,3,0,4,0.1,0.001,0.8238
2095,-32.65,1,0,2,0.1,0.001,1.173
2096,-25.57,4,0,5,0.1,0.001,1.2864
2097,-28.4,3,0,4,0.1,0.001,1.1509
2098,-31.51,2,0,3,0.1,0.001,0.8298
2099,-17.99,7,0,8,0.1,0.001,1.3767
2100,-29.77,2,0,3,0.1,0.001,1.4101
2101,-24.66,4,0,5,0.1,0.001,1.4688
2102,-28.49,3,0,4,0.1,0.001,1.1269
2103,-28.51,3,0,4,0.1,0.001,1.123
2104,-31.14,2,0,3,0.1,0.001,0.9541
2105,-31.35,2,0,3,0.1,0.001,0.8828
2106,-27.98,4,0,5,0.1,0.001,0.8044
2107,-31.32,2,0,3,0.1,0.001,0.8933
2108,-29.15,3,0,4,0.1,0.001,0.9626
2109,-25.42,4,0,5,0.1,0.001,1.3158
2110,-22.25,5,0,6,0.1,0.001,1.4579
2111,-20.4,6,0,7,0.1,0.001,1.3718
2112,-33.22,1,0,2,0.1,0.001,0.8915
2113,-32.96,1,0,2,0.1,0.001,1.0189
2114,-30.09,2,0,3,0.1,0.001,1.3023
2115,-20.62,7,0,8,0.1,0.001,1.0473
2116,-26.86,3,0,4,0.1,0.001,1.5351
2117,-32.84,1,0,2,0.1,0.001,1.0794
2118,-17.97,8,0,9,0.1,0.001,1.1141
2119,-32.82,1,0,2,0.1,0.001,1.0914
2120,-33.9,1,0,2,0.1,0.001,0.548
2121,-17.29,7,0,8,0.1,0.001,1.464
2122,-32.29,1,0,2,0.1,0.001,1.3555
2123,-28.79,3,0,4,0.1,0.001,1.0514
2124,-29.58,3,0,4,0.1,0.001,0.8542
2125,-34.19,1,0,2,0.1,0.001,0.404
2126,-22.26,5,0,6,0.1,0.001,1.456
2127,-26.53,4,0,5,0.1,0.001,1.0933
2128,-22.84,5,0,6,0.1,0.001,1.3607
2129,-28.87,3,0,4,0.1,0.001,1.0317
2130,-25.13,4,0,5,0.1,0.001,1.374
2131,-26.87,4,0,5,0.1,0.001,1.0252
2132,-28.1,3,0,4,0.1,0.001,1.2245
2133,-26.0,4,0,5,0.1,0.001,1.2009
2134,-30.87,2,0,3,0.1,0.001,1.0436
2135,-28.32,3,0,4,0.1,0.001,1.1688
2136,-30.43,2,0,3,0.1,0.001,1.1884
2137,-34.02,1,0,2,0.1,0.001,0.4906
2138,-32.68,1,0,2,0.1,0.001,1.1585
2139,-28.08,3,0,4,0.1,0.001,1.2306
2140,-25.67,4,0,5,0.1,0.001,1.2657
2141,-19.11,6,0,7,0.1,0.001,1.5552
2142,-29.16,3,0,4,0.1,0.001,0.961
2143,-27.55,3,0,4,0.1,0.001,1.3619
2144,-31.48,2,0,3,0.1,0.001,0.8406
2145,-28.55,3,0,4,0.1,0.001,1.1114
2146,-24.75,4,0,5,0.1,0.001,1.4496
2147,-25.71,4,0,5,0.1,0.001,1.258
2148,-33.87,1,0,2,0.1,0.001,0.5665
2149,-31.2,2,0,3,0.1,0.001,0.9345
2150,-30.25,3,0,4,0.1,0.001,0.687
2151,-26.85,4,0,5,0.1,0.001,1.0308
2152,-28.58,3,0,4,0.1,0.001,1.1042
2153,-25.28,4,0,5,0.1,0.001,1.3445
2154,-14.1,8,0,9,0.1,0.001,1.5444
2155,-32.91,1,0,2,0.1,0.001,1.0463
2156,-25.56,4,0,5,0.1,0.001,1.288
2157,-34.03,1,0,2,0.1,0.001,0.4852
2158,-28.9,2,0,3,0.1,0.001,1.6986
2159,-21.09,5,0,6,0.1,0.001,1.652
2160,-22.53,5,0,6,0.1,0.001,1.4113
2161,-31.18,2,0,3,0.1,0.001,0.9394
2162,-18.37,6,0,7,0.1,0.001,1.6619
2163,-27.01,3,0,4,0.1,0.001,1.4964
2164,-24.27,4,0,5,0.1,0.001,1.5457
2165,-31.23,2,0,3,0.1,0.001,0.9249
2166,-32.54,2,0,3,0.1,0.001,0.4856
2167,-30.81,3,0,4,0.1,0.001,0.5466
2168,-9.94,9,0,10,0.1,0.001,1.7056
2169,-28.59,4,0,5,0.1,0.001,0.6816
2170,-28.57,3,0,4,0.1,0.001,1.1068
2171,-21.39,5,0,6,0.1,0.001,1.6021
2172,-32.68,1,0,2,0.1,0.001,1.1602
2173,-22.13,6,0,7,0.1,0.001,1.1248
2174,-25.46,4,0,5,0.1,0.001,1.3073
2175,-31.36,2,0,3,0.1,0.001,0.8809
2176,-32.78,1,0,2,0.1,0.001,1.1124
2177,-31.31,2,0,3,0.1,0.001,0.896
2178,-30.27,2,0,3,0.1,0.001,1.2422
2179,-30.24,2,0,3,0.1,0.001,1.2529
2180,-19.56,7,0,8,0.1,0.001,1.1799
2181,-33.03,1,0,2,0.1,0.001,0.986
2182,-22.57,5,0,6,0.1,0.001,1.4058
2183,-18.67,6,0,7,0.1,0.001,1.6186
2184,-29.08,3,0,4,0.1,0.001,0.9808
2185,-30.18,3,0,4,0.1,0.001,0.7055
2186,-32.54,1,0,2,0.1,0.001,1.2301
2187,-29.62,3,0,4,0.1,0.001,0.8443
2188,-33.06,1,0,2,0.1,0.001,0.9683
2189,-23.94,4,0,5,0.1,0.001,1.6121
2190,-31.73,2,0,3,0.1,0.001,0.7575
2191,-31.43,2,0,3,0.1,0.001,0.8563
2192,-24.47,4,0,5,0.1,0.001,1.5054
2193,-28.41,3,0,4,0.1,0.001,1.1466
2194,-18.9,7,0,8,0.1,0.001,1.2625
2195,-23.14,5,0,6,0.1,0.001,1.3093
2196,-30.21,2,0,3,0.1,0.001,1.2634
2197,-28.09,3,0,4,0.1,0.001,1.2284
2198,-25.77,4,0,5,0.1,0.001,1.2461
2199,-31.21,2,0,3,0.1,0.001,0.9315
2200,-28.3,3,0,4,0.1,0.001,1.1744
2201,-30.85,3,0,4,0.1,0.001,0.5373
2202,-33.94,1,0,2,0.1,0.001,0.5287
2203,-28.01,4,0,5,0.1,0.001,0.7976
2204,-28.15,3,0,4,0.1,0.001,1.2132
2205,-24.31,4,0,5,0.1,0.001,1.538
2206,-17.14,7,0,8,0.1,0.001,1.4825
2207,-16.72,7,0,8,0.1,0.001,1.5347
2208,-26.89,4,0,5,0.1,0.001,1.0224
2209,-32.8,1,0,2,0.1,0.001,1.1008
2210,-27.86,3,0,4,0.1,0.001,1.2856
2211,-12.58,9,0,10,0.1,0.001,1.4423
2212,-32.74,1,0,2,0.1,0.001,1.1289
2213,-29.14,2,0,3,0.1,0.001,1.6208
2214,-26.0,4,0,5,0.1,0.001,1.1999
2215,-33.77,1,0,2,0.1,0.001,0.6156
2216,-8.16,10,0,11,0.1,0.001,1.6218
2217,-31.29,2,0,3,0.1,0.001,0.9046
2218,-28.32,3,0,4,0.1,0.001,1.1698
2219,-33.75,1,0,2,0.1,0.001,0.6265
2220,-33.71,1,0,2,0.1,0.001,0.6459
2221,-28.61,3,0,4,0.1,0.001,1.0967
2222,-31.72,2,0,3,0.1,0.001,0.7615
2223,-30.35,2,0,3,0.1,0.001,1.2181
2224,-30.89,2,0,3,0.1,0.001,1.0382
2225,-31.53,2,0,3,0.1,0.001,0.8239
2226,-30.28,3,0,4,0.1,0.001,0.6806
2227,-29.27,2,0,3,0.1,0.001,1.5769
2228,-30.04,2,0,3,0.1,0.001,1.3203
2229,-26.48,4,0,5,0.1,0.001,1.1046
2230,-30.21,2,0,3,0.1,0.001,1.2649
2231,-32.73,1,0,2,0.1,0.001,1.1345
2232,-34.04,1,0,2,0.1,0.001,0.4809
2233,-30.85,3,0,4,0.1,0.001,0.5365
2234,-30.95,2,0,3,0.1,0.001,1.0158
2235,-34.2,1,0,2,0.1,0.001,0.3992
2236,-27.26,3,0,4,0.1,0.001,1.4357
2237,-32.24,2,0,3,0.1,0.001,0.5874
2238,-32.8,1,0,2,0.1,0.001,1.0984
2239,-25.44,4,0,5,0.1,0.001,1.3124
2240,-34.2,1,0,2,0.1,0.001,0.3989
2241,-29.05,3,0,4,0.1,0.001,0.9876
2242,-33.6,1,0,2,0.1,0.001,0.7005
2243,-32.61,2,0,3,0.1,0.001,0.4636
2244,-32.61,2,0,3,0.1,0.001,0.4634
2245,-31.15,2,0,3,0.1,0.001,0.9487
2246,-21.27,6,0,7,0.1,0.001,1.2471
2247,-26.23,5,0,6,0.1,0.001,0.7958
2248,-24.74,4,0,5,0.1,0.001,1.4522
2249,-29.92,2,0,3,0.1,0.001,1.361
2250,-32.49,1,0,2,0.1,0.001,1.2559
2251,-32.61,2,0,3,0.1,0.001,0.4628
2252,-32.59,1,0,2,0.1,0.001,1.2062
2253,-30.18,2,0,3,0.1,0.001,1.2728
2254,-31.3,2,0,3,0.1,0.001,0.9006
2255,-31.14,2,0,3,0.1,0.001,0.9542
2256,-33.77,1,0,2,0.1,0.001,0.6133
2257,-32.61,2,0,3,0.1,0.001,0.4624
2258,-24.38,4,0,5,0.1,0.001,1.5235
2259,-31.39,2,0,3,0.1,0.001,0.8707
2260,-26.1,5,0,6,0.1,0.001,0.8161
2261,-27.67,3,0,4,0.1,0.001,1.3327
2262,-32.59,1,0,2,0.1,0.001,1.2068
2263,-18.67,6,0,7,0.1,0.001,1.6185
2264,-28.57,3,0,4,0.1,0.001,1.1075
2265,-24.87,4,0,5,0.1,0.001,1.4264
2266,-25.07,4,0,5,0.1,0.001,1.3865
2267,-24.6,5,0,6,0.1,0.001,1.0667
2268,-30.16,2,0,3,0.1,0.001,1.2796
2269,-27.77,3,0,4,0.1,0.001,1.3068
2270,-33.07,1,0,2,0.1,0.001,0.9648
2271,-34.21,1,0,2,0.1,0.001,0.3971
2272,-21.0,5,0,6,0.1,0.001,1.6666
2273,-27.59,3,0,4,0.1,0.001,1.3517
2274,-21.71,6,0,7,0.1,0.001,1.1849
2275,-30.03,2,0,3,0.1,0.001,1.3222
2276,-28.55,3,0,4,0.1,0.001,1.1118
2277,-33.96,1,0,2,0.1,0.001,0.5178
2278,-30.44,2,0,3,0.1,0.001,1.1862
2279,-32.56,1,0,2,0.1,0.001,1.2217
2280,-24.0,5,0,6,0.1,0.001,1.166
2281,-28.63,3,0,4,0.1,0.001,1.0914
2282,-32.62,2,0,3,0.1,0.001,0.4614
2283,-31.7,2,0,3,0.1,0.001,0.7675
2284,-28.86,3,0,4,0.1,0.001,1.0346
2285,-19.28,6,0,7,0.1,0.001,1.5308
2286,-24.69,4,0,5,0.1,0.001,1.4614
2287,-32.62,2,0,3,0.1,0.001,0.4611
2288,-26.83,4,0,5,0.1,0.001,1.0346
2289,-29.23,3,0,4,0.1,0.001,0.9437
2290,-24.22,5,0,6,0.1,0.001,1.13
2291,-31.51,2,0,3,0.1,0.001,0.8304
2292,-32.84,1,0,2,0.1,0.001,1.078
2293,-32.84,1,0,2,0.1,0.001,1.0792
2294,-31.45,2,0,3,0.1,0.001,0.8492
2295,-31.15,2,0,3,0.1,0.001,0.9506
2296,-32.93,1,0,2,0.1,0.001,1.036
2297,-29.0,3,0,4,0.1,0.001,0.9989
2298,-21.28,5,0,6,0.1,0.001,1.6194
2299,-25.49,4,0,5,0.1,0.001,1.3021
2300,-27.66,4,0,5,0.1,0.001,0.8683
2301,-33.71,1,0,2,0.1,0.001,0.6469
2302,-21.16,7,0,8,0.1,0.001,0.9801
2303,-17.09,8,0,9,0.1,0.001,1.2124
2304,-33.71,1,0,2,0.1,0.001,0.6462
2305,-30.99,2,0,3,0.1,0.001,1.0032
2306,-27.18,3,0,4,0.1,0.001,1.4556
2307,-33.66,1,0,2,0.1,0.001,0.672
2308,-34.21,1,0,2,0.1,0.001,0.3953
2309,-29.83,2,0,3,0.1,0.001,1.3885
2310,-27.21,3,0,4,0.1,0.001,1.448
2311,-34.21,1,0,2,0.1,0.001,0.3952
2312,-26.89,4,0,5,0.1,0.001,1.0213
2313,-30.24,2,0,3,0.1,0.001,1.255
2314,-29.32,2,0,3,0.1,0.001,1.5608
2315,-29.09,3,0,4,0.1,0.001,0.9777
2316,-31.35,2,0,3,0.1,0.001,0.8841
2317,-19.58,6,0,7,0.1,0.001,1.489
2318,-25.79,5,0,6,0.1,0.001,0.8678
2319,-25.05,4,0,5,0.1,0.001,1.3907
2320,-30.52,2,0,3,0.1,0.001,1.1584
2321,-32.36,1,0,2,0.1,0.001,1.3213
2322,-14.34,7,0,8,0.1,0.001,1.832
2323,-25.21,5,0,6,0.1,0.001,0.9643
2324,-29.14,3,0,4,0.1,0.001,0.9643
2325,-32.62,2,0,3,0.1,0.001,0.4589
2326,-31.27,2,0,3,0.1,0.001,0.9114
2327,-34.21,1,0,2,0.1,0.001,0.3942
2328,-21.5,5,0,6,0.1,0.001,1.5837
2329,-32.52,1,0,2,0.1,0.001,1.2393
2330,-20.47,6,0,7,0.1,0.001,1.3617
2331,-27.02,4,0,5,0.1,0.001,0.995
2332,-29.61,3,0,4,0.1,0.001,0.8474
2333,-34.05,1,0,2,0.1,0.001,0.4768
2334,-32.63,2,0,3,0.1,0.001,0.4583
2335,-34.21,1,0,2,0.1,0.001,0.3937
2336,-32.76,1,0,2,0.1,0.001,1.1203
2337,-28.05,4,0,5,0.1,0.001,0.7897
2338,-20.45,5,0,6,0.1,0.001,1.759
2339,-26.59,4,0,5,0.1,0.001,1.0827
2340,-33.75,1,0,2,0.1,0.001,0.6272
2341,-28.76,4,0,5,0.1,0.001,0.6479
2342,-20.67,7,0,8,0.1,0.001,1.0406
2343,-31.29,2,0,3,0.1,0.001,0.9039
2344,-32.91,1,0,2,0.1,0.001,1.0463
2345,-30.28,2,0,3,0.1,0.001,1.2395
2346,-32.75,1,0,2,0.1,0.001,1.1242
2347,46.83,5,1,5,0.1,0.001,1.3654
2348,-31.23,2,0,3,0.1,0.001,0.9243
2349,-31.61,2,0,3,0.1,0.001,0.7963
2350,-23.98,4,0,5,0.1,0.001,1.6033
2351,-32.8,1,0,2,0.1,0.001,1.0991
2352,-34.21,1,0,2,0.1,0.001,0.393
2353,-22.98,5,0,6,0.1,0.001,1.3371
2354,-33.69,1,0,2,0.1,0.001,0.6557
2355,-28.35,3,0,4,0.1,0.001,1.162
2356,-34.21,1,0,2,0.1,0.001,0.3928
2357,-34.21,1,0,2,0.1,0.001,0.3927
2358,-33.66,1,0,2,0.1,0.001,0.6693
2359,-26.97,5,0,6,0.1,0.001,0.6723
2360,-33.87,1,0,2,0.1,0.001,0.5666
2361,-25.61,5,0,6,0.1,0.001,0.8983
2362,-30.88,3,0,4,0.1,0.001,0.5288
2363,-33.88,1,0,2,0.1,0.001,0.5602
2364,-29.52,2,0,3,0.1,0.001,1.4933
2365,-32.54,1,0,2,0.1,0.001,1.2298
2366,-31.41,2,0,3,0.1,0.001,0.8632
2367,-30.04,2,0,3,0.1,0.001,1.3207
2368,-32.69,1,0,2,0.1,0.001,1.1563
2369,-31.28,2,0,3,0.1,0.001,0.9069
2370,-27.14,4,0,5,0.1,0.001,0.9714
2371,-20.05,6,0,7,0.1,0.001,1.4209
2372,-29.75,3,0,4,0.1,0.001,0.8117
2373,-32.26,2,0,3,0.1,0.001,0.5808
2374,-18.57,7,0,8,0.1,0.001,1.304
2375,-31.72,2,0,3,0.1,0.001,0.7614
2376,-31.32,2,0,3,0.1,0.001,0.8922
2377,-25.7,4,0,5,0.1,0.001,1.2604
2378,-30.23,3,0,4,0.1,0.001,0.6937
2379,-33.84,1,0,2,0.1,0.001,0.5812
2380,-32.78,1,0,2,0.1,0.001,1.1097
2381,41.56,3,1,3,0.1,0.001,1.1864
2382,-33.94,1,0,2,0.1,0.001,0.5314
2383,-28.2,3,0,4,0.1,0.001,1.1996
2384,-29.92,3,0,4,0.1,0.001,0.7707
2385,-25.48,4,0,5,0.1,0.001,1.3037
2386,-32.79,1,0,2,0.1,0.001,1.1049
2387,-34.22,1,0,2,0.1,0.001,0.3914
2388,-32.74,1,0,2,0.1,0.001,1.1303
2389,-34.22,1,0,2,0.1,0.001,0.3912
2390,-33.14,1,0,2,0.1,0.001,0.9278
2391,-28.18,3,0,4,0.1,0.001,1.2056
2392,-32.76,1,0,2,0.1,0.001,1.1219
2393,-32.5,1,0,2,0.1,0.001,1.2499
2394,-22.78,5,0,6,0.1,0.001,1.3696
2395,-19.66,6,0,7,0.1,0.001,1.4774
2396,-14.06,7,0,8,0.1,0.001,1.8677
2397,-28.58,3,0,4,0.1,0.001,1.1042
2398,-32.75,1,0,2,0.1,0.001,1.1242
2399,-26.65,4,0,5,0.1,0.001,1.0693
2400,-34.22,1,0,2,0.1,0.001,0.3906
2401,-34.22,1,0,2,0.1,0.001,0.3904
2402,-23.97,4,0,5,0.1,0.001,1.605
2403,-29.15,3,0,4,0.1,0.001,0.9634
2404,-25.08,4,0,5,0.1,0.001,1.3835
2405,-32.62,1,0,2,0.1,0.001,1.19
2406,-28.65,3,0,4,0.1,0.001,1.0884
2407,-32.47,1,0,2,0.1,0.001,1.2632
2408,-29.99,3,0,4,0.1,0.001,0.7533
2409,-33.81,1,0,2,0.1,0.001,0.5947
2410,-34.22,1,0,2,0.1,0.001,0.39
2411,-33.84,1,0,2,0.1,0.001,0.578
2412,-32.69,1,0,2,0.1,0.001,1.1557
2413,-30.89,3,0,4,0.1,0.001,0.5266
2414,-30.24,2,0,3,0.1,0.001,1.2518
2415,-30.52,2,0,3,0.1,0.001,1.1585
2416,-27.94,3,0,4,0.1,0.001,1.265
2417,-29.2,3,0,4,0.1,0.001,0.9494
2418,-32.86,1,0,2,0.1,0.001,1.0678
2419,-30.55,2,0,3,0.1,0.001,1.1506
2420,-32.26,2,0,3,0.1,0.001,0.5786
2421,-31.45,2,0,3,0.1,0.001,0.8516
2422,-32.64,2,0,3,0.1,0.001,0.4539
2423,-28.62,3,0,4,0.1,0.001,1.0953
2424,-33.01,1,0,2,0.1,0.001,0.9946
2425,-18.56,6,0,7,0.1,0.001,1.6346
2426,-30.62,2,0,3,0.1,0.001,1.1271
2427,-32.64,1,0,2,0.1,0.001,1.1788
2428,-31.08,2,0,3,0.1,0.001,0.9739
2429,-30.4,2,0,3,0.1,0.001,1.1989
2430,-24.74,4,0,5,0.1,0.001,1.4515
2431,-29.59,2,0,3,0.1,0.001,1.4704
2432,-34.22,1,0,2,0.1,0.001,0.3894
2433,-11.6,9,0,10,0.1,0.001,1.5396
2434,-29.96,2,0,3,0.1,0.001,1.3481
2435,-25.23,4,0,5,0.1,0.001,1.355
2436,-32.88,1,0,2,0.1,0.001,1.0619
2437,-31.05,2,0,3,0.1,0.001,0.9836
2438,-26.09,4,0,5,0.1,0.001,1.1819
2439,-26.35,4,0,5,0.1,0.001,1.1305
2440,-17.02,7,0,8,0.1,0.001,1.4974
2441,-25.78,4,0,5,0.1,0.001,1.2443
2442,-26.63,5,0,6,0.1,0.001,0.7277
2443,-30.9,3,0,4,0.1,0.001,0.5259
2444,-33.04,1,0,2,0.1,0.001,0.979
2445,-24.86,5,0,6,0.1,0.001,1.024
2446,-26.17,4,0,5,0.1,0.001,1.1662
2447,-32.91,1,0,2,0.1,0.001,1.0438
2448,-29.2,3,0,4,0.1,0.001,0.9497
2449,-20.06,6,0,7,0.1,0.001,1.4198
2450,-34.22,1,0,2,0.1,0.001,0.3888
2451,-17.88,7,0,8,0.1,0.001,1.3902
2452,-24.79,4,0,5,0.1,0.001,1.4427
2453,-26.99,3,0,4,0.1,0.001,1.5017
2454,-34.01,1,0,2,0.1,0.001,0.4946
2455,-32.88,1,0,2,0.1,0.001,1.0601
2456,-32.63,1,0,2,0.1,0.001,1.1841
2457,-33.97,1,0,2,0.1,0.001,0.5162
2458,-30.91,2,0,3,0.1,0.001,1.0316
2459,-34.06,1,0,2,0.1,0.001,0.4712
2460,-29.09,3,0,4,0.1,0.001,0.9765
2461,-33.74,1,0,2,0.1,0.001,0.6303
2462,41.03,3,1,3,0.1,0.001,1.0113
2463,-19.69,8,0,9,0.1,0.001,0.9234
2464,-16.66,9,0,10,0.1,0.001,1.0335
2465,-34.22,1,0,2,0.1,0.001,0.388
2466,-32.89,1,0,2,0.1,0.001,1.0551
2467,-31.53,2,0,3,0.1,0.001,0.824
2468,-6.25,13,0,14,0.1,0.001,1.1966
2469,-19.38,6,0,7,0.1,0.001,1.5168
2470,41.03,3,1,3,0.1,0.001,1.0106
2471,-28.16,3,0,4,0.1,0.001,1.2099
2472,-32.27,2,0,3,0.1,0.001,0.5773
2473,-28.4,3,0,4,0.1,0.001,1.1511
2474,-24.87,6,0,7,0.1,0.001,0.7333
2475,-26.13,4,0,5,0.1,0.001,1.1739
2476,-29.48,3,0,4,0.1,0.001,0.881
2477,-29.27,3,0,4,0.1,0.001,0.9324
2478,-23.0,5,0,6,0.1,0.001,1.333
2479,-33.89,1,0,2,0.1,0.001,0.554
2480,-30.91,3,0,4,0.1,0.001,0.5236
2481,-29.62,3,0,4,0.1,0.001,0.845
2482,-32.65,2,0,3,0.1,0.001,0.4513
2483,-32.72,1,0,2,0.1,0.001,1.1409
2484,-34.23,1,0,2,0.1,0.001,0.3868
2485,-27.35,3,0,4,0.1,0.001,1.4135
2486,-33.74,1,0,2,0.1,0.001,0.6286
2487,-29.58,2,0,3,0.1,0.001,1.4732
2488,-27.2,3,0,4,0.1,0.001,1.4507
2489,-18.73,6,0,7,0.1,0.001,1.6094
2490,-30.87,3,0,4,0.1,0.001,0.5313
2491,-23.85,4,0,5,0.1,0.001,1.6298
2492,-33.95,1,0,2,0.1,0.001,0.5271
2493,-30.91,3,0,4,0.1,0.001,0.5229
2494,39.49,2,1,2,0.1,0.001,1.2457
2495,-31.36,2,0,3,0.1,0.001,0.8796
2496,-31.34,2,0,3,0.1,0.001,0.8883
2497,-30.78,2,0,3,0.1,0.001,1.0745
2498,-12.44,9,0,10,0.1,0.001,1.4556
2499,-27.78,3,0,4,0.1,0.001,1.3042
2500,-32.27,2,0,3,0.1,0.001,0.5762
2501,-30.88,2,0,3,0.1,0.001,1.0394
2502,-29.27,3,0,4,0.1,0.001,0.9329
2503,-27.9,4,0,5,0.1,0.001,0.8202
2504,-30.25,3,0,4,0.1,0.001,0.6886
2505,-30.91,3,0,4,0.1,0.001,0.5223
2506,-31.56,2,0,3,0.1,0.001,0.8142
2507,-30.34,2,0,3,0.1,0.001,1.2183
2508,-17.71,7,0,8,0.1,0.001,1.4118
2509,-26.06,5,0,6,0.1,0.001,0.8229
2510,-31.97,2,0,3,0.1,0.001,0.6763
2511,-31.37,2,0,3,0.1,0.001,0.8768
2512,-28.07,4,0,5,0.1,0.001,0.7861
2513,-25.75,3,0,4,0.1,0.001,1.8123
2514,-20.94,6,0,7,0.1,0.001,1.2948
2515,-31.29,2,0,3,0.1,0.001,0.9019
2516,-32.65,2,0,3,0.1,0.001,0.4493
2517,-27.01,4,0,5,0.1,0.001,0.9987
2518,-14.64,8,0,9,0.1,0.001,1.4841
2519,-19.81,6,0,7,0.1,0.001,1.4553
2520,-29.15,3,0,4,0.1,0.001,0.9635
2521,-34.23,1,0,2,0.1,0.001,0.3854
2522,-17.11,7,0,8,0.1,0.001,1.486
2523,-29.54,2,0,3,0.1,0.001,1.4878
2524,-33.04,1,0,2,0.1,0.001,0.9794
2525,-30.33,3,0,4,0.1,0.001,0.6669
2526,-17.01,7,0,8,0.1,0.001,1.4984
2527,-30.34,2,0,3,0.1,0.001,1.2205
2528,-31.18,2,0,3,0.1,0.001,0.9404
2529,-33.78,1,0,2,0.1,0.001,0.6124
2530,-32.94,1,0,2,0.1,0.001,1.031
2531,-8.4,8,0,9,0.1,0.001,2.1781
2532,-19.66,3,0,4,0.1,0.001,3.3361
2533,57.91,5,1,5,0.1,0.001,3.5821
2534,-17.8,3,0,4,0.1,0.001,3.8007
2535,-11.29,4,0,5,0.1,0.001,4.1412
2536,27.09,9,0,10,0.1,0.001,5.4089
2537,26.94,8,0,9,0.1,0.001,6.104
2538,44.94,9,0,10,0.1,0.001,7.1943
2539,-9.52,2,0,3,0.1,0.001,8.1603
2540,54.59,2,1,2,0.1,0.001,8.7943
2541,0.22,3,0,4,0.1,0.001,8.3038
2542,-19.58,1,0,2,0.1,0.001,7.7081
2543,10.87,4,0,5,0.1,0.001,8.5736
2544,25.78,5,0,6,0.1,0.001,9.4627
2545,43.73,7,0,8,0.1,0.001,9.0914
2546,12.92,4,0,5,0.1,0.001,8.9847
2547,-17.68,1,0,2,0.1,0.001,8.6582
2548,6.85,3,0,4,0.1,0.001,9.9632
2549,-18.15,1,0,2,0.1,0.001,8.427
2550,-1.44,3,0,4,0.1,0.001,7.891
2551,2.32,3,0,4,0.1,0.001,8.8303
2552,-19.48,1,0,2,0.1,0.001,7.7613
2553,-20.61,1,0,2,0.1,0.001,7.1925
2554,-10.28,2,0,3,0.1,0.001,7.9062
2555,-26.78,1,0,2,0.1,0.001,4.1121
2556,-24.31,1,0,2,0.1,0.001,5.3441
2557,-11.19,2,0,3,0.1,0.001,7.6038
2558,0.03,4,0,5,0.1,0.001,6.4065
2559,-12.08,3,0,4,0.1,0.001,5.2301
2560,6.06,5,0,6,0.1,0.001,6.1768
2561,-24.1,1,0,2,0.1,0.001,5.4488
2562,-25.58,1,0,2,0.1,0.001,4.7117
2563,-14.62,3,0,4,0.1,0.001,4.5959
2564,-16.98,2,0,3,0.1,0.001,5.6733
2565,-9.16,3,0,4,0.1,0.001,5.9589
2566,5.94,5,0,6,0.1,0.001,6.157
2567,-5.66,5,0,6,0.1,0.001,4.2231
2568,-23.67,1,0,2,0.1,0.001,5.6649
2569,-10.9,5,0,6,0.1,0.001,3.3496
2570,-23.95,1,0,2,0.1,0.001,5.5274
2571,-31.33,1,0,2,0.1,0.001,1.8361
2572,-31.1,1,0,2,0.1,0.001,1.9499
2573,18.99,9,0,10,0.1,0.001,4.5988
2574,-23.9,2,0,3,0.1,0.001,3.3676
2575,-18.0,4,0,5,0.1,0.001,2.8005
2576,-5.66,9,0,10,0.1,0.001,2.1338
2577,5.24,5,0,6,0.1,0.001,6.0408
2578,-21.13,3,0,4,0.1,0.001,2.9687
2579,-25.11,1,0,2,0.1,0.001,4.9461
2580,1.22,5,0,6,0.1,0.001,5.3696
2581,-27.85,1,0,2,0.1,0.001,3.5764
2582,-28.19,1,0,2,0.1,0.001,3.4061
2583,-13.34,4,0,5,0.1,0.001,3.7326
2584,-26.71,3,0,4,0.1,0.001,1.5714
2585,47.48,2,1,2,0.1,0.001,5.2375
2586,25.64,9,0,10,0.1,0.001,5.2638
2587,-23.93,2,0,3,0.1,0.001,3.3581
2588,45.88,2,1,2,0.1,0.001,4.4403
2589,-10.47,5,0,6,0.1,0.001,3.4217
2590,-11.48,4,0,5,0.1,0.001,4.1049
2591,-19.72,3,0,4,0.1,0.001,3.3206
2592,-27.02,1,0,2,0.1,0.001,3.9925
2593,-32.83,1,0,2,0.1,0.001,1.0833
2594,-26.49,1,0,2,0.1,0.001,4.255
2595,-7.41,8,0,9,0.1,0.001,2.2874
2596,-3.7,6,0,7,0.1,0.001,3.757
2597,-3.71,7,0,8,0.1,0.001,3.1608
2598,-22.25,4,0,5,0.1,0.001,1.9508
2599,-8.6,7,0,8,0.1,0.001,2.5501
2600,-27.35,1,0,2,0.1,0.001,3.8266
2601,-28.55,1,0,2,0.1,0.001,3.2265
2602,-16.26,3,0,4,0.1,0.001,4.1859
2603,-9.84,5,0,6,0.1,0.001,3.5269
2604,-28.66,1,0,2,0.1,0.001,3.1724
2605,-23.91,5,0,6,0.1,0.001,1.1813
2606,1.4,6,0,7,0.1,0.001,4.4858
2607,-33.4,1,0,2,0.1,0.001,0.8014
2608,-6.12,5,0,6,0.1,0.001,4.1473
2609,-27.25,1,0,2,0.1,0.001,3.8742
2610,-29.87,3,0,4,0.1,0.001,0.7823
2611,-28.46,1,0,2,0.1,0.001,3.2723
2612,-28.65,1,0,2,0.1,0.001,3.1759
2613,-33.65,1,0,2,0.1,0.001,0.676
2614,-7.58,6,0,7,0.1,0.001,3.203
2615,-4.48,7,0,8,0.1,0.001,3.0649
2616,-12.54,4,0,5,0.1,0.001,3.8922
2617,-28.09,1,0,2,0.1,0.001,3.4546
2618,-8.68,5,0,6,0.1,0.001,3.7205
2619,-10.89,4,0,5,0.1,0.001,4.2228
2620,-27.22,4,0,5,0.1,0.001,0.9554
2621,69.02,8,1,8,0.1,0.001,3.2526
2622,-23.45,2,0,3,0.1,0.001,3.5179
2623,-33.17,1,0,2,0.1,0.001,0.9126
2624,-8.3,6,0,7,0.1,0.001,3.1005
2625,-4.53,8,0,9,0.1,0.001,2.608
2626,-17.08,3,0,4,0.1,0.001,3.9806
2627,-14.33,4,0,5,0.1,0.001,3.5332
2628,-23.39,2,0,3,0.1,0.001,3.538
2629,-33.15,1,0,2,0.1,0.001,0.9234
2630,-31.14,2,0,3,0.1,0.001,0.9531
2631,-30.89,2,0,3,0.1,0.001,1.0372
2632,-11.6,5,0,6,0.1,0.001,3.2326
2633,-22.37,2,0,3,0.1,0.001,3.8771
2634,-18.07,5,0,6,0.1,0.001,2.1557
2635,-33.23,1,0,2,0.1,0.001,0.8826
2636,-31.33,2,0,3,0.1,0.001,0.8886
2637,-17.32,3,0,4,0.1,0.001,3.9207
2638,-20.95,3,0,4,0.1,0.001,3.0114
2639,-29.93,1,0,2,0.1,0.001,2.5357
2640,-3.16,7,0,8,0.1,0.001,3.2306
2641,-10.22,5,0,6,0.1,0.001,3.4638
2642,-16.69,4,0,5,0.1,0.001,3.0614
2643,-15.28,4,0,5,0.1,0.001,3.3444
2644,-22.72,4,0,5,0.1,0.001,1.857
2645,-18.97,5,0,6,0.1,0.001,2.0042
2646,-9.68,7,0,8,0.1,0.001,2.4145
2647,-26.31,2,0,3,0.1,0.001,2.5643
2648,-14.3,4,0,5,0.1,0.001,3.5397
2649,-26.65,2,0,3,0.1,0.001,2.4493
2650,-20.22,3,0,4,0.1,0.001,3.1956
2651,-16.88,4,0,5,0.1,0.001,3.0236
2652,-32.32,1,0,2,0.1,0.001,1.339
2653,-15.05,5,0,6,0.1,0.001,2.658
2654,-8.14,5,0,6,0.1,0.001,3.8104
2655,-18.07,3,0,4,0.1,0.001,3.7337
2656,-32.15,1,0,2,0.1,0.001,1.4233
2657,-13.61,4,0,5,0.1,0.001,3.6779
2658,-26.37,2,0,3,0.1,0.001,2.5427
2659,-31.87,1,0,2,0.1,0.001,1.5637
2660,-29.19,1,0,2,0.1,0.001,2.9056
2661,-21.5,3,0,4,0.1,0.001,2.8754
2662,-22.82,3,0,4,0.1,0.001,2.5445
2663,-31.54,1,0,2,0.1,0.001,1.7294
2664,-3.51,7,0,8,0.1,0.001,3.1868
2665,-12.66,4,0,5,0.1,0.001,3.8671
2666,43.14,2,1,2,0.1,0.001,3.0686
2667,-11.58,5,0,6,0.1,0.001,3.2375
2668,-28.63,1,0,2,0.1,0.001,3.1874
2669,-14.75,4,0,5,0.1,0.001,3.4495
2670,-19.21,3,0,4,0.1,0.001,3.4471
2671,-19.64,3,0,4,0.1,0.001,3.3398
2672,11.1,11,0,12,0.1,0.001,3.0081
2673,-24.91,2,0,3,0.1,0.001,3.0288
2674,-5.38,6,0,7,0.1,0.001,3.5165
2675,-27.07,1,0,2,0.1,0.001,3.9673
2676,-22.21,2,0,3,0.1,0.001,3.9301
2677,-23.64,2,0,3,0.1,0.001,3.4518
2678,3.89,9,0,10,0.1,0.001,3.0891
2679,-23.79,2,0,3,0.1,0.001,3.4038
2680,-30.54,1,0,2,0.1,0.001,2.2278
2681,-30.8,1,0,2,0.1,0.001,2.1011
2682,-28.21,1,0,2,0.1,0.001,3.3954
2683,-12.51,5,0,6,0.1,0.001,3.0823
2684,-12.91,6,0,7,0.1,0.001,2.4416
2685,-14.8,4,0,5,0.1,0.001,3.4403
2686,-19.51,3,0,4,0.1,0.001,3.3734
2687,-5.01,6,0,7,0.1,0.001,3.5698
2688,-2.95,8,0,9,0.1,0.001,2.7832
2689,-10.47,5,0,6,0.1,0.001,3.4212
2690,-14.8,4,0,5,0.1,0.001,3.4396
2691,-5.11,7,0,8,0.1,0.001,2.9863
2692,-22.43,2,0,3,0.1,0.001,3.8555
2693,-30.1,1,0,2,0.1,0.001,2.4488
2694,-13.69,4,0,5,0.1,0.001,3.6624
2695,-28.17,1,0,2,0.1,0.001,3.4147
2696,-25.58,2,0,3,0.1,0.001,2.8082
2697,-26.14,2,0,3,0.1,0.001,2.6214
2698,-31.13,1,0,2,0.1,0.001,1.9372
2699,-31.07,1,0,2,0.1,0.001,1.9652
2700,-18.08,4,0,5,0.1,0.001,2.7846
2701,49.34,4,1,4,0.1,0.001,2.5858
2702,-11.9,5,0,6,0.1,0.001,3.183
2703,-2.29,7,0,8,0.1,0.001,3.3392
2704,-11.97,5,0,6,0.1,0.001,3.1715
2705,-15.67,4,0,5,0.1,0.001,3.2653
2706,-24.41,2,0,3,0.1,0.001,3.1967
2707,-19.13,3,0,4,0.1,0.001,3.4686
2708,-28.34,1,0,2,0.1,0.001,3.3304
2709,-30.54,1,0,2,0.1,0.001,2.2319
2710,-11.73,5,0,6,0.1,0.001,3.2109
2711,-13.28,5,0,6,0.1,0.001,2.9527
2712,-30.27,1,0,2,0.1,0.001,2.3651
2713,-14.01,4,0,5,0.1,0.001,3.5972
2714,-11.94,5,0,6,0.1,0.001,3.1761
2715,-30.25,1,0,2,0.1,0.001,2.3733
2716,-25.03,3,0,4,0.1,0.001,1.9936
2717,-27.96,1,0,2,0.1,0.001,3.5224
2718,-7.51,7,0,8,0.1,0.001,2.6867
2719,53.52,4,1,4,0.1,0.001,3.6305
2720,-1.41,7,0,8,0.1,0.001,3.4491
2721,-11.37,5,0,6,0.1,0.001,3.2722
2722,-24.55,2,0,3,0.1,0.001,3.151
2723,-18.77,4,0,5,0.1,0.001,2.6461
2724,-12.32,5,0,6,0.1,0.001,3.113
2725,-31.0,1,0,2,0.1,0.001,2.0025
2726,-13.92,4,0,5,0.1,0.001,3.6164
2727,42.93,2,1,2,0.1,0.001,2.9635
2728,-19.61,3,0,4,0.1,0.001,3.3482
2729,53.36,5,1,5,0.1,0.001,2.6712
2730,-28.61,2,0,3,0.1,0.001,1.7951
2731,-5.57,8,0,9,0.1,0.001,2.4921
2732,4.81,13,0,14,0.1,0.001,1.9865
2733,-16.02,4,0,5,0.1,0.001,3.1964
2734,-25.83,2,0,3,0.1,0.001,2.7244
2735,-23.67,3,0,4,0.1,0.001,2.3316
2736,-31.71,1,0,2,0.1,0.001,1.6435
2737,-5.05,7,0,8,0.1,0.001,2.9936
2738,-24.09,2,0,3,0.1,0.001,3.3031
2739,-18.71,4,0,5,0.1,0.001,2.6578
2740,48.34,3,1,3,0.1,0.001,3.4473
2741,-14.99,5,0,6,0.1,0.001,2.6684
2742,-13.69,5,0,6,0.1,0.001,2.8851
2743,-11.41,7,0,8,0.1,0.001,2.1993
2744,-29.26,1,0,2,0.1,0.001,2.8708
2745,-22.94,3,0,4,0.1,0.001,2.5151
2746,-24.04,2,0,3,0.1,0.001,3.3186
2747,46.41,3,1,3,0.1,0.001,2.8022
2748,-27.77,2,0,3,0.1,0.001,2.0763
2749,-30.09,1,0,2,0.1,0.001,2.454
2750,-20.58,5,0,6,0.1,0.001,1.7365
2751,-20.07,4,0,5,0.1,0.001,2.3867
2752,-28.06,2,0,3,0.1,0.001,1.9805
2753,-25.82,2,0,3,0.1,0.001,2.7255
2754,-26.22,2,0,3,0.1,0.001,2.5918
2755,-12.14,6,0,7,0.1,0.001,2.5515
2756,-2.72,8,0,9,0.1,0.001,2.8091
2757,-32.27,1,0,2,0.1,0.001,1.3643
2758,-20.34,3,0,4,0.1,0.001,3.1653
2759,-29.58,1,0,2,0.1,0.001,2.7092
2760,-32.15,1,0,2,0.1,0.001,1.4242
2761,-20.28,3,0,4,0.1,0.001,3.1798
2762,-28.51,1,0,2,0.1,0.001,3.2455
2763,-20.68,3,0,4,0.1,0.001,3.0788
2764,-27.87,2,0,3,0.1,0.001,2.0434
2765,-32.07,1,0,2,0.1,0.001,1.4653
2766,-19.1,4,0,5,0.1,0.001,2.5806
2767,-27.45,2,0,3,0.1,0.001,2.1842
2768,39.68,2,1,2,0.1,0.001,1.3411
2769,-2.86,8,0,9,0.1,0.001,2.7937
2770,-25.96,2,0,3,0.1,0.001,2.6793
2771,-27.02,2,0,3,0.1,0.001,2.3258
2772,37.5,1,1,1,0.1,0.001,1.5019
2773,-12.27,5,0,6,0.1,0.001,3.1222
2774,-17.44,5,0,6,0.1,0.001,2.2607
2775,-18.79,4,0,5,0.1,0.001,2.6411
2776,58.78,6,1,6,0.1,0.001,2.963
2777,-21.51,3,0,4,0.1,0.001,2.8729
2778,-24.36,2,0,3,0.1,0.001,3.2147
2779,-26.72,2,0,3,0.1,0.001,2.4283
2780,-32.2,1,0,2,0.1,0.001,1.4002
2781,-21.11,3,0,4,0.1,0.001,2.9734
2782,-27.89,2,0,3,0.1,0.001,2.0383
2783,-32.44,1,0,2,0.1,0.001,1.2799
2784,-15.69,6,0,7,0.1,0.001,2.0437
2785,-8.39,6,0,7,0.1,0.001,3.0865
2786,-19.59,4,0,5,0.1,0.001,2.4816
2787,41.87,2,1,2,0.1,0.001,2.4344
2788,-23.76,3,0,4,0.1,0.001,2.311
2789,-19.81,6,0,7,0.1,0.001,1.4559
2790,47.96,4,1,4,0.1,0.001,2.2392
2791,-12.02,6,0,7,0.1,0.001,2.5685
2792,-23.34,3,0,4,0.1,0.001,2.4144
2793,-13.99,6,0,7,0.1,0.001,2.2866
2794,-21.14,4,0,5,0.1,0.001,2.1712
2795,-28.49,2,0,3,0.1,0.001,1.835
2796,-30.78,1,0,2,0.1,0.001,2.11
2797,-30.19,1,0,2,0.1,0.001,2.4061
2798,-26.9,2,0,3,0.1,0.001,2.3679
2799,-27.54,2,0,3,0.1,0.001,2.1539
2800,-23.8,4,0,5,0.1,0.001,1.6393
2801,-28.83,2,0,3,0.1,0.001,1.7239
2802,-11.73,6,0,7,0.1,0.001,2.6097
2803,-6.19,10,0,11,0.1,0.001,1.8012
2804,-7.62,8,0,9,0.1,0.001,2.2644
2805,-32.4,1,0,2,0.1,0.001,1.2998
2806,-16.03,5,0,6,0.1,0.001,2.4943
2807,-19.0,5,0,6,0.1,0.001,1.9994
2808,-29.49,2,0,3,0.1,0.001,1.5022
2809,-10.26,6,0,7,0.1,0.001,2.8195
2810,-25.67,2,0,3,0.1,0.001,2.775
2811,-24.75,2,0,3,0.1,0.001,3.0849
2812,-19.58,4,0,5,0.1,0.001,2.4838
2813,-26.29,2,0,3,0.1,0.001,2.5708
2814,-23.12,3,0,4,0.1,0.001,2.4689
2815,-21.04,4,0,5,0.1,0.001,2.1928
2816,-19.59,4,0,5,0.1,0.001,2.4821
2817,54.75,6,1,6,0.1,0.001,2.291
2818,-17.17,5,0,6,0.1,0.001,2.3058
2819,-21.21,3,0,4,0.1,0.001,2.9478
2820,-26.03,2,0,3,0.1,0.001,2.6565
2821,-30.22,1,0,2,0.1,0.001,2.3911
2822,-26.79,2,0,3,0.1,0.001,2.4037
2823,-23.27,3,0,4,0.1,0.001,2.4337
2824,-10.75,8,0,9,0.1,0.001,1.9167
2825,-19.1,5,0,6,0.1,0.001,1.9838
2826,-26.09,2,0,3,0.1,0.001,2.6374
2827,-30.13,1,0,2,0.1,0.001,2.4371
2828,44.3,3,1,3,0.1,0.001,2.0997
2829,-26.54,2,0,3,0.1,0.001,2.4856
2830,-16.77,6,0,7,0.1,0.001,1.89
2831,-10.01,9,0,10,0.1,0.001,1.6985
2832,-18.14,5,0,6,0.1,0.001,2.144
2833,-27.34,2,0,3,0.1,0.001,2.2187
2834,-27.14,2,0,3,0.1,0.001,2.2852
2835,-22.61,4,0,5,0.1,0.001,1.8776
2836,-20.09,5,0,6,0.1,0.001,1.8187
2837,-16.42,7,0,8,0.1,0.001,1.572
2838,-23.14,3,0,4,0.1,0.001,2.4654
2839,-25.26,3,0,4,0.1,0.001,1.9354
2840,-12.15,7,0,8,0.1,0.001,2.1058
2841,-16.74,5,0,6,0.1,0.001,2.3767
2842,-30.86,1,0,2,0.1,0.001,2.0695
2843,-20.13,4,0,5,0.1,0.001,2.3739
2844,-33.33,1,0,2,0.1,0.001,0.8365
2845,-27.47,2,0,3,0.1,0.001,2.178
2846,-31.38,1,0,2,0.1,0.001,1.8099
2847,-28.03,2,0,3,0.1,0.001,1.9893
2848,-26.01,3,0,4,0.1,0.001,1.7484
2849,-33.41,1,0,2,0.1,0.001,0.797
2850,51.01,5,1,5,0.1,0.001,2.2017
2851,-14.13,6,0,7,0.1,0.001,2.2676
2852,52.78,6,1,6,0.1,0.001,1.9629
2853,-21.39,4,0,5,0.1,0.001,2.1218
2854,-22.57,5,0,6,0.1,0.001,1.4056
2855,45.8,3,1,3,0.1,0.001,2.6007
2856,-22.9,4,0,5,0.1,0.001,1.8194
2857,-29.13,2,0,3,0.1,0.001,1.622
2858,-26.35,2,0,3,0.1,0.001,2.5502
2859,40.35,2,1,2,0.1,0.001,1.674
2860,-24.95,3,0,4,0.1,0.001,2.0116
2861,-33.27,1,0,2,0.1,0.001,0.8658
2862,-14.6,7,0,8,0.1,0.001,1.7999
2863,-9.42,10,0,11,0.1,0.001,1.507
2864,-13.38,5,0,6,0.1,0.001,2.936
2865,-33.08,1,0,2,0.1,0.001,0.9603
2866,-20.32,4,0,5,0.1,0.001,2.3356
2867,-24.67,3,0,4,0.1,0.001,2.0818
2868,-27.72,2,0,3,0.1,0.001,2.0948
2869,-27.69,2,0,3,0.1,0.001,2.1033
2870,-27.69,2,0,3,0.1,0.001,2.1034
2871,-31.77,1,0,2,0.1,0.001,1.6148
2872,-28.51,2,0,3,0.1,0.001,1.8307
2873,-33.67,1,0,2,0.1,0.001,0.6656
2874,-11.58,7,0,8,0.1,0.001,2.1773
2875,-31.22,1,0,2,0.1,0.001,1.8893
2876,-22.32,3,0,4,0.1,0.001,2.671
2877,-6.58,11,0,12,0.1,0.001,1.5352
2878,-33.67,1,0,2,0.1,0.001,0.6625
2879,-28.57,3,0,4,0.1,0.001,1.1063
2880,-29.71,2,0,3,0.1,0.001,1.4302
2881,-33.67,1,0,2,0.1,0.001,0.6629
2882,-33.69,1,0,2,0.1,0.001,0.6556
2883,-30.94,1,0,2,0.1,0.001,2.0301
2884,-27.94,2,0,3,0.1,0.001,2.0196
2885,-24.73,3,0,4,0.1,0.001,2.068
2886,-21.68,4,0,5,0.1,0.001,2.0635
2887,-12.78,7,0,8,0.1,0.001,2.0277
2888,-25.25,4,0,5,0.1,0.001,1.3501
2889,-16.64,7,0,8,0.1,0.001,1.5453
2890,-8.36,9,0,10,0.1,0.001,1.8642
2891,-28.75,3,0,4,0.1,0.001,1.062
2892,-26.33,3,0,4,0.1,0.001,1.6685
2893,-31.96,1,0,2,0.1,0.001,1.522
2894,-16.72,6,0,7,0.1,0.001,1.8969
2895,-33.62,1,0,2,0.1,0.001,0.6916
2896,-23.79,4,0,5,0.1,0.001,1.6423
2897,-31.67,2,0,3,0.1,0.001,0.7755
2898,-30.22,2,0,3,0.1,0.001,1.2613
2899,-30.86,2,0,3,0.1,0.001,1.0481
2900,-16.28,7,0,8,0.1,0.001,1.5894
2901,-23.99,4,0,5,0.1,0.001,1.6029
2902,-25.2,3,0,4,0.1,0.001,1.9502
2903,-31.26,1,0,2,0.1,0.001,1.8688
2904,-25.11,4,0,5,0.1,0.001,1.3785
2905,-31.8,1,0,2,0.1,0.001,1.5991
2906,-23.53,4,0,5,0.1,0.001,1.694
2907,-32.68,1,0,2,0.1,0.001,1.162
2908,-22.31,4,0,5,0.1,0.001,1.9387
2909,46.07,4,1,4,0.1,0.001,1.7669
2910,-31.24,1,0,2,0.1,0.001,1.8818
2911,-22.17,4,0,5,0.1,0.001,1.9651
2912,-20.9,4,0,5,0.1,0.001,2.2205
2913,-20.1,6,0,7,0.1,0.001,1.4137
2914,53.53,7,1,7,0.1,0.001,1.6467
2915,-20.13,5,0,6,0.1,0.001,1.8119
2916,-20.3,5,0,6,0.1,0.001,1.7828
2917,-27.06,3,0,4,0.1,0.001,1.4859
2918,-24.85,4,0,5,0.1,0.001,1.429
2919,-29.92,2,0,3,0.1,0.001,1.3607
2920,-25.28,3,0,4,0.1,0.001,1.9312
2921,-19.38,6,0,7,0.1,0.001,1.5169
2922,-33.29,1,0,2,0.1,0.001,0.8541
2923,-33.2,1,0,2,0.1,0.001,0.9022
2924,-17.66,5,0,6,0.1,0.001,2.2233
2925,-23.48,4,0,5,0.1,0.001,1.7047
2926,-18.38,6,0,7,0.1,0.001,1.6606
2927,-30.98,1,0,2,0.1,0.001,2.0113
2928,-22.72,4,0,5,0.1,0.001,1.857
2929,56.84,7,1,7,0.1,0.001,2.1198
2930,-27.54,3,0,4,0.1,0.001,1.3644
2931,-28.24,2,0,3,0.1,0.001,1.9186
2932,-26.58,3,0,4,0.1,0.001,1.6055
2933,-12.29,9,0,10,0.1,0.001,1.471
2934,-23.5,4,0,5,0.1,0.001,1.6999
2935,-21.75,5,0,6,0.1,0.001,1.5416
2936,-31.48,2,0,3,0.1,0.001,0.8404
2937,-24.49,4,0,5,0.1,0.001,1.5025
2938,-24.85,4,0,5,0.1,0.001,1.4292
2939,-28.85,2,0,3,0.1,0.001,1.7159
2940,-30.19,2,0,3,0.1,0.001,1.2698
2941,-31.66,1,0,2,0.1,0.001,1.672
2942,-22.97,5,0,6,0.1,0.001,1.3387
2943,-33.71,1,0,2,0.1,0.001,0.646
2944,-29.35,2,0,3,0.1,0.001,1.5497
2945,-32.16,2,0,3,0.1,0.001,0.6146
2946,-32.33,1,0,2,0.1,0.001,1.337
2947,-27.91,2,0,3,0.1,0.001,2.0311
2948,-31.89,1,0,2,0.1,0.001,1.556
2949,-12.92,8,0,9,0.1,0.001,1.6759
2950,-26.27,3,0,4,0.1,0.001,1.682
2951,-21.69,6,0,7,0.1,0.001,1.1878
2952,-29.29,3,0,4,0.1,0.001,0.9286
2953,-26.92,3,0,4,0.1,0.001,1.519
2954,-22.44,5,0,6,0.1,0.001,1.4269
2955,-23.58,4,0,5,0.1,0.001,1.6842
2956,-30.22,2,0,3,0.1,0.001,1.2615
2957,-31.19,2,0,3,0.1,0.001,0.9375
2958,-15.32,7,0,8,0.1,0.001,1.7106
2959,-19.45,6,0,7,0.1,0.001,1.5066
2960,-25.32,4,0,5,0.1,0.001,1.3352
2961,-33.73,1,0,2,0.1,0.001,0.6346
2962,-30.63,2,0,3,0.1,0.001,1.1233
2963,-29.37,2,0,3,0.1,0.001,1.5447
2964,-20.45,6,0,7,0.1,0.001,1.3642
2965,-27.71,3,0,4,0.1,0.001,1.3225
2966,-23.98,4,0,5,0.1,0.001,1.6032
2967,-27.47,3,0,4,0.1,0.001,1.3814
2968,53.67,8,1,8,0.1,0.001,1.3333
2969,-32.01,2,0,3,0.1,0.001,0.6646
2970,-22.8,4,0,5,0.1,0.001,1.841
2971,-23.77,4,0,5,0.1,0.001,1.6458
2972,-32.13,1,0,2,0.1,0.001,1.4335
2973,-15.5,7,0,8,0.1,0.001,1.6879
2974,-13.36,7,0,8,0.1,0.001,1.9554
2975,-28.78,3,0,4,0.1,0.001,1.0556
2976,-21.19,6,0,7,0.1,0.001,1.2586
2977,-25.53,4,0,5,0.1,0.001,1.295
2978,-7.43,11,0,12,0.1,0.001,1.4643
2979,-20.73,5,0,6,0.1,0.001,1.7117
2980,-14.04,7,0,8,0.1,0.001,1.8694
2981,48.93,5,1,5,0.1,0.001,1.7863
2982,-27.88,3,0,4,0.1,0.001,1.2793
2983,-30.9,2,0,3,0.1,0.001,1.032
2984,45.09,4,1,4,0.1,0.001,1.523
2985,-21.62,6,0,7,0.1,0.001,1.1968
2986,-27.15,3,0,4,0.1,0.001,1.4627
2987,-28.32,3,0,4,0.1,0.001,1.169
2988,-26.77,3,0,4,0.1,0.001,1.5575
2989,-21.83,5,0,6,0.1,0.001,1.5278
2990,-33.39,1,0,2,0.1,0.001,0.8058
2991,-31.68,2,0,3,0.1,0.001,0.7725
2992,-27.06,3,0,4,0.1,0.001,1.4861
2993,-18.74,6,0,7,0.1,0.001,1.6088
2994,-27.8,3,0,4,0.1,0.001,1.3
2995,-33.8,1,0,2,0.1,0.001,0.5998
2996,-32.77,1,0,2,0.1,0.001,1.1134
2997,-29.87,2,0,3,0.1,0.001,1.3765
2998,-30.07,2,0,3,0.1,0.001,1.3097
2999,-26.6,3,0,4,0.1,0.001,1.6012
3000,-28.29,3,0,4,0.1,0.001,1.1763
3001,-32.76,1,0,2,0.1,0.001,1.1195
3002,-29.19,3,0,4,0.1,0.001,0.9535
3003,-24.03,4,0,5,0.1,0.001,1.5945
3004,-26.7,3,0,4,0.1,0.001,1.5758
3005,36.44,1,1,1,0.1,0.001,0.4398
3006,-28.62,3,0,4,0.1,0.001,1.0944
3007,51.32,7,1,7,0.1,0.001,1.3318
3008,-32.36,1,0,2,0.1,0.001,1.3177
3009,-28.02,3,0,4,0.1,0.001,1.2441
3010,-23.33,4,0,5,0.1,0.001,1.7348
3011,-30.16,2,0,3,0.1,0.001,1.2815
3012,-31.66,1,0,2,0.1,0.001,1.6714
3013,-31.06,2,0,3,0.1,0.001,0.9784
3014,-24.22,5,0,6,0.1,0.001,1.1306
3015,-32.53,1,0,2,0.1,0.001,1.233
3016,-27.77,3,0,4,0.1,0.001,1.308
3017,-18.19,6,0,7,0.1,0.001,1.6866
3018,-30.41,2,0,3,0.1,0.001,1.1969
3019,45.59,6,1,6,0.1,0.001,0.7649
3020,-32.64,1,0,2,0.1,0.001,1.1792
3021,-33.56,1,0,2,0.1,0.001,0.7189
3022,-27.49,3,0,4,0.1,0.001,1.3765
3023,-34.11,1,0,2,0.1,0.001,0.4435
3024,-23.82,5,0,6,0.1,0.001,1.1975
3025,-28.51,3,0,4,0.1,0.001,1.1221
3026,44.81,4,1,4,0.1,0.001,1.4525
3027,-27.89,3,0,4,0.1,0.001,1.2772
3028,-27.5,3,0,4,0.1,0.001,1.3742
3029,52.48,7,1,7,0.1,0.001,1.4967
3030,-21.2,6,0,7,0.1,0.001,1.2568
3031,-19.91,6,0,7,0.1,0.001,1.4417
3032,-29.39,2,0,3,0.1,0.001,1.536
3033,-32.73,1,0,2,0.1,0.001,1.1328
3034,-22.65,5,0,6,0.1,0.001,1.3919
3035,-21.79,5,0,6,0.1,0.001,1.5349
3036,46.44,5,1,5,0.1,0.001,1.2877
3037,-30.13,2,0,3,0.1,0.001,1.2884
3038,43.38,4,1,4,0.1,0.001,1.0957
3039,-28.06,3,0,4,0.1,0.001,1.2351
3040,-33.09,1,0,2,0.1,0.001,0.9567
3041,-27.1,4,0,5,0.1,0.001,0.9793
3042,-33.06,1,0,2,0.1,0.001,0.969
3043,-21.67,6,0,7,0.1,0.001,1.1902
3044,-21.97,6,0,7,0.1,0.001,1.1468
3045,-21.98,5,0,6,0.1,0.001,1.5042
3046,-33.88,1,0,2,0.1,0.001,0.5582
3047,-17.34,6,0,7,0.1,0.001,1.8085
3048,-28.79,2,0,3,0.1,0.001,1.7368
3049,-33.97,1,0,2,0.1,0.001,0.5132
3050,48.16,6,1,6,0.1,0.001,1.1942
3051,-32.2,1,0,2,0.1,0.001,1.3986
3052,44.59,4,1,4,0.1,0.001,1.3968
3053,-33.87,1,0,2,0.1,0.001,0.5672
3054,-24.66,5,0,6,0.1,0.001,1.0573
3055,-29.68,2,0,3,0.1,0.001,1.4413
3056,-19.83,6,0,7,0.1,0.001,1.453
3057,-32.65,1,0,2,0.1,0.001,1.1766
3058,-31.19,2,0,3,0.1,0.001,0.9369
3059,-29.91,2,0,3,0.1,0.001,1.3639
3060,-30.28,2,0,3,0.1,0.001,1.2403
3061,42.0,3,1,3,0.1,0.001,1.3338
3062,-26.44,4,0,5,0.1,0.001,1.1123
3063,-14.37,9,0,10,0.1,0.001,1.2627
3064,-29.96,2,0,3,0.1,0.001,1.3465
3065,-33.05,1,0,2,0.1,0.001,0.977
3066,-30.35,2,0,3,0.1,0.001,1.215
3067,-33.32,1,0,2,0.1,0.001,0.8422
3068,-29.18,2,0,3,0.1,0.001,1.6074
3069,-28.56,3,0,4,0.1,0.001,1.1101
3070,-20.81,6,0,7,0.1,0.001,1.3131
3071,43.88,4,1,4,0.1,0.001,1.2208
3072,-21.03,5,0,6,0.1,0.001,1.6608
3073,-27.24,3,0,4,0.1,0.001,1.4412
3074,-12.61,8,0,9,0.1,0.001,1.7095
3075,-26.84,3,0,4,0.1,0.001,1.5401
3076,-29.95,2,0,3,0.1,0.001,1.3513
3077,44.77,6,1,6,0.1,0.001,0.6289
3078,-22.44,5,0,6,0.1,0.001,1.4269
3079,-23.19,5,0,6,0.1,0.001,1.3014
3080,-19.29,7,0,8,0.1,0.001,1.2141
3081,-27.81,3,0,4,0.1,0.001,1.2967
3082,-20.36,6,0,7,0.1,0.001,1.377
3083,-27.55,3,0,4,0.1,0.001,1.3629
3084,-27.7,3,0,4,0.1,0.001,1.3255
3085,-17.85,7,0,8,0.1,0.001,1.3936
3086,-26.84,3,0,4,0.1,0.001,1.5401
3087,-22.35,4,0,5,0.1,0.001,1.9296
3088,-24.84,5,0,6,0.1,0.001,1.0275
3089,-29.21,2,0,3,0.1,0.001,1.5955
3090,-18.63,6,0,7,0.1,0.001,1.6244
3091,-29.58,2,0,3,0.1,0.001,1.4728
3092,-26.37,4,0,5,0.1,0.001,1.1265
3093,-26.87,4,0,5,0.1,0.001,1.0264
3094,-24.71,5,0,6,0.1,0.001,1.0475
3095,-26.1,3,0,4,0.1,0.001,1.7261
3096,-32.71,1,0,2,0.1,0.001,1.1427
3097,39.07,2,1,2,0.1,0.001,1.0331
3098,-26.83,3,0,4,0.1,0.001,1.5419
3099,-32.27,1,0,2,0.1,0.001,1.3634
3100,-27.31,4,0,5,0.1,0.001,0.9382
3101,-28.74,2,0,3,0.1,0.001,1.7541
3102,49.58,5,1,5,0.1,0.001,1.9156
3103,-33.84,1,0,2,0.1,0.001,0.5797
3104,-9.29,10,0,11,0.1,0.001,1.5191
3105,-17.24,6,0,7,0.1,0.001,1.8228
3106,-16.74,8,0,9,0.1,0.001,1.251
3107,-31.45,1,0,2,0.1,0.001,1.7746
3108,45.77,4,1,4,0.1,0.001,1.6928
3109,-31.03,1,0,2,0.1,0.001,1.984
3110,-26.44,4,0,5,0.1,0.001,1.1125
3111,-30.31,2,0,3,0.1,0.001,1.2312
3112,-19.37,6,0,7,0.1,0.001,1.518
3113,-30.02,2,0,3,0.1,0.001,1.3264
3114,48.44,6,1,6,0.1,0.001,1.2397
3115,-23.53,4,0,5,0.1,0.001,1.6941
3116,-32.98,1,0,2,0.1,0.001,1.0077
3117,-17.35,7,0,8,0.1,0.001,1.4563
3118,-30.18,2,0,3,0.1,0.001,1.2732
3119,-23.34,5,0,6,0.1,0.001,1.2772
3120,-23.52,4,0,5,0.1,0.001,1.6953
3121,-33.63,1,0,2,0.1,0.001,0.6849
3122,-32.73,1,0,2,0.1,0.001,1.1332
3123,-33.64,1,0,2,0.1,0.001,0.6775
3124,-27.3,3,0,4,0.1,0.001,1.4239
3125,63.73,9,1,9,0.1,0.001,2.1925
3126,-25.88,4,0,5,0.1,0.001,1.2238
3127,-30.59,2,0,3,0.1,0.001,1.1375
3128,-25.14,3,0,4,0.1,0.001,1.9646
3129,-28.06,3,0,4,0.1,0.001,1.2348
3130,-28.21,3,0,4,0.1,0.001,1.1965
3131,-29.22,2,0,3,0.1,0.001,1.5935
3132,43.16,4,1,4,0.1,0.001,1.04
3133,-24.0,5,0,6,0.1,0.001,1.1659
3134,-32.86,1,0,2,0.1,0.001,1.0686
3135,-10.34,9,0,10,0.1,0.001,1.6659
3136,-28.94,3,0,4,0.1,0.001,1.0159
3137,-18.66,6,0,7,0.1,0.001,1.6205
3138,-25.62,4,0,5,0.1,0.001,1.2765
3139,-26.67,3,0,4,0.1,0.001,1.5821
3140,-21.18,6,0,7,0.1,0.001,1.2604
3141,-31.78,1,0,2,0.1,0.001,1.6082
3142,-23.47,4,0,5,0.1,0.001,1.7054
3143,47.71,5,1,5,0.1,0.001,1.5429
3144,-21.41,6,0,7,0.1,0.001,1.2273
3145,-12.81,10,0,11,0.1,0.001,1.199
3146,-22.22,6,0,7,0.1,0.001,1.112
3147,-10.89,11,0,12,0.1,0.001,1.1762
3148,-25.21,4,0,5,0.1,0.001,1.3574
3149,-22.8,6,0,7,0.1,0.001,1.0279
3150,-32.05,1,0,2,0.1,0.001,1.4774
3151,-25.23,5,0,6,0.1,0.001,0.9612
3152,-22.6,6,0,7,0.1,0.001,1.0575
3153,-24.03,4,0,5,0.1,0.001,1.5941
3154,44.47,4,1,4,0.1,0.001,1.3673
3155,-30.85,2,0,3,0.1,0.001,1.0514
3156,-33.33,1,0,2,0.1,0.001,0.8372
3157,-32.97,1,0,2,0.1,0.001,1.0159
3158,-20.98,4,0,5,0.1,0.001,2.2043
3159,-32.89,1,0,2,0.1,0.001,1.0526
3160,-21.64,6,0,7,0.1,0.001,1.1942
3161,-31.18,2,0,3,0.1,0.001,0.9412
3162,-20.51,6,0,7,0.1,0.001,1.3561
3163,-21.96,5,0,6,0.1,0.001,1.5064
3164,-24.58,4,0,5,0.1,0.001,1.4849
3165,-19.18,6,0,7,0.1,0.001,1.5463
3166,-28.39,3,0,4,0.1,0.001,1.1537
3167,-13.26,8,0,9,0.1,0.001,1.6375
3168,-21.25,6,0,7,0.1,0.001,1.2503
3169,-25.93,4,0,5,0.1,0.001,1.2136
3170,-33.45,1,0,2,0.1,0.001,0.7772
3171,58.99,7,1,7,0.1,0.001,2.4276
3172,46.1,4,1,4,0.1,0.001,1.7755
3173,63.74,11,1,11,0.1,0.001,1.6131
3174,-24.66,4,0,5,0.1,0.001,1.4673
3175,43.42,4,1,4,0.1,0.001,1.1062
3176,-34.0,1,0,2,0.1,0.001,0.501
3177,-28.39,3,0,4,0.1,0.001,1.1516
3178,-29.73,2,0,3,0.1,0.001,1.4222
3179,-15.56,8,0,9,0.1,0.001,1.3823
3180,-17.47,6,0,7,0.1,0.001,1.7904
3181,-26.2,3,0,4,0.1,0.001,1.7
3182,-32.61,1,0,2,0.1,0.001,1.1973
3183,-24.92,4,0,5,0.1,0.001,1.4167
3184,49.55,5,1,5,0.1,0.001,1.9094
3185,-17.55,5,0,6,0.1,0.001,2.2409
3186,-9.71,8,0,9,0.1,0.001,2.0321
3187,52.38,6,1,6,0.1,0.001,1.8975
3188,62.45,10,1,10,0.1,0.001,1.7451
3189,-32.08,1,0,2,0.1,0.001,1.4622
3190,-21.33,6,0,7,0.1,0.001,1.2388
3191,52.43,6,1,6,0.1,0.001,1.9048
3192,50.45,6,1,6,0.1,0.001,1.5746
3193,-24.8,4,0,5,0.1,0.001,1.4405
3194,-31.84,2,0,3,0.1,0.001,0.7213
3195,-32.93,1,0,2,0.1,0.001,1.0358
3196,-22.47,6,0,7,0.1,0.001,1.0753
3197,40.02,2,1,2,0.1,0.001,1.5097
3198,-26.68,3,0,4,0.1,0.001,1.5788
3199,-32.91,1,0,2,0.1,0.001,1.0428
3200,-33.83,1,0,2,0.1,0.001,0.5833
3201,42.01,3,1,3,0.1,0.001,1.3377
3202,-27.94,3,0,4,0.1,0.001,1.2638
3203,-19.52,7,0,8,0.1,0.001,1.1853
3204,-20.67,6,0,7,0.1,0.001,1.3326
3205,-17.27,8,0,9,0.1,0.001,1.1919
3206,55.12,9,1,9,0.1,0.001,1.2357
3207,-25.67,3,0,4,0.1,0.001,1.8319
3208,-21.25,6,0,7,0.1,0.001,1.2496
3209,-18.69,6,0,7,0.1,0.001,1.6158
3210,-27.42,3,0,4,0.1,0.001,1.3959
3211,-26.87,3,0,4,0.1,0.001,1.5323
3212,-29.65,2,0,3,0.1,0.001,1.4496
3213,-28.4,3,0,4,0.1,0.001,1.1507
3214,-23.25,5,0,6,0.1,0.001,1.2924
3215,-21.51,6,0,7,0.1,0.001,1.2135
3216,-29.88,2,0,3,0.1,0.001,1.3737
3217,-26.3,4,0,5,0.1,0.001,1.1399
3218,-28.13,3,0,4,0.1,0.001,1.2172
3219,-30.85,2,0,3,0.1,0.001,1.0504
3220,-29.61,2,0,3,0.1,0.001,1.4643
3221,-22.92,5,0,6,0.1,0.001,1.3466
3222,-10.24,9,0,10,0.1,0.001,1.6755
3223,-27.55,3,0,4,0.1,0.001,1.3618
3224,-24.67,4,0,5,0.1,0.001,1.4653
3225,-24.46,3,0,4,0.1,0.001,2.1349
3226,-10.85,8,0,9,0.1,0.001,1.9056
3227,-33.3,1,0,2,0.1,0.001,0.8507
3228,70.46,15,1,15,0.1,0.001,1.3639
3229,-29.86,2,0,3,0.1,0.001,1.3816
3230,42.64,3,1,3,0.1,0.001,1.5455
3231,-24.11,3,0,4,0.1,0.001,2.2218
3232,-29.48,2,0,3,0.1,0.001,1.507
3233,49.51,6,1,6,0.1,0.001,1.4178
3234,-21.96,5,0,6,0.1,0.001,1.5065
3235,-27.99,2,0,3,0.1,0.001,2.002
3236,-22.02,5,0,6,0.1,0.001,1.4965
3237,-20.54,6,0,7,0.1,0.001,1.3508
3238,-20.94,5,0,6,0.1,0.001,1.6763
3239,-18.11,6,0,7,0.1,0.001,1.6984
3240,-20.15,5,0,6,0.1,0.001,1.8086
3241,-29.12,2,0,3,0.1,0.001,1.6275
3242,-28.27,3,0,4,0.1,0.001,1.1826
3243,48.35,6,1,6,0.1,0.001,1.2243
3244,-24.87,4,0,5,0.1,0.001,1.4266
3245,-22.87,5,0,6,0.1,0.001,1.3557
3246,53.01,8,1,8,0.1,0.001,1.2511
3247,-19.13,7,0,8,0.1,0.001,1.2333
3248,-23.94,5,0,6,0.1,0.001,1.1765
3249,-33.75,1,0,2,0.1,0.001,0.6258
3250,55.01,9,1,9,0.1,0.001,1.2238
3251,-21.64,6,0,7,0.1,0.001,1.1938
3252,-24.2,6,0,7,0.1,0.001,0.829
3253,-5.21,13,0,14,0.1,0.001,1.2708
3254,-31.98,1,0,2,0.1,0.001,1.5077
3255,44.03,4,1,4,0.1,0.001,1.2568
3256,-30.59,2,0,3,0.1,0.001,1.1374
3257,39.14,2,1,2,0.1,0.001,1.0717
3258,-17.77,7,0,8,0.1,0.001,1.4043
3259,-30.05,2,0,3,0.1,0.001,1.3164
3260,43.68,4,1,4,0.1,0.001,1.1689
3261,-33.01,1,0,2,0.1,0.001,0.9957
3262,39.32,2,1,2,0.1,0.001,1.1586
3263,-30.1,2,0,3,0.1,0.001,1.3002
3264,-32.18,1,0,2,0.1,0.001,1.4102
3265,-32.9,1,0,2,0.1,0.001,1.0496
3266,49.84,6,1,6,0.1,0.001,1.4735
3267,-27.59,3,0,4,0.1,0.001,1.352
3268,-16.62,8,0,9,0.1,0.001,1.2639
3269,48.78,6,1,6,0.1,0.001,1.2962
3270,-30.5,2,0,3,0.1,0.001,1.1671
3271,-12.49,10,0,11,0.1,0.001,1.2282
3272,-11.19,10,0,11,0.1,0.001,1.3462
3273,50.28,6,1,6,0.1,0.001,1.5463
3274,-23.7,3,0,4,0.1,0.001,2.3238
3275,-10.24,9,0,10,0.1,0.001,1.6764
3276,-24.3,5,0,6,0.1,0.001,1.1174
3277,39.47,2,1,2,0.1,0.001,1.2367
3278,-15.83,8,0,9,0.1,0.001,1.3523
3279,-30.76,2,0,3,0.1,0.001,1.0786
3280,-30.8,2,0,3,0.1,0.001,1.0667
3281,-27.6,2,0,3,0.1,0.001,2.1321
3282,-24.53,5,0,6,0.1,0.001,1.0787
3283,-27.93,3,0,4,0.1,0.001,1.2674
3284,47.34,5,1,5,0.1,0.001,1.4679
3285,50.39,7,1,7,0.1,0.001,1.198
3286,-31.33,2,0,3,0.1,0.001,0.8884
3287,-16.68,8,0,9,0.1,0.001,1.2581
3288,-23.56,4,0,5,0.1,0.001,1.6871
3289,-31.13,2,0,3,0.1,0.001,0.9582
3290,-23.45,5,0,6,0.1,0.001,1.2578
3291,-25.49,4,0,5,0.1,0.001,1.3023
3292,-30.99,2,0,3,0.1,0.001,1.0034
3293,-24.71,5,0,6,0.1,0.001,1.0488
3294,-18.6,7,0,8,0.1,0.001,1.3001
3295,57.33,9,1,9,0.1,0.001,1.4813
3296,41.37,3,1,3,0.1,0.001,1.1232
3297,-27.57,2,0,3,0.1,0.001,2.1446
3298,-24.2,5,0,6,0.1,0.001,1.1341
3299,-18.09,6,0,7,0.1,0.001,1.701
3300,39.93,2,1,2,0.1,0.001,1.4629
3301,60.23,10,1,10,0.1,0.001,1.5235
3302,-30.07,2,0,3,0.1,0.001,1.3117
3303,-30.31,2,0,3,0.1,0.001,1.2304
3304,-29.97,2,0,3,0.1,0.001,1.3417
3305,-28.51,3,0,4,0.1,0.001,1.1227
3306,42.93,3,1,3,0.1,0.001,1.645
3307,-29.27,2,0,3,0.1,0.001,1.5762
3308,-21.0,5,0,6,0.1,0.001,1.6661
3309,-24.94,5,0,6,0.1,0.001,1.0106
3310,-32.55,1,0,2,0.1,0.001,1.2253
3311,-28.44,3,0,4,0.1,0.001,1.1411
3312,-33.07,1,0,2,0.1,0.001,0.9631
3313,-32.86,1,0,2,0.1,0.001,1.0693
3314,-23.62,6,0,7,0.1,0.001,0.912
3315,50.72,6,1,6,0.1,0.001,1.6203
3316,-28.64,3,0,4,0.1,0.001,1.0902
3317,-24.39,4,0,5,0.1,0.001,1.5211
3318,-29.7,3,0,4,0.1,0.001,0.8258
3319,-25.82,4,0,5,0.1,0.001,1.236
3320,-23.29,5,0,6,0.1,0.001,1.2844
3321,-26.29,4,0,5,0.1,0.001,1.142
3322,-23.84,5,0,6,0.1,0.001,1.1937
3323,-27.63,3,0,4,0.1,0.001,1.3413
3324,-28.69,3,0,4,0.1,0.001,1.0765
3325,44.49,4,1,4,0.1,0.001,1.3714
3326,-17.38,6,0,7,0.1,0.001,1.8027
3327,-26.59,4,0,5,0.1,0.001,1.0819
3328,-22.99,5,0,6,0.1,0.001,1.3354
3329,57.36,10,1,10,0.1,0.001,1.2356
3330,-28.96,3,0,4,0.1,0.001,1.0107
3331,-33.91,1,0,2,0.1,0.001,0.545
3332,-17.33,8,0,9,0.1,0.001,1.1859
3333,-25.39,4,0,5,0.1,0.001,1.3224
3334,-31.91,2,0,3,0.1,0.001,0.6964
3335,-12.78,10,0,11,0.1,0.001,1.202
3336,-28.35,3,0,4,0.1,0.001,1.1616
3337,-32.98,1,0,2,0.1,0.001,1.0116
3338,-26.08,4,0,5,0.1,0.001,1.1838
3339,-33.61,1,0,2,0.1,0.001,0.6938
3340,43.36,4,1,4,0.1,0.001,1.0912
3341,-22.01,6,0,7,0.1,0.001,1.1408
3342,-30.94,2,0,3,0.1,0.001,1.0187
3343,59.03,10,1,10,0.1,0.001,1.4027
3344,-30.53,2,0,3,0.1,0.001,1.1568
3345,-23.79,5,0,6,0.1,0.001,1.2022
3346,-15.06,9,0,10,0.1,0.001,1.1943
3347,-28.34,4,0,5,0.1,0.001,0.7327
3348,-31.48,2,0,3,0.1,0.001,0.8387
3349,-17.24,6,0,7,0.1,0.001,1.8226
3350,-19.46,7,0,8,0.1,0.001,1.1922
3351,-11.74,11,0,12,0.1,0.001,1.1047
3352,53.1,9,1,9,0.1,0.001,1.011
3353,48.69,6,1,6,0.1,0.001,1.2819
3354,-32.94,1,0,2,0.1,0.001,1.0316
3355,-26.77,4,0,5,0.1,0.001,1.0463
3356,-31.45,2,0,3,0.1,0.001,0.8511
3357,-29.99,3,0,4,0.1,0.001,0.752
3358,-26.96,3,0,4,0.1,0.001,1.5092
3359,-28.67,3,0,4,0.1,0.001,1.0818
3360,-28.71,3,0,4,0.1,0.001,1.0714
3361,52.04,8,1,8,0.1,0.001,1.13
3362,-34.08,1,0,2,0.1,0.001,0.4592
3363,-34.09,1,0,2,0.1,0.001,0.4564
3364,-32.56,2,0,3,0.1,0.001,0.4812
3365,-23.91,5,0,6,0.1,0.001,1.1815
3366,-31.09,2,0,3,0.1,0.001,0.971
3367,-22.47,6,0,7,0.1,0.001,1.0754
3368,-30.67,2,0,3,0.1,0.001,1.1102
3369,-28.53,3,0,4,0.1,0.001,1.1179
3370,-25.8,5,0,6,0.1,0.001,0.866
3371,-32.76,1,0,2,0.1,0.001,1.1192
3372,55.67,10,1,10,0.1,0.001,1.0673
3373,-23.43,6,0,7,0.1,0.001,0.939
3374,-31.02,2,0,3,0.1,0.001,0.9933
3375,-27.42,4,0,5,0.1,0.001,0.917
3376,-28.78,3,0,4,0.1,0.001,1.0552
3377,-22.11,5,0,6,0.1,0.001,1.481
3378,0.87,14,0,15,0.1,0.001,1.5249
3379,49.32,6,1,6,0.1,0.001,1.3871
3380,-22.5,5,0,6,0.1,0.001,1.4175
3381,-24.25,4,0,5,0.1,0.001,1.5493
3382,8.67,16,0,17,0.1,0.001,1.6866
3383,-17.06,7,0,8,0.1,0.001,1.4925
3384,-27.85,3,0,4,0.1,0.001,1.2882
3385,-33.16,1,0,2,0.1,0.001,0.918
3386,-22.56,6,0,7,0.1,0.001,1.0632
3387,54.62,8,1,8,0.1,0.001,1.4525
3388,-27.87,4,0,5,0.1,0.001,0.8257
3389,-24.26,4,0,5,0.1,0.001,1.5489
3390,55.32,7,1,7,0.1,0.001,1.9021
3391,-31.62,2,0,3,0.1,0.001,0.7944
3392,47.96,6,1,6,0.1,0.001,1.1596
3393,-33.75,1,0,2,0.1,0.001,0.6248
3394,-33.73,1,0,2,0.1,0.001,0.6331
3395,-13.68,10,0,11,0.1,0.001,1.1202
3396,-20.59,6,0,7,0.1,0.001,1.3445
3397,56.01,9,1,9,0.1,0.001,1.3349
3398,-31.4,2,0,3,0.1,0.001,0.8679
3399,43.69,4,1,4,0.1,0.001,1.1719
3400,-26.12,4,0,5,0.1,0.001,1.1761
3401,57.58,9,1,9,0.1,0.001,1.5091
3402,-22.92,5,0,6,0.1,0.001,1.3469
3403,52.0,7,1,7,0.1,0.001,1.4285
3404,-22.64,5,0,6,0.1,0.001,1.3929
3405,-4.42,11,0,12,0.1,0.001,1.7149
3406,50.3,7,1,7,0.1,0.001,1.1861
3407,-31.8,2,0,3,0.1,0.001,0.7341
3408,-33.03,1,0,2,0.1,0.001,0.9858
3409,-33.05,1,0,2,0.1,0.001,0.9771
3410,-31.2,2,0,3,0.1,0.001,0.9346
3411,-25.89,4,0,5,0.1,0.001,1.2228
3412,-17.88,8,0,9,0.1,0.001,1.1241
3413,47.26,6,1,6,0.1,0.001,1.0429
3414,-28.09,3,0,4,0.1,0.001,1.2278
3415,-31.26,2,0,3,0.1,0.001,0.9137
3416,-16.55,8,0,9,0.1,0.001,1.2722
3417,-32.86,1,0,2,0.1,0.001,1.072
3418,-14.58,8,0,9,0.1,0.001,1.4913
3419,49.72,7,1,7,0.1,0.001,1.1025
3420,-28.03,3,0,4,0.1,0.001,1.2428
3421,-28.18,3,0,4,0.1,0.001,1.2042
3422,-24.07,5,0,6,0.1,0.001,1.1545
3423,-13.62,11,0,12,0.1,0.001,0.9484
3424,39.06,2,1,2,0.1,0.001,1.0294
3425,-33.53,1,0,2,0.1,0.001,0.7357
3426,-22.94,5,0,6,0.1,0.001,1.3427
3427,-30.89,2,0,3,0.1,0.001,1.0365
3428,-5.12,13,0,14,0.1,0.001,1.2769
3429,40.77,3,1,3,0.1,0.001,0.9218
3430,-28.27,3,0,4,0.1,0.001,1.1831
3431,-28.09,3,0,4,0.1,0.001,1.2267
3432,-32.18,1,0,2,0.1,0.001,1.4113
3433,-33.44,1,0,2,0.1,0.001,0.779
3434,-31.1,2,0,3,0.1,0.001,0.9678
3435,-28.87,3,0,4,0.1,0.001,1.0332
3436,-27.94,3,0,4,0.1,0.001,1.2649
3437,-14.71,8,0,9,0.1,0.001,1.4763
3438,-18.66,7,0,8,0.1,0.001,1.292
3439,-28.79,3,0,4,0.1,0.001,1.0533
3440,-25.58,4,0,5,0.1,0.001,1.2849
3441,-23.82,6,0,7,0.1,0.001,0.8825
3442,-23.56,5,0,6,0.1,0.001,1.24
3443,-20.05,7,0,8,0.1,0.001,1.1184
3444,-24.72,5,0,6,0.1,0.001,1.0474
3445,-22.25,6,0,7,0.1,0.001,1.1078
3446,-31.15,2,0,3,0.1,0.001,0.951
3447,-25.37,5,0,6,0.1,0.001,0.9386
3448,-16.05,8,0,9,0.1,0.001,1.3281
3449,45.47,5,1,5,0.1,0.001,1.0936
3450,-23.22,6,0,7,0.1,0.001,0.968
3451,-26.18,4,0,5,0.1,0.001,1.1635
3452,-29.14,3,0,4,0.1,0.001,0.9658
3453,-13.72,6,0,7,0.1,0.001,2.3252
3454,-31.58,2,0,3,0.1,0.001,0.806
3455,-30.49,3,0,4,0.1,0.001,0.6276
3456,48.91,7,1,7,0.1,0.001,0.9867
3457,-13.54,7,0,8,0.1,0.001,1.9327
3458,-34.08,1,0,2,0.1,0.001,0.4618
3459,-33.3,1,0,2,0.1,0.001,0.8524
3460,-27.37,3,0,4,0.1,0.001,1.4079
3461,-33.14,1,0,2,0.1,0.001,0.9285
3462,-20.62,7,0,8,0.1,0.001,1.0481
3463,51.73,7,1,7,0.1,0.001,1.3895
3464,-29.5,3,0,4,0.1,0.001,0.8762
3465,-30.49,2,0,3,0.1,0.001,1.1703
3466,-31.79,2,0,3,0.1,0.001,0.7355
3467,48.84,7,1,7,0.1,0.001,0.9771
3468,-21.59,6,0,7,0.1,0.001,1.2015
3469,-22.89,6,0,7,0.1,0.001,1.0155
3470,-22.62,5,0,6,0.1,0.001,1.3973
3471,-14.09,11,0,12,0.1,0.001,0.9095
3472,43.54,4,1,4,0.1,0.001,1.1342
3473,-31.32,2,0,3,0.1,0.001,0.8933
3474,-33.34,1,0,2,0.1,0.001,0.8284
3475,-31.28,2,0,3,0.1,0.001,0.9059
3476,-33.5,1,0,2,0.1,0.001,0.748
3477,-14.4,10,0,11,0.1,0.001,1.0549
3478,44.73,5,1,5,0.1,0.001,0.9458
3479,-14.1,10,0,11,0.1,0.001,1.0821
3480,54.31,8,1,8,0.1,0.001,1.4133
3481,-23.74,4,0,5,0.1,0.001,1.6524
3482,-5.44,14,0,15,0.1,0.001,1.1042
3483,-22.83,6,0,7,0.1,0.001,1.025
3484,-21.9,6,0,7,0.1,0.001,1.1573
3485,-22.58,6,0,7,0.1,0.001,1.0598
3486,-34.11,1,0,2,0.1,0.001,0.4457
3487,-21.31,6,0,7,0.1,0.001,1.2411
3488,-30.97,2,0,3,0.1,0.001,1.0088
3489,-20.33,7,0,8,0.1,0.001,1.0833
3490,-9.52,11,0,12,0.1,0.001,1.2898
3491,51.69,8,1,8,0.1,0.001,1.0867
3492,-11.84,11,0,12,0.1,0.001,1.0966
3493,-31.07,2,0,3,0.1,0.001,0.9773
3494,-20.39,6,0,7,0.1,0.001,1.3726
3495,45.83,5,1,5,0.1,0.001,1.1667
3496,44.14,4,1,4,0.1,0.001,1.2842
3497,-34.05,1,0,2,0.1,0.001,0.4772
3498,-33.31,1,0,2,0.1,0.001,0.8451
3499,-32.49,2,0,3,0.1,0.001,0.5049
3500,-26.3,4,0,5,0.1,0.001,1.1407
3501,-30.99,2,0,3,0.1,0.001,1.0029
3502,-23.97,5,0,6,0.1,0.001,1.1713
3503,-32.42,2,0,3,0.1,0.001,0.526
3504,51.2,8,1,8,0.1,0.001,1.0248
3505,-20.6,7,0,8,0.1,0.001,1.0498
3506,-26.44,3,0,4,0.1,0.001,1.6401
3507,-7.35,12,0,13,0.1,0.001,1.2806
3508,-25.82,4,0,5,0.1,0.001,1.235
3509,-26.78,4,0,5,0.1,0.001,1.0433
3510,-16.8,7,0,8,0.1,0.001,1.5252
3511,49.5,7,1,7,0.1,0.001,1.0715
3512,-28.84,3,0,4,0.1,0.001,1.0408
3513,-26.34,4,0,5,0.1,0.001,1.1326
3514,56.45,9,1,9,0.1,0.001,1.3837
3515,-24.45,5,0,6,0.1,0.001,1.0918
3516,-27.81,3,0,4,0.1,0.001,1.2966
3517,-17.03,8,0,9,0.1,0.001,1.2186
3518,-7.48,12,0,13,0.1,0.001,1.2706
3519,-32.78,1,0,2,0.1,0.001,1.1098
3520,43.91,4,1,4,0.1,0.001,1.228
3521,-31.03,2,0,3,0.1,0.001,0.9898
3522,-23.7,6,0,7,0.1,0.001,0.8998
3523,-23.5,6,0,7,0.1,0.001,0.9279
3524,45.82,5,1,5,0.1,0.001,1.1643
3525,-18.04,7,0,8,0.1,0.001,1.37
3526,-30.41,2,0,3,0.1,0.001,1.1976
3527,-33.44,1,0,2,0.1,0.001,0.7818
3528,-29.26,3,0,4,0.1,0.001,0.9341
3529,-29.31,3,0,4,0.1,0.001,0.922
3530,-21.83,5,0,6,0.1,0.001,1.5278
3531,-29.65,3,0,4,0.1,0.001,0.8368
3532,-28.85,3,0,4,0.1,0.001,1.0387
3533,-29.29,4,0,5,0.1,0.001,0.5426
3534,-34.31,1,0,2,0.1,0.001,0.3471
3535,-27.75,3,0,4,0.1,0.001,1.313
3536,57.03,11,1,11,0.1,0.001,1.0031
3537,-28.04,4,0,5,0.1,0.001,0.7915
3538,-33.61,1,0,2,0.1,0.001,0.6959
3539,-33.75,1,0,2,0.1,0.001,0.6233
3540,-21.79,7,0,8,0.1,0.001,0.9008
3541,37.81,2,1,2,0.1,0.001,0.4056
3542,50.02,6,1,6,0.1,0.001,1.5034
3543,44.17,5,1,5,0.1,0.001,0.834
3544,-26.09,4,0,5,0.1,0.001,1.1811
3545,-18.89,8,0,9,0.1,0.001,1.0126
3546,-29.43,3,0,4,0.1,0.001,0.8914
3547,-13.4,11,0,12,0.1,0.001,0.9671
3548,-33.39,1,0,2,0.1,0.001,0.8043
3549,-27.71,4,0,5,0.1,0.001,0.8586
3550,-30.04,2,0,3,0.1,0.001,1.3201
3551,-25.77,5,0,6,0.1,0.001,0.8716
3552,37.87,2,1,2,0.1,0.001,0.4363
3553,-27.45,4,0,5,0.1,0.001,0.9102
3554,-26.55,4,0,5,0.1,0.001,1.0901
3555,-26.44,5,0,6,0.1,0.001,0.7597
3556,-22.67,6,0,7,0.1,0.001,1.0467
3557,49.46,7,1,7,0.1,0.001,1.065
3558,-22.03,7,0,8,0.1,0.001,0.871
3559,50.0,7,1,7,0.1,0.001,1.1427
3560,-23.28,6,0,7,0.1,0.001,0.9605
3561,41.26,3,1,3,0.1,0.001,1.0869
3562,-33.83,1,0,2,0.1,0.001,0.5865
3563,-31.78,2,0,3,0.1,0.001,0.7389
3564,-33.19,1,0,2,0.1,0.001,0.9061
3565,-17.36,7,0,8,0.1,0.001,1.4555
3566,-23.75,5,0,6,0.1,0.001,1.2089
3567,44.84,5,1,5,0.1,0.001,0.9681
3568,-33.26,1,0,2,0.1,0.001,0.871
3569,48.14,6,1,6,0.1,0.001,1.1908
3570,-18.98,5,0,6,0.1,0.001,2.0031
3571,-22.85,6,0,7,0.1,0.001,1.0217
3572,-19.53,7,0,8,0.1,0.001,1.1842
3573,-24.23,4,0,5,0.1,0.001,1.5542
3574,-28.94,3,0,4,0.1,0.001,1.0152
3575,4.47,17,0,18,0.1,0.001,1.3038
3576,-23.09,5,0,6,0.1,0.001,1.318
3577,-13.02,10,0,11,0.1,0.001,1.1803
3578,-14.93,10,0,11,0.1,0.001,1.0061
3579,-31.4,2,0,3,0.1,0.001,0.8669
3580,-30.29,3,0,4,0.1,0.001,0.6778
3581,48.55,5,1,5,0.1,0.001,1.7091
3582,-27.48,3,0,4,0.1,0.001,1.38
3583,-26.35,5,0,6,0.1,0.001,0.7758
3584,39.99,3,1,3,0.1,0.001,0.6646
3585,-23.78,5,0,6,0.1,0.001,1.2036
3586,-20.38,5,0,6,0.1,0.001,1.7697
3587,52.1,9,1,9,0.1,0.001,0.9004
3588,48.68,6,1,6,0.1,0.001,1.2804
3589,39.58,2,1,2,0.1,0.001,1.2902
3590,-21.42,6,0,7,0.1,0.001,1.2261
3591,-18.64,8,0,9,0.1,0.001,1.0402
3592,-12.83,11,0,12,0.1,0.001,1.0142
3593,-23.44,6,0,7,0.1,0.001,0.9378
3594,-32.2,2,0,3,0.1,0.001,0.5984
3595,-16.66,9,0,10,0.1,0.001,1.0345
3596,-31.83,2,0,3,0.1,0.001,0.7241
3597,51.62,8,1,8,0.1,0.001,1.0777
3598,41.29,3,1,3,0.1,0.001,1.0958
3599,-33.08,1,0,2,0.1,0.001,0.9603
3600,-21.3,7,0,8,0.1,0.001,0.9625
3601,50.99,8,1,8,0.1,0.001,0.9982
3602,-26.64,4,0,5,0.1,0.001,1.0712
3603,-32.92,1,0,2,0.1,0.001,1.0389
3604,-28.44,3,0,4,0.1,0.001,1.1397
3605,-25.39,3,0,4,0.1,0.001,1.9022
3606,-16.94,9,0,10,0.1,0.001,1.0059
3607,50.36,7,1,7,0.1,0.001,1.1938
3608,-26.84,4,0,5,0.1,0.001,1.0328
3609,46.46,5,1,5,0.1,0.001,1.2922
3610,-20.84,6,0,7,0.1,0.001,1.308
3611,49.1,6,1,6,0.1,0.001,1.3494
3612,52.57,8,1,8,0.1,0.001,1.196
3613,-27.03,4,0,5,0.1,0.001,0.9945
3614,62.65,8,1,8,0.1,0.001,2.4564
3615,-27.15,4,0,5,0.1,0.001,0.9708
3616,55.8,8,1,8,0.1,0.001,1.6003
3617,-9.97,10,0,11,0.1,0.001,1.4571
3618,-26.82,4,0,5,0.1,0.001,1.0364
3619,-14.35,8,0,9,0.1,0.001,1.5162
3620,-29.55,3,0,4,0.1,0.001,0.8617
3621,51.02,8,1,8,0.1,0.001,1.0027
3622,-25.75,4,0,5,0.1,0.001,1.2504
3623,-23.01,5,0,6,0.1,0.001,1.3319
3624,-34.08,1,0,2,0.1,0.001,0.4624
3625,-34.08,1,0,2,0.1,0.001,0.4595
3626,-31.6,2,0,3,0.1,0.001,0.7994
3627,-33.13,1,0,2,0.1,0.001,0.9355
3628,50.93,7,1,7,0.1,0.001,1.2752
3629,45.35,5,1,5,0.1,0.001,1.0705
3630,-26.36,4,0,5,0.1,0.001,1.1271
3631,-32.31,2,0,3,0.1,0.001,0.562
3632,45.61,5,1,5,0.1,0.001,1.1212
3633,-22.14,6,0,7,0.1,0.001,1.1229
3634,46.95,5,1,5,0.1,0.001,1.3904
3635,-33.36,1,0,2,0.1,0.001,0.8194
3636,-29.16,3,0,4,0.1,0.001,0.9589
3637,-24.44,4,0,5,0.1,0.001,1.5125
3638,48.47,7,1,7,0.1,0.001,0.9243
3639,46.92,5,1,5,0.1,0.001,1.3849
3640,54.03,10,1,10,0.1,0.001,0.9033
3641,-29.72,2,0,3,0.1,0.001,1.4278
3642,-25.81,5,0,6,0.1,0.001,0.865
3643,-28.3,3,0,4,0.1,0.001,1.1738
3644,55.94,10,1,10,0.1,0.001,1.094
3645,-24.71,5,0,6,0.1,0.001,1.0477
3646,-31.05,2,0,3,0.1,0.001,0.9819
3647,-26.12,4,0,5,0.1,0.001,1.1751
3648,37.15,1,1,1,0.1,0.001,1.1469
3649,-28.75,3,0,4,0.1,0.001,1.0633
3650,-32.71,1,0,2,0.1,0.001,1.1448
3651,-21.18,6,0,7,0.1,0.001,1.2605
3652,70.45,16,1,16,0.1,0.001,1.2154
3653,-21.95,5,0,6,0.1,0.001,1.5079
3654,-22.65,6,0,7,0.1,0.001,1.0497
3655,41.21,3,1,3,0.1,0.001,1.0713
3656,-21.91,6,0,7,0.1,0.001,1.1562
3657,-13.98,9,0,10,0.1,0.001,1.3021
3658,-24.98,4,0,5,0.1,0.001,1.4041
3659,45.82,5,1,5,0.1,0.001,1.163
3660,-22.12,6,0,7,0.1,0.001,1.1256
3661,-28.61,3,0,4,0.1,0.001,1.0982
3662,-31.74,2,0,3,0.1,0.001,0.7532
3663,55.6,8,1,8,0.1,0.001,1.5745
3664,44.84,5,1,5,0.1,0.001,0.9687
3665,-18.72,7,0,8,0.1,0.001,1.2844
3666,-29.34,3,0,4,0.1,0.001,0.9152
3667,-10.45,9,0,10,0.1,0.001,1.6548
3668,-27.07,3,0,4,0.1,0.001,1.4814
3669,-31.96,2,0,3,0.1,0.001,0.6788
3670,-25.92,5,0,6,0.1,0.001,0.8468
3671,-23.83,6,0,7,0.1,0.001,0.8811
3672,-19.94,8,0,9,0.1,0.001,0.8956
3673,47.95,7,1,7,0.1,0.001,0.8507
3674,47.41,6,1,6,0.1,0.001,1.0689
3675,-25.95,4,0,5,0.1,0.001,1.2102
3676,54.27,9,1,9,0.1,0.001,1.1406
3677,-25.42,4,0,5,0.1,0.001,1.3154
3678,-30.99,2,0,3,0.1,0.001,1.0044
3679,54.65,9,1,9,0.1,0.001,1.1838
3680,-24.12,5,0,6,0.1,0.001,1.1462
3681,-25.19,4,0,5,0.1,0.001,1.3629
3682,-28.38,3,0,4,0.1,0.001,1.1546
3683,-24.47,5,0,6,0.1,0.001,1.0888
3684,61.72,14,1,14,0.1,0.001,0.9086
3685,-22.77,6,0,7,0.1,0.001,1.0323
3686,-33.16,1,0,2,0.1,0.001,0.9225
3687,-16.89,8,0,9,0.1,0.001,1.2349
3688,-34.08,1,0,2,0.1,0.001,0.458
3689,-26.26,5,0,6,0.1,0.001,0.7904
3690,45.33,5,1,5,0.1,0.001,1.0661
3691,60.02,11,1,11,0.1,0.001,1.2748
3692,-23.62,6,0,7,0.1,0.001,0.912
3693,48.78,7,1,7,0.1,0.001,0.9687
3694,45.87,6,1,6,0.1,0.001,0.8109
3695,-34.12,1,0,2,0.1,0.001,0.4401
3696,-21.44,7,0,8,0.1,0.001,0.9447
3697,-33.94,1,0,2,0.1,0.001,0.5305
3698,53.38,8,1,8,0.1,0.001,1.2978
3699,-23.94,7,0,8,0.1,0.001,0.633
3700,-0.59,16,0,17,0.1,0.001,1.1419
3701,-9.21,11,0,12,0.1,0.001,1.3162
3702,-30.02,3,0,4,0.1,0.001,0.7449
3703,50.49,8,1,8,0.1,0.001,0.9367
3704,-29.82,3,0,4,0.1,0.001,0.7947
3705,53.47,9,1,9,0.1,0.001,1.0521
3706,-27.76,3,0,4,0.1,0.001,1.3102
3707,-30.76,2,0,3,0.1,0.001,1.0791
3708,56.68,10,1,10,0.1,0.001,1.1678
3709,-26.25,4,0,5,0.1,0.001,1.1509
3710,-18.19,8,0,9,0.1,0.001,1.0905
3711,-26.53,5,0,6,0.1,0.001,0.7457
3712,-20.67,7,0,8,0.1,0.001,1.0409
3713,41.61,3,1,3,0.1,0.001,1.2049
3714,-23.58,6,0,7,0.1,0.001,0.9176
3715,-17.1,9,0,10,0.1,0.001,0.9905
3716,63.48,13,1,13,0.1,0.001,1.1908
3717,-31.12,2,0,3,0.1,0.001,0.9613
3718,-28.35,4,0,5,0.1,0.001,0.7307
3719,47.4,6,1,6,0.1,0.001,1.0673
3720,-6.9,12,0,13,0.1,0.001,1.3154
3721,-27.69,4,0,5,0.1,0.001,0.8615
3722,-14.73,9,0,10,0.1,0.001,1.2266
3723,-21.75,7,0,8,0.1,0.001,0.9064
3724,52.21,10,1,10,0.1,0.001,0.7205
3725,-29.29,3,0,4,0.1,0.001,0.9276
3726,-32.99,1,0,2,0.1,0.001,1.0074
3727,-33.2,1,0,2,0.1,0.001,0.9006
3728,-16.18,7,0,8,0.1,0.001,1.603
3729,-22.49,6,0,7,0.1,0.001,1.073
3730,-22.34,6,0,7,0.1,0.001,1.095
3731,63.18,12,1,12,0.1,0.001,1.348
3732,-28.23,4,0,5,0.1,0.001,0.7546
3733,-27.97,3,0,4,0.1,0.001,1.2583
3734,39.19,2,1,2,0.1,0.001,1.097
3735,51.35,8,1,8,0.1,0.001,1.0441
3736,-16.54,8,0,9,0.1,0.001,1.2732
3737,-22.12,6,0,7,0.1,0.001,1.1255
3738,38.51,2,1,2,0.1,0.001,0.7536
3739,-15.14,8,0,9,0.1,0.001,1.4287
3740,-7.14,12,0,13,0.1,0.001,1.2967
3741,45.26,5,1,5,0.1,0.001,1.0523
3742,-33.22,1,0,2,0.1,0.001,0.89
3743,50.51,8,1,8,0.1,0.001,0.9391
3744,41.31,3,1,3,0.1,0.001,1.1047
3745,-29.12,3,0,4,0.1,0.001,0.9694
3746,-27.63,4,0,5,0.1,0.001,0.8745
3747,-27.73,3,0,4,0.1,0.001,1.318
3748,-30.46,2,0,3,0.1,0.001,1.1784
3749,-25.94,4,0,5,0.1,0.001,1.2123
3750,-20.93,6,0,7,0.1,0.001,1.2964
3751,-28.95,3,0,4,0.1,0.001,1.0114
3752,-30.84,2,0,3,0.1,0.001,1.0525
3753,-31.09,2,0,3,0.1,0.001,0.9711
3754,64.82,14,1,14,0.1,0.001,1.1301
3755,-33.68,1,0,2,0.1,0.001,0.66
3756,-25.57,5,0,6,0.1,0.001,0.9042
3757,-14.81,10,0,11,0.1,0.001,1.0168
3758,-27.84,4,0,5,0.1,0.001,0.8321
3759,-23.48,6,0,7,0.1,0.001,0.931
3760,-33.24,1,0,2,0.1,0.001,0.8776
3761,-24.96,5,0,6,0.1,0.001,1.006
3762,-28.56,3,0,4,0.1,0.001,1.109
3763,-6.47,14,0,15,0.1,0.001,1.0354
3764,-31.72,1,0,2,0.1,0.001,1.6378
3765,64.46,15,1,15,0.1,0.001,0.9642
3766,-33.26,1,0,2,0.1,0.001,0.8687
3767,41.12,3,1,3,0.1,0.001,1.039
3768,-24.18,5,0,6,0.1,0.001,1.1359
3769,-18.59,8,0,9,0.1,0.001,1.0452
3770,-30.56,2,0,3,0.1,0.001,1.1478
3771,-33.5,1,0,2,0.1,0.001,0.752
3772,-33.2,1,0,2,0.1,0.001,0.8979
3773,-30.45,2,0,3,0.1,0.001,1.1838
3774,-33.71,1,0,2,0.1,0.001,0.645
3775,-24.02,6,0,7,0.1,0.001,0.8536
3776,-22.06,6,0,7,0.1,0.001,1.1342
3777,43.55,4,1,4,0.1,0.001,1.1386
3778,49.64,7,1,7,0.1,0.001,1.0919
3779,-21.5,7,0,8,0.1,0.001,0.9381
3780,-10.48,12,0,13,0.1,0.001,1.0399
3781,-12.0,12,0,13,0.1,0.001,0.9228
3782,40.33,3,1,3,0.1,0.001,0.7758
3783,-21.56,7,0,8,0.1,0.001,0.9303
3784,-27.65,4,0,5,0.1,0.001,0.87
3785,-31.83,2,0,3,0.1,0.001,0.7233
3786,-19.83,8,0,9,0.1,0.001,0.9075
3787,-29.23,3,0,4,0.1,0.001,0.9437
3788,-16.5,9,0,10,0.1,0.001,1.0503
3789,-33.15,1,0,2,0.1,0.001,0.926
3790,-19.59,8,0,9,0.1,0.001,0.934
3791,-33.22,1,0,2,0.1,0.001,0.8915
3792,-33.42,1,0,2,0.1,0.001,0.7921
3793,41.29,3,1,3,0.1,0.001,1.0966
3794,-16.54,9,0,10,0.1,0.001,1.046
3795,-31.36,2,0,3,0.1,0.001,0.8786
3796,55.05,11,1,11,0.1,0.001,0.8226
3797,-26.14,5,0,6,0.1,0.001,0.8105
3798,54.95,10,1,10,0.1,0.001,0.9952
3799,-21.97,7,0,8,0.1,0.001,0.8793
3800,52.94,9,1,9,0.1,0.001,0.9931
3801,-27.41,4,0,5,0.1,0.001,0.9183
3802,-27.13,4,0,5,0.1,0.001,0.9738
3803,-22.21,7,0,8,0.1,0.001,0.8489
3804,-30.64,2,0,3,0.1,0.001,1.1184
3805,-24.22,5,0,6,0.1,0.001,1.1292
3806,46.51,6,1,6,0.1,0.001,0.9181
3807,51.84,8,1,8,0.1,0.001,1.1045
3808,50.82,8,1,8,0.1,0.001,0.9774
3809,-25.62,5,0,6,0.1,0.001,0.8959
3810,-32.54,1,0,2,0.1,0.001,1.2319
3811,-21.5,7,0,8,0.1,0.001,0.9379
3812,42.61,4,1,4,0.1,0.001,0.9035
3813,46.3,5,1,5,0.1,0.001,1.2593
3814,48.05,6,1,6,0.1,0.001,1.1756
3815,40.52,3,1,3,0.1,0.001,0.8387
3816,-24.29,6,0,7,0.1,0.001,0.8158
3817,-31.34,2,0,3,0.1,0.001,0.8872
3818,55.55,8,1,8,0.1,0.001,1.5694
3819,-33.83,1,0,2,0.1,0.001,0.5828
3820,-33.17,1,0,2,0.1,0.001,0.9163
3821,44.8,5,1,5,0.1,0.001,0.959
3822,-33.19,1,0,2,0.1,0.001,0.9047
3823,-25.84,5,0,6,0.1,0.001,0.8596
3824,-22.42,7,0,8,0.1,0.001,0.823
3825,-17.57,9,0,10,0.1,0.001,0.9428
3826,-25.44,5,0,6,0.1,0.001,0.9264
3827,-24.75,6,0,7,0.1,0.001,0.75
3828,40.32,3,1,3,0.1,0.001,0.7734
3829,-28.8,3,0,4,0.1,0.001,1.0509
3830,-27.41,4,0,5,0.1,0.001,0.9187
3831,50.73,6,1,6,0.1,0.001,1.6221
3832,-28.53,3,0,4,0.1,0.001,1.1164
3833,38.81,2,1,2,0.1,0.001,0.9073
3834,-18.72,8,0,9,0.1,0.001,1.0317
3835,-27.61,4,0,5,0.1,0.001,0.8779
3836,41.22,3,1,3,0.1,0.001,1.0748
3837,-34.13,1,0,2,0.1,0.001,0.4346
3838,-25.52,5,0,6,0.1,0.001,0.9136
3839,-33.53,1,0,2,0.1,0.001,0.7332
3840,38.48,2,1,2,0.1,0.001,0.7397
3841,-26.21,5,0,6,0.1,0.001,0.7991
3842,-24.25,6,0,7,0.1,0.001,0.8209
3843,-29.74,3,0,4,0.1,0.001,0.814
3844,50.76,8,1,8,0.1,0.001,0.9697
3845,-4.11,15,0,16,0.1,0.001,1.0559
3846,-23.56,6,0,7,0.1,0.001,0.9205
3847,54.99,11,1,11,0.1,0.001,0.817
3848,-16.23,10,0,11,0.1,0.001,0.888
3849,-15.3,11,0,12,0.1,0.001,0.8083
3850,-21.87,6,0,7,0.1,0.001,1.1618
3851,-19.18,8,0,9,0.1,0.001,0.9798
3852,-28.16,3,0,4,0.1,0.001,1.21
3853,-16.53,10,0,11,0.1,0.001,0.8609
3854,44.12,5,1,5,0.1,0.001,0.825
3855,-34.03,1,0,2,0.1,0.001,0.4847
3856,-14.87,10,0,11,0.1,0.001,1.0115
3857,-20.05,8,0,9,0.1,0.001,0.8829
3858,47.7,6,1,6,0.1,0.001,1.1161
3859,47.7,7,1,7,0.1,0.001,0.8143
3860,-32.4,2,0,3,0.1,0.001,0.5347
3861,-27.58,4,0,5,0.1,0.001,0.8831
3862,-25.3,5,0,6,0.1,0.001,0.9499
3863,-28.05,4,0,5,0.1,0.001,0.7907
3864,-8.42,11,0,12,0.1,0.001,1.3816
3865,43.86,5,1,5,0.1,0.001,0.7727
3866,40.76,3,1,3,0.1,0.001,0.9195
3867,-32.93,2,0,3,0.1,0.001,0.3559
3868,-21.78,7,0,8,0.1,0.001,0.903
3869,-26.38,5,0,6,0.1,0.001,0.7696
3870,49.6,7,1,7,0.1,0.001,1.0858
3871,38.7,2,1,2,0.1,0.001,0.8508
3872,40.56,3,1,3,0.1,0.001,0.854
3873,-17.67,8,0,9,0.1,0.001,1.1483
3874,48.46,7,1,7,0.1,0.001,0.9235
3875,-32.63,2,0,3,0.1,0.001,0.4557
3876,-33.48,1,0,2,0.1,0.001,0.7578
3877,-12.39,11,0,12,0.1,0.001,1.0509
3878,-28.36,4,0,5,0.1,0.001,0.7286
3879,-28.77,3,0,4,0.1,0.001,1.0565
3880,-18.06,8,0,9,0.1,0.001,1.1041
3881,-24.27,6,0,7,0.1,0.001,0.8186
3882,-31.53,2,0,3,0.1,0.001,0.8222
3883,-11.38,11,0,12,0.1,0.001,1.1354
3884,-10.64,11,0,12,0.1,0.001,1.1963
3885,42.64,4,1,4,0.1,0.001,0.9104
3886,44.33,4,1,4,0.1,0.001,1.3337
3887,-33.51,1,0,2,0.1,0.001,0.7453
3888,56.62,9,1,9,0.1,0.001,1.4026
3889,-32.07,2,0,3,0.1,0.001,0.6436
3890,-33.32,1,0,2,0.1,0.001,0.8413
3891,48.31,7,1,7,0.1,0.001,0.9009
3892,-32.09,2,0,3,0.1,0.001,0.6355
3893,-23.73,4,0,5,0.1,0.001,1.6541
3894,40.94,3,1,3,0.1,0.001,0.9794
3895,-27.34,4,0,5,0.1,0.001,0.9319
3896,-20.93,8,0,9,0.1,0.001,0.7858
3897,-23.75,5,0,6,0.1,0.001,1.209
3898,72.84,18,1,18,0.1,0.001,1.1022
3899,43.68,4,1,4,0.1,0.001,1.1689
3900,-16.1,10,0,11,0.1,0.001,0.8996
3901,49.76,8,1,8,0.1,0.001,0.8454
3902,-33.74,1,0,2,0.1,0.001,0.6321
3903,-33.77,1,0,2,0.1,0.001,0.6142
3904,-31.63,2,0,3,0.1,0.001,0.7884
3905,48.14,7,1,7,0.1,0.001,0.8767
3906,-32.09,2,0,3,0.1,0.001,0.6376
3907,-24.79,6,0,7,0.1,0.001,0.7442
3908,-31.56,2,0,3,0.1,0.001,0.8126
3909,-17.25,9,0,10,0.1,0.001,0.9748
3910,-32.28,2,0,3,0.1,0.001,0.5731
3911,-16.93,10,0,11,0.1,0.001,0.825
3912,-33.35,1,0,2,0.1,0.001,0.8245
3913,48.45,7,1,7,0.1,0.001,0.9218
3914,-20.48,8,0,9,0.1,0.001,0.8353
3915,-29.61,3,0,4,0.1,0.001,0.8473
3916,-21.74,7,0,8,0.1,0.001,0.9076
3917,48.69,8,1,8,0.1,0.001,0.7114
3918,-34.1,1,0,2,0.1,0.001,0.4514
3919,-29.61,3,0,4,0.1,0.001,0.8465
3920,-34.09,1,0,2,0.1,0.001,0.4536
3921,-27.36,4,0,5,0.1,0.001,0.9284
3922,-29.62,3,0,4,0.1,0.001,0.846
3923,-31.55,2,0,3,0.1,0.001,0.8155
3924,-23.2,6,0,7,0.1,0.001,0.9713
3925,-27.96,4,0,5,0.1,0.001,0.8071
3926,-26.21,5,0,6,0.1,0.001,0.799
3927,-31.62,2,0,3,0.1,0.001,0.7928
3928,-16.2,11,0,12,0.1,0.001,0.733
3929,-30.17,3,0,4,0.1,0.001,0.7072
3930,36.54,1,1,1,0.1,0.001,0.5395
3931,53.59,10,1,10,0.1,0.001,0.8595
3932,-16.17,11,0,12,0.1,0.001,0.7356
3933,-11.74,13,0,14,0.1,0.001,0.8045
3934,-33.13,1,0,2,0.1,0.001,0.9367
3935,-19.53,8,0,9,0.1,0.001,0.9415
3936,-31.39,2,0,3,0.1,0.001,0.8709
3937,-33.48,1,0,2,0.1,0.001,0.7576
3938,-27.77,4,0,5,0.1,0.001,0.8455
3939,-32.17,2,0,3,0.1,0.001,0.6115
3940,40.63,3,1,3,0.1,0.001,0.877
3941,-9.48,11,0,12,0.1,0.001,1.293
3942,-24.57,5,0,6,0.1,0.001,1.071
3943,-31.89,2,0,3,0.1,0.001,0.7049
3944,-30.39,3,0,4,0.1,0.001,0.6523
3945,-34.0,1,0,2,0.1,0.001,0.4994
3946,42.99,4,1,4,0.1,0.001,0.9965
3947,-25.49,5,0,6,0.1,0.001,0.919
3948,-31.38,2,0,3,0.1,0.001,0.8726
3949,-26.18,4,0,5,0.1,0.001,1.1649
3950,-22.08,7,0,8,0.1,0.001,0.865
3951,-20.32,7,0,8,0.1,0.001,1.0846
3952,-29.68,3,0,4,0.1,0.001,0.8307
3953,44.38,5,1,5,0.1,0.001,0.8756
3954,-29.22,3,0,4,0.1,0.001,0.9442
3955,-23.92,5,0,6,0.1,0.001,1.1796
3956,-31.49,2,0,3,0.1,0.001,0.8369
3957,42.72,4,1,4,0.1,0.001,0.9292
3958,-33.25,1,0,2,0.1,0.001,0.8747
3959,-29.66,3,0,4,0.1,0.001,0.8361
3960,-27.08,4,0,5,0.1,0.001,0.9846
3961,-21.73,7,0,8,0.1,0.001,0.9081
3962,47.45,7,1,7,0.1,0.001,0.778
3963,-33.97,1,0,2,0.1,0.001,0.5168
3964,42.71,4,1,4,0.1,0.001,0.9276
3965,-23.15,7,0,8,0.1,0.001,0.7317
3966,-33.54,1,0,2,0.1,0.001,0.7283
3967,-28.24,4,0,5,0.1,0.001,0.7512
3968,-34.0,1,0,2,0.1,0.001,0.5005
3969,-24.71,6,0,7,0.1,0.001,0.7555
3970,-24.67,6,0,7,0.1,0.001,0.7616
3971,-18.25,9,0,10,0.1,0.001,0.8748
3972,-26.38,4,0,5,0.1,0.001,1.1246
3973,45.79,6,1,6,0.1,0.001,0.7987
3974,49.4,7,1,7,0.1,0.001,1.0568
3975,-18.87,9,0,10,0.1,0.001,0.813
3976,-19.57,8,0,9,0.1,0.001,0.9362
3977,-23.75,6,0,7,0.1,0.001,0.8935
3978,-24.92,6,0,7,0.1,0.001,0.726
3979,-24.46,5,0,6,0.1,0.001,1.0894
3980,-20.9,8,0,9,0.1,0.001,0.7885
3981,-16.6,10,0,11,0.1,0.001,0.8543
3982,51.61,8,1,8,0.1,0.001,1.0768
3983,-14.91,11,0,12,0.1,0.001,0.841
3984,-27.21,5,0,6,0.1,0.001,0.6323
3985,-20.12,8,0,9,0.1,0.001,0.8758
3986,-33.41,1,0,2,0.1,0.001,0.7933
3987,46.48,6,1,6,0.1,0.001,0.9133
3988,-18.62,7,0,8,0.1,0.001,1.2979
3989,42.9,4,1,4,0.1,0.001,0.9761
3990,-28.44,4,0,5,0.1,0.001,0.7114
3991,56.96,13,1,13,0.1,0.001,0.6889
3992,40.23,3,1,3,0.1,0.001,0.7424
3993,-27.12,4,0,5,0.1,0.001,0.9758
3994,-32.47,2,0,3,0.1,0.001,0.5116
3995,-19.42,9,0,10,0.1,0.001,0.7584
3996,46.56,6,1,6,0.1,0.001,0.9273
3997,-24.5,6,0,7,0.1,0.001,0.7857
3998,-29.97,3,0,4,0.1,0.001,0.7571
3999,51.16,8,1,8,0.1,0.001,1.0205
4000,-24.61,6,0,7,0.1,0.001,0.7701
4001,49.12,7,1,7,0.1,0.001,1.0166
4002,-21.69,7,0,8,0.1,0.001,0.9135
4003,-25.34,5,0,6,0.1,0.001,0.9439
4004,38.55,2,1,2,0.1,0.001,0.7755
4005,-26.59,5,0,6,0.1,0.001,0.7358
4006,-21.19,6,0,7,0.1,0.001,1.2579
4007,-21.35,7,0,8,0.1,0.001,0.956
4008,-34.08,1,0,2,0.1,0.001,0.461
4009,40.86,3,1,3,0.1,0.001,0.9523
4010,-30.2,3,0,4,0.1,0.001,0.6997
4011,-19.91,8,0,9,0.1,0.001,0.8984
4012,-24.67,5,0,6,0.1,0.001,1.0552
4013,45.97,6,1,6,0.1,0.001,0.828
4014,44.37,5,1,5,0.1,0.001,0.8741
4015,42.9,4,1,4,0.1,0.001,0.9752
4016,-31.81,2,0,3,0.1,0.001,0.7303
4017,-34.01,1,0,2,0.1,0.001,0.4928
4018,-33.07,1,0,2,0.1,0.001,0.9646
4019,-20.64,6,0,7,0.1,0.001,1.3365
4020,39.3,2,1,2,0.1,0.001,1.1493
4021,41.16,3,1,3,0.1,0.001,1.0525
4022,41.59,3,1,3,0.1,0.001,1.197
4023,42.82,4,1,4,0.1,0.001,0.9549
4024,40.92,3,1,3,0.1,0.001,0.9727
4025,-26.25,4,0,5,0.1,0.001,1.1504
4026,-21.32,6,0,7,0.1,0.001,1.2394
4027,-27.72,5,0,6,0.1,0.001,0.547
4028,-10.5,10,0,11,0.1,0.001,1.4094
4029,45.55,6,1,6,0.1,0.001,0.7581
4030,-26.66,5,0,6,0.1,0.001,0.7228
4031,47.99,7,1,7,0.1,0.001,0.8559
4032,-18.13,9,0,10,0.1,0.001,0.8868
4033,44.42,5,1,5,0.1,0.001,0.8839
4034,-27.48,4,0,5,0.1,0.001,0.9045
4035,45.37,6,1,6,0.1,0.001,0.7278
4036,-18.36,9,0,10,0.1,0.001,0.8643
4037,-17.9,9,0,10,0.1,0.001,0.91
4038,48.32,7,1,7,0.1,0.001,0.9028
4039,-32.2,2,0,3,0.1,0.001,0.6007
4040,-27.24,4,0,5,0.1,0.001,0.9512
4041,-34.01,1,0,2,0.1,0.001,0.4956
4042,40.28,3,1,3,0.1,0.001,0.7608
4043,-16.64,10,0,11,0.1,0.001,0.8507
4044,-30.25,2,0,3,0.1,0.001,1.2516
4045,49.24,8,1,8,0.1,0.001,0.7803
4046,-28.66,4,0,5,0.1,0.001,0.6674
4047,-27.23,4,0,5,0.1,0.001,0.9545
4048,-16.88,10,0,11,0.1,0.001,0.8288
4049,51.47,9,1,9,0.1,0.001,0.8297
4050,44.59,5,1,5,0.1,0.001,0.9173
4051,-19.09,9,0,10,0.1,0.001,0.7914
4052,-32.29,2,0,3,0.1,0.001,0.5684
4053,-17.94,9,0,10,0.1,0.001,0.9062
4054,48.19,7,1,7,0.1,0.001,0.884
4055,-22.76,6,0,7,0.1,0.001,1.0343
4056,49.16,7,1,7,0.1,0.001,1.0232
4057,-28.56,3,0,4,0.1,0.001,1.1112
4058,-22.71,6,0,7,0.1,0.001,1.0418
4059,36.4,1,1,1,0.1,0.001,0.3997
4060,-24.06,6,0,7,0.1,0.001,0.8486
4061,-31.88,2,0,3,0.1,0.001,0.7052
4062,-16.13,9,0,10,0.1,0.001,1.0867
4063,-23.65,6,0,7,0.1,0.001,0.9078
4064,-25.79,4,0,5,0.1,0.001,1.241
4065,-14.32,9,0,10,0.1,0.001,1.2676
4066,-30.68,2,0,3,0.1,0.001,1.1052
4067,-27.57,4,0,5,0.1,0.001,0.8868
4068,-31.28,2,0,3,0.1,0.001,0.9076
4069,42.49,4,1,4,0.1,0.001,0.8724
4070,-19.57,9,0,10,0.1,0.001,0.7432
4071,-30.23,3,0,4,0.1,0.001,0.6915
4072,53.89,7,1,7,0.1,0.001,1.6984
4073,-30.34,3,0,4,0.1,0.001,0.664
4074,-18.63,8,0,9,0.1,0.001,1.0413
4075,56.26,10,1,10,0.1,0.001,1.1263
4076,48.25,5,1,5,0.1,0.001,1.6502
4077,-26.47,4,0,5,0.1,0.001,1.1067
4078,-22.24,6,0,7,0.1,0.001,1.1089
4079,-23.03,7,0,8,0.1,0.001,0.7466
4080,-30.98,2,0,3,0.1,0.001,1.0079
4081,-26.85,4,0,5,0.1,0.001,1.0292
4082,47.29,6,1,6,0.1,0.001,1.0485
4083,-26.16,5,0,6,0.1,0.001,0.8065
4084,-29.73,3,0,4,0.1,0.001,0.8167
4085,52.58,8,1,8,0.1,0.001,1.1977
4086,-26.75,5,0,6,0.1,0.001,0.7085
4087,-21.14,7,0,8,0.1,0.001,0.9826
4088,38.32,2,1,2,0.1,0.001,0.6613
4089,49.57,7,1,7,0.1,0.001,1.0813
4090,-33.9,1,0,2,0.1,0.001,0.5507
4091,-21.14,6,0,7,0.1,0.001,1.2664
4092,-19.67,8,0,9,0.1,0.001,0.9254
4093,47.29,6,1,6,0.1,0.001,1.0476
4094,54.82,10,1,10,0.1,0.001,0.9818
4095,-28.06,4,0,5,0.1,0.001,0.7879
4096,-25.44,5,0,6,0.1,0.001,0.9267
4097,48.92,6,1,6,0.1,0.001,1.3192
4098,-30.61,3,0,4,0.1,0.001,0.5987
4099,-22.63,7,0,8,0.1,0.001,0.7958
4100,-31.71,2,0,3,0.1,0.001,0.7621
4101,-27.26,3,0,4,0.1,0.001,1.4344
4102,-31.34,2,0,3,0.1,0.001,0.888
4103,43.52,5,1,5,0.1,0.001,0.7039
4104,-13.83,11,0,12,0.1,0.001,0.9308
4105,-30.41,3,0,4,0.1,0.001,0.6487
4106,-29.45,3,0,4,0.1,0.001,0.8863
4107,-34.07,1,0,2,0.1,0.001,0.4625
4108,-28.06,4,0,5,0.1,0.001,0.7877
4109,-31.34,2,0,3,0.1,0.001,0.8868
4110,-32.6,2,0,3,0.1,0.001,0.4668
4111,-25.52,6,0,7,0.1,0.001,0.6407
4112,-28.22,4,0,5,0.1,0.001,0.7563
4113,-23.81,5,0,6,0.1,0.001,1.1981
4114,54.05,7,1,7,0.1,0.001,1.7219
4115,-31.14,2,0,3,0.1,0.001,0.9541
4116,-27.18,4,0,5,0.1,0.001,0.963
4117,-15.6,8,0,9,0.1,0.001,1.378
4118,-26.86,4,0,5,0.1,0.001,1.0287
4119,-27.45,4,0,5,0.1,0.001,0.9092
4120,43.41,4,1,4,0.1,0.001,1.102
4121,-27.74,4,0,5,0.1,0.001,0.8519
4122,46.2,5,1,5,0.1,0.001,1.2394
4123,-25.8,6,0,7,0.1,0.001,0.6007
4124,-33.5,1,0,2,0.1,0.001,0.7502
4125,54.91,10,1,10,0.1,0.001,0.9907
4126,-15.94,10,0,11,0.1,0.001,0.9141
4127,58.12,11,1,11,0.1,0.001,1.1015
4128,45.76,6,1,6,0.1,0.001,0.7929
4129,-18.51,9,0,10,0.1,0.001,0.849
4130,-31.8,2,0,3,0.1,0.001,0.7317
4131,46.24,6,1,6,0.1,0.001,0.8736
4132,-29.07,3,0,4,0.1,0.001,0.9837
4133,-34.19,1,0,2,0.1,0.001,0.404
4134,54.76,11,1,11,0.1,0.001,0.7962
4135,54.73,9,1,9,0.1,0.001,1.1919
4136,-18.79,9,0,10,0.1,0.001,0.8206
4137,-24.96,5,0,6,0.1,0.001,1.0067
4138,-30.41,3,0,4,0.1,0.001,0.6481
4139,58.28,12,1,12,0.1,0.001,0.9397
4140,-30.0,3,0,4,0.1,0.001,0.7488
4141,-33.87,1,0,2,0.1,0.001,0.566
4142,-17.09,9,0,10,0.1,0.001,0.9913
4143,-7.43,11,0,12,0.1,0.001,1.4639
4144,-22.98,6,0,7,0.1,0.001,1.0029
4145,-26.0,5,0,6,0.1,0.001,0.8327
4146,50.2,9,1,9,0.1,0.001,0.6894
4147,-29.82,3,0,4,0.1,0.001,0.7939
4148,-30.44,3,0,4,0.1,0.001,0.6389
4149,-23.26,7,0,8,0.1,0.001,0.7172
4150,-22.91,6,0,7,0.1,0.001,1.0128
4151,-29.74,3,0,4,0.1,0.001,0.8153
4152,-28.24,4,0,5,0.1,0.001,0.7517
4153,-29.38,3,0,4,0.1,0.001,0.9061
4154,-27.71,4,0,5,0.1,0.001,0.8572
4155,-29.24,3,0,4,0.1,0.001,0.939
4156,-29.63,3,0,4,0.1,0.001,0.8427
4157,-22.01,7,0,8,0.1,0.001,0.8733
4158,48.77,7,1,7,0.1,0.001,0.9665
4159,-31.38,2,0,3,0.1,0.001,0.8733
4160,-31.53,2,0,3,0.1,0.001,0.8217
4161,-14.99,10,0,11,0.1,0.001,1.0013
4162,-33.91,1,0,2,0.1,0.001,0.5431
4163,-29.74,3,0,4,0.1,0.001,0.8161
4164,52.67,8,1,8,0.1,0.001,1.2082
4165,49.24,7,1,7,0.1,0.001,1.0343
4166,-27.31,4,0,5,0.1,0.001,0.9373
4167,-21.37,7,0,8,0.1,0.001,0.9539
4168,-32.29,2,0,3,0.1,0.001,0.5708
4169,40.73,3,1,3,0.1,0.001,0.9111
4170,-29.98,3,0,4,0.1,0.001,0.7552
4171,42.43,4,1,4,0.1,0.001,0.8575
4172,42.7,4,1,4,0.1,0.001,0.9244
4173,50.95,7,1,7,0.1,0.001,1.2779
4174,-24.21,6,0,7,0.1,0.001,0.8278
4175,-19.76,8,0,9,0.1,0.001,0.9159
4176,44.45,5,1,5,0.1,0.001,0.8905
4177,-25.6,5,0,6,0.1,0.001,0.9007
4178,40.83,3,1,3,0.1,0.001,0.9442
4179,60.69,11,1,11,0.1,0.001,1.3357
4180,-33.59,1,0,2,0.1,0.001,0.7061
4181,44.04,5,1,5,0.1,0.001,0.8082
4182,52.69,9,1,9,0.1,0.001,0.9659
4183,-25.81,5,0,6,0.1,0.001,0.865
4184,42.03,4,1,4,0.1,0.001,0.7564
4185,50.69,9,1,9,0.1,0.001,0.7432
4186,46.34,6,1,6,0.1,0.001,0.8894
4187,56.61,10,1,10,0.1,0.001,1.1608
4188,45.89,5,1,5,0.1,0.001,1.1785
4189,-33.8,1,0,2,0.1,0.001,0.5989
4190,-29.81,3,0,4,0.1,0.001,0.7978
4191,-32.0,2,0,3,0.1,0.001,0.6666
4192,-27.5,4,0,5,0.1,0.001,0.8993
4193,-22.53,6,0,7,0.1,0.001,1.067
4194,-31.61,2,0,3,0.1,0.001,0.7975
4195,42.7,4,1,4,0.1,0.001,0.9259
4196,-29.37,3,0,4,0.1,0.001,0.9079
4197,51.34,8,1,8,0.1,0.001,1.042
4198,42.34,4,1,4,0.1,0.001,0.8356
4199,-15.22,11,0,12,0.1,0.001,0.8153
4200,-33.16,1,0,2,0.1,0.001,0.9176
4201,-26.14,5,0,6,0.1,0.001,0.8103
4202,-29.2,3,0,4,0.1,0.001,0.9504
4203,-32.27,2,0,3,0.1,0.001,0.5759
4204,-25.22,5,0,6,0.1,0.001,0.9634
4205,48.95,7,1,7,0.1,0.001,0.9935
4206,-34.06,1,0,2,0.1,0.001,0.4703
4207,-33.46,1,0,2,0.1,0.001,0.7689
4208,-25.93,5,0,6,0.1,0.001,0.8448
4209,43.0,4,1,4,0.1,0.001,1.0008
4210,44.82,5,1,5,0.1,0.001,0.9637
4211,-21.32,8,0,9,0.1,0.001,0.742
4212,-27.86,4,0,5,0.1,0.001,0.8289
4213,48.61,7,1,7,0.1,0.001,0.9443
4214,38.87,2,1,2,0.1,0.001,0.9362
4215,-29.58,3,0,4,0.1,0.001,0.8557
4216,43.18,5,1,5,0.1,0.001,0.6358
4217,47.79,6,1,6,0.1,0.001,1.1321
4218,-24.14,6,0,7,0.1,0.001,0.8378
4219,-14.59,11,0,12,0.1,0.001,0.8675
4220,-15.53,12,0,13,0.1,0.001,0.6512
4221,-31.72,2,0,3,0.1,0.001,0.7587
4222,-19.25,8,0,9,0.1,0.001,0.9722
4223,-29.96,3,0,4,0.1,0.001,0.7595
4224,-23.41,6,0,7,0.1,0.001,0.941
4225,-22.56,7,0,8,0.1,0.001,0.8054
4226,-20.82,7,0,8,0.1,0.001,1.0227
4227,43.97,4,1,4,0.1,0.001,1.2416
4228,-16.57,9,0,10,0.1,0.001,1.0433
4229,55.54,9,1,9,0.1,0.001,1.282
4230,58.76,13,1,13,0.1,0.001,0.8279
4231,-23.61,6,0,7,0.1,0.001,0.9133
4232,52.42,9,1,9,0.1,0.001,0.9361
4233,-27.97,4,0,5,0.1,0.001,0.8065
4234,-31.68,2,0,3,0.1,0.001,0.7725
4235,-27.62,4,0,5,0.1,0.001,0.8754
4236,-24.57,6,0,7,0.1,0.001,0.7756
4237,-25.97,5,0,6,0.1,0.001,0.8385
4238,53.79,10,1,10,0.1,0.001,0.8788
4239,50.46,7,1,7,0.1,0.001,1.2082
4240,-30.82,3,0,4,0.1,0.001,0.5461
4241,-33.69,1,0,2,0.1,0.001,0.6567
4242,-27.59,5,0,6,0.1,0.001,0.5682
4243,51.68,9,1,9,0.1,0.001,0.8535
4244,-26.75,5,0,6,0.1,0.001,0.709
4245,-22.51,7,0,8,0.1,0.001,0.8111
4246,-32.0,2,0,3,0.1,0.001,0.6664
4247,48.05,7,1,7,0.1,0.001,0.8645
4248,-24.57,6,0,7,0.1,0.001,0.7753
4249,-28.32,4,0,5,0.1,0.001,0.7351
4250,-29.41,3,0,4,0.1,0.001,0.8981
4251,-34.25,1,0,2,0.1,0.001,0.3731
4252,-29.22,3,0,4,0.1,0.001,0.9448
4253,-31.78,2,0,3,0.1,0.001,0.7393
4254,-28.71,4,0,5,0.1,0.001,0.6572
4255,38.34,2,1,2,0.1,0.001,0.6699
4256,-28.3,4,0,5,0.1,0.001,0.7404
4257,-23.0,7,0,8,0.1,0.001,0.7504
4258,43.45,5,1,5,0.1,0.001,0.6909
4259,-20.0,7,0,8,0.1,0.001,1.125
4260,57.93,12,1,12,0.1,0.001,0.9107
4261,-17.79,9,0,10,0.1,0.001,0.9208
4262,-11.67,11,0,12,0.1,0.001,1.111
4263,-31.65,2,0,3,0.1,0.001,0.784
4264,45.13,5,1,5,0.1,0.001,1.0265
4265,-31.99,2,0,3,0.1,0.001,0.67
4266,-32.42,2,0,3,0.1,0.001,0.5278
4267,45.74,5,1,5,0.1,0.001,1.1471
4268,-28.25,4,0,5,0.1,0.001,0.7501
4269,-19.28,8,0,9,0.1,0.001,0.9692
4270,41.05,3,1,3,0.1,0.001,1.0163
4271,-34.4,1,0,2,0.1,0.001,0.3015
4272,43.12,4,1,4,0.1,0.001,1.0303
4273,45.64,5,1,5,0.1,0.001,1.1285
4274,-26.41,5,0,6,0.1,0.001,0.7644
4275,-19.52,8,0,9,0.1,0.001,0.942
4276,42.33,4,1,4,0.1,0.001,0.8321
4277,-29.35,4,0,5,0.1,0.001,0.5293
4278,-31.32,3,0,4,0.1,0.001,0.419
4279,-29.39,3,0,4,0.1,0.001,0.9028
4280,49.58,8,1,8,0.1,0.001,0.822
4281,-26.68,4,0,5,0.1,0.001,1.0648
4282,46.34,7,1,7,0.1,0.001,0.6207
4283,45.82,6,1,6,0.1,0.001,0.8037
4284,-31.93,2,0,3,0.1,0.001,0.6908
4285,-33.68,1,0,2,0.1,0.001,0.6591
4286,-21.47,8,0,9,0.1,0.001,0.7253
4287,-26.71,5,0,6,0.1,0.001,0.7145
4288,-32.58,2,0,3,0.1,0.001,0.4728
4289,46.83,7,1,7,0.1,0.001,0.6898
4290,43.02,4,1,4,0.1,0.001,1.005
4291,-19.51,9,0,10,0.1,0.001,0.7487
4292,-18.43,10,0,11,0.1,0.001,0.6884
4293,56.06,11,1,11,0.1,0.001,0.9146
4294,-19.72,8,0,9,0.1,0.001,0.9196
4295,-27.62,4,0,5,0.1,0.001,0.8756
4296,-33.77,1,0,2,0.1,0.001,0.6156
4297,-32.75,2,0,3,0.1,0.001,0.4168
4298,-22.94,7,0,8,0.1,0.001,0.7569
4299,-28.16,4,0,5,0.1,0.001,0.7677
4300,-29.27,3,0,4,0.1,0.001,0.9316
4301,-33.76,1,0,2,0.1,0.001,0.6193
4302,-14.95,11,0,12,0.1,0.001,0.8379
4303,-26.58,5,0,6,0.1,0.001,0.7372
4304,40.65,3,1,3,0.1,0.001,0.8819
4305,48.11,7,1,7,0.1,0.001,0.8727
4306,-15.56,11,0,12,0.1,0.001,0.7866
4307,55.52,10,1,10,0.1,0.001,1.052
4308,46.91,7,1,7,0.1,0.001,0.701
4309,44.57,5,1,5,0.1,0.001,0.9144
4310,-30.08,3,0,4,0.1,0.001,0.729
4311,52.08,10,1,10,0.1,0.001,0.7081
4312,-29.02,4,0,5,0.1,0.001,0.5951
4313,-23.35,6,0,7,0.1,0.001,0.9494
4314,-32.5,2,0,3,0.1,0.001,0.499
4315,51.01,8,1,8,0.1,0.001,1.0016
4316,-28.78,4,0,5,0.1,0.001,0.6438
4317,45.01,5,1,5,0.1,0.001,1.001
4318,-30.79,3,0,4,0.1,0.001,0.5528
4319,-28.31,3,0,4,0.1,0.001,1.1716
4320,-24.67,5,0,6,0.1,0.001,1.0544
4321,-30.12,3,0,4,0.1,0.001,0.7211
4322,-21.68,7,0,8,0.1,0.001,0.9151
4323,-26.92,5,0,6,0.1,0.001,0.6802
4324,54.87,10,1,10,0.1,0.001,0.9869
4325,56.99,13,1,13,0.1,0.001,0.6916
4326,45.25,6,1,6,0.1,0.001,0.7082
4327,-20.82,8,0,9,0.1,0.001,0.7981
4328,-21.8,7,0,8,0.1,0.001,0.8999
4329,-26.23,5,0,6,0.1,0.001,0.7946
4330,-23.12,8,0,9,0.1,0.001,0.5419
4331,-31.35,3,0,4,0.1,0.001,0.4134
4332,-25.49,6,0,7,0.1,0.001,0.6445
4333,-27.97,4,0,5,0.1,0.001,0.806
4334,-19.76,9,0,10,0.1,0.001,0.7239
4335,-31.73,2,0,3,0.1,0.001,0.7562
4336,-24.96,6,0,7,0.1,0.001,0.7193
4337,39.69,3,1,3,0.1,0.001,0.563
4338,47.09,7,1,7,0.1,0.001,0.7272
4339,51.66,9,1,9,0.1,0.001,0.8515
4340,-28.39,4,0,5,0.1,0.001,0.7219
4341,-34.25,1,0,2,0.1,0.001,0.3765
4342,-30.49,3,0,4,0.1,0.001,0.6281
4343,-28.63,4,0,5,0.1,0.001,0.6737
4344,-26.87,5,0,6,0.1,0.001,0.6882
4345,-25.96,5,0,6,0.1,0.001,0.8402
4346,-29.9,3,0,4,0.1,0.001,0.7761
4347,41.81,4,1,4,0.1,0.001,0.7031
4348,46.42,6,1,6,0.1,0.001,0.9031
4349,-32.23,2,0,3,0.1,0.001,0.5915
4350,51.07,9,1,9,0.1,0.001,0.7854
4351,-34.2,1,0,2,0.1,0.001,0.4016
4352,-34.23,1,0,2,0.1,0.001,0.3871
4353,-20.24,8,0,9,0.1,0.001,0.8618
4354,-28.58,4,0,5,0.1,0.001,0.6843
4355,-23.19,7,0,8,0.1,0.001,0.7264
4356,-34.14,1,0,2,0.1,0.001,0.4286
4357,-34.19,1,0,2,0.1,0.001,0.4032
4358,-21.65,7,0,8,0.1,0.001,0.9189
4359,53.5,9,1,9,0.1,0.001,1.0556
4360,40.14,3,1,3,0.1,0.001,0.7135
4361,-29.87,3,0,4,0.1,0.001,0.7814
4362,44.71,5,1,5,0.1,0.001,0.9416
4363,41.99,4,1,4,0.1,0.001,0.7482
4364,-29.24,3,0,4,0.1,0.001,0.9399
4365,-28.19,4,0,5,0.1,0.001,0.762
4366,48.28,7,1,7,0.1,0.001,0.8971
4367,44.91,6,1,6,0.1,0.001,0.651
4368,51.52,9,1,9,0.1,0.001,0.8351
4369,39.78,3,1,3,0.1,0.001,0.5923
4370,40.18,3,1,3,0.1,0.001,0.7278
4371,-28.41,4,0,5,0.1,0.001,0.7172
4372,-25.67,5,0,6,0.1,0.001,0.8882
4373,-27.46,4,0,5,0.1,0.001,0.9071
4374,-21.64,7,0,8,0.1,0.001,0.9203
4375,-32.22,2,0,3,0.1,0.001,0.5924
4376,-21.6,8,0,9,0.1,0.001,0.7116
4377,41.78,4,1,4,0.1,0.001,0.694
4378,-25.27,6,0,7,0.1,0.001,0.6763
4379,-17.85,10,0,11,0.1,0.001,0.7406
4380,47.25,6,1,6,0.1,0.001,1.0413
4381,41.87,4,1,4,0.1,0.001,0.7184
4382,44.05,5,1,5,0.1,0.001,0.8109
4383,-28.35,4,0,5,0.1,0.001,0.7294
4384,-34.19,1,0,2,0.1,0.001,0.4064
4385,48.48,7,1,7,0.1,0.001,0.9259
4386,-22.88,7,0,8,0.1,0.001,0.7644
4387,42.82,4,1,4,0.1,0.001,0.9549
4388,51.88,10,1,10,0.1,0.001,0.6878
4389,-26.32,5,0,6,0.1,0.001,0.7805
4390,-33.78,1,0,2,0.1,0.001,0.6081
4391,-29.71,4,0,5,0.1,0.001,0.4584
4392,-30.71,3,0,4,0.1,0.001,0.5713
4393,-25.85,5,0,6,0.1,0.001,0.8582
4394,47.04,7,1,7,0.1,0.001,0.7199
4395,42.65,4,1,4,0.1,0.001,0.9117
4396,43.3,5,1,5,0.1,0.001,0.6608
4397,52.31,9,1,9,0.1,0.001,0.923
4398,-29.44,3,0,4,0.1,0.001,0.89
4399,45.51,6,1,6,0.1,0.001,0.7524
4400,43.2,5,1,5,0.1,0.001,0.6392
4401,-10.72,11,0,12,0.1,0.001,1.1897
4402,-26.81,4,0,5,0.1,0.001,1.0379
4403,-33.67,1,0,2,0.1,0.001,0.6672
4404,-33.87,1,0,2,0.1,0.001,0.5641
4405,46.13,6,1,6,0.1,0.001,0.8556
4406,45.21,6,1,6,0.1,0.001,0.7018
4407,-24.42,7,0,8,0.1,0.001,0.572
4408,-11.37,13,0,14,0.1,0.001,0.831
4409,51.33,8,1,8,0.1,0.001,1.0407
4410,-28.21,4,0,5,0.1,0.001,0.7577
4411,-29.11,4,0,5,0.1,0.001,0.5789
4412,-20.66,8,0,9,0.1,0.001,0.8154
4413,-32.52,2,0,3,0.1,0.001,0.4939
4414,38.24,2,1,2,0.1,0.001,0.6197
4415,-34.24,1,0,2,0.1,0.001,0.3804
4416,57.11,12,1,12,0.1,0.001,0.8422
4417,-33.84,1,0,2,0.1,0.001,0.5779
4418,43.19,5,1,5,0.1,0.001,0.6372
4419,-24.36,6,0,7,0.1,0.001,0.8051
4420,46.83,7,1,7,0.1,0.001,0.69
4421,-26.67,5,0,6,0.1,0.001,0.7215
4422,39.63,3,1,3,0.1,0.001,0.5431
4423,-30.23,3,0,4,0.1,0.001,0.692
4424,-28.67,4,0,5,0.1,0.001,0.6656
4425,-24.46,6,0,7,0.1,0.001,0.7908
4426,55.0,11,1,11,0.1,0.001,0.8179
4427,-24.92,6,0,7,0.1,0.001,0.7255
4428,-30.76,3,0,4,0.1,0.001,0.5597
4429,47.87,7,1,7,0.1,0.001,0.838
4430,-34.13,1,0,2,0.1,0.001,0.4364
4431,67.13,18,1,18,0.1,0.001,0.7852
4432,-10.34,14,0,15,0.1,0.001,0.7771
4433,-33.75,1,0,2,0.1,0.001,0.6245
4434,-16.69,10,0,11,0.1,0.001,0.8467
4435,36.37,1,1,1,0.1,0.001,0.3653
4436,-22.47,7,0,8,0.1,0.001,0.8163
4437,48.46,7,1,7,0.1,0.001,0.9235
4438,49.93,8,1,8,0.1,0.001,0.8664
4439,-30.71,3,0,4,0.1,0.001,0.5731
4440,-27.15,5,0,6,0.1,0.001,0.6424
4441,47.69,7,1,7,0.1,0.001,0.8126
4442,-12.43,12,0,13,0.1,0.001,0.8903
4443,-34.17,1,0,2,0.1,0.001,0.4171
4444,-13.49,13,0,14,0.1,0.001,0.6795
4445,-33.98,1,0,2,0.1,0.001,0.512
4446,-34.32,1,0,2,0.1,0.001,0.3381
4447,46.36,6,1,6,0.1,0.001,0.8941
4448,-24.79,6,0,7,0.1,0.001,0.7437
4449,40.99,4,1,4,0.1,0.001,0.4972
4450,-19.42,9,0,10,0.1,0.001,0.758
4451,-31.93,2,0,3,0.1,0.001,0.6896
4452,40.22,3,1,3,0.1,0.001,0.7399
4453,-28.67,4,0,5,0.1,0.001,0.6658
4454,-14.72,12,0,13,0.1,0.001,0.7138
4455,-26.33,5,0,6,0.1,0.001,0.7782
4456,-23.32,6,0,7,0.1,0.001,0.9544
4457,-23.41,7,0,8,0.1,0.001,0.6982
4458,47.75,7,1,7,0.1,0.001,0.822
4459,41.26,4,1,4,0.1,0.001,0.5651
4460,-34.07,1,0,2,0.1,0.001,0.4655
4461,-23.8,7,0,8,0.1,0.001,0.6503
4462,61.51,15,1,15,0.1,0.001,0.7676
4463,59.82,13,1,13,0.1,0.001,0.9091
4464,49.01,8,1,8,0.1,0.001,0.7512
4465,49.89,8,1,8,0.1,0.001,0.8617
4466,40.58,3,1,3,0.1,0.001,0.8609
4467,50.24,8,1,8,0.1,0.001,0.9047
4468,-23.81,6,0,7,0.1,0.001,0.8849
4469,-32.46,2,0,3,0.1,0.001,0.5147
4470,-23.51,6,0,7,0.1,0.001,0.9273
4471,-22.37,7,0,8,0.1,0.001,0.8293
4472,-26.82,5,0,6,0.1,0.001,0.6963
4473,-27.12,5,0,6,0.1,0.001,0.6475
4474,41.55,4,1,4,0.1,0.001,0.637
4475,50.8,9,1,9,0.1,0.001,0.7558
4476,-28.11,4,0,5,0.1,0.001,0.7788
4477,-32.99,2,0,3,0.1,0.001,0.3379
4478,41.32,4,1,4,0.1,0.001,0.5804
4479,-34.39,1,0,2,0.1,0.001,0.3074
4480,-30.7,3,0,4,0.1,0.001,0.5749
4481,40.04,3,1,3,0.1,0.001,0.6808
4482,47.75,7,1,7,0.1,0.001,0.8208
4483,51.13,9,1,9,0.1,0.001,0.7923
4484,-34.13,1,0,2,0.1,0.001,0.4368
4485,-31.99,2,0,3,0.1,0.001,0.6705
4486,-33.76,1,0,2,0.1,0.001,0.6207
4487,-25.3,6,0,7,0.1,0.001,0.6721
4488,-23.17,7,0,8,0.1,0.001,0.7283
4489,43.54,5,1,5,0.1,0.001,0.707
4490,-25.21,6,0,7,0.1,0.001,0.6847
4491,47.57,7,1,7,0.1,0.001,0.7962
4492,-24.36,7,0,8,0.1,0.001,0.5798
4493,-26.81,5,0,6,0.1,0.001,0.6978
4494,-27.26,5,0,6,0.1,0.001,0.6235
4495,48.26,8,1,8,0.1,0.001,0.6573
4496,46.55,6,1,6,0.1,0.001,0.9255
4497,52.41,10,1,10,0.1,0.001,0.741
4498,-30.47,3,0,4,0.1,0.001,0.6323
4499,48.63,8,1,8,0.1,0.001,0.7031
4500,-33.01,2,0,3,0.1,0.001,0.3291
4501,-32.7,2,0,3,0.1,0.001,0.4321
4502,41.91,4,1,4,0.1,0.001,0.7283
4503,-28.07,4,0,5,0.1,0.001,0.7852
4504,38.97,3,1,3,0.1,0.001,0.3229
4505,-32.23,2,0,3,0.1,0.001,0.5907
4506,-23.11,8,0,9,0.1,0.001,0.5431
4507,-16.81,10,0,11,0.1,0.001,0.8356
4508,-22.72,7,0,8,0.1,0.001,0.7853
4509,-14.09,11,0,12,0.1,0.001,0.9095
4510,45.97,6,1,6,0.1,0.001,0.8278
4511,57.93,12,1,12,0.1,0.001,0.9112
4512,51.07,9,1,9,0.1,0.001,0.7861
4513,-31.03,3,0,4,0.1,0.001,0.4936
4514,-31.78,2,0,3,0.1,0.001,0.7407
4515,-31.02,2,0,3,0.1,0.001,0.9929
4516,-23.09,7,0,8,0.1,0.001,0.7389
4517,-20.09,9,0,10,0.1,0.001,0.6914
4518,-22.69,7,0,8,0.1,0.001,0.7885
4519,-31.15,3,0,4,0.1,0.001,0.4614
4520,52.15,9,1,9,0.1,0.001,0.9058
4521,-20.69,9,0,10,0.1,0.001,0.6307
4522,-34.06,1,0,2,0.1,0.001,0.472
4523,41.32,4,1,4,0.1,0.001,0.5798
4524,-34.37,1,0,2,0.1,0.001,0.3148
4525,-23.17,7,0,8,0.1,0.001,0.7282
4526,-21.7,5,0,6,0.1,0.001,1.5498
4527,-29.87,3,0,4,0.1,0.001,0.7824
4528,-23.96,6,0,7,0.1,0.001,0.8629
4529,50.46,9,1,9,0.1,0.001,0.718
4530,-21.39,7,0,8,0.1,0.001,0.9512
4531,-25.09,6,0,7,0.1,0.001,0.7013
4532,-34.18,1,0,2,0.1,0.001,0.412
4533,-23.3,7,0,8,0.1,0.001,0.7125
4534,-32.66,2,0,3,0.1,0.001,0.4476
4535,36.22,1,1,1,0.1,0.001,0.2234
4536,-27.82,4,0,5,0.1,0.001,0.8351
4537,50.89,10,1,10,0.1,0.001,0.5885
4538,44.33,5,1,5,0.1,0.001,0.8664
4539,-6.76,16,0,17,0.1,0.001,0.779
4540,53.87,11,1,11,0.1,0.001,0.7156
4541,44.06,5,1,5,0.1,0.001,0.8118
4542,-28.02,4,0,5,0.1,0.001,0.7959
4543,41.87,4,1,4,0.1,0.001,0.7186
4544,-34.4,1,0,2,0.1,0.001,0.2977
4545,-16.37,10,0,11,0.1,0.001,0.8757
4546,-32.37,2,0,3,0.1,0.001,0.5419
4547,56.9,14,1,14,0.1,0.001,0.5641
4548,39.9,3,1,3,0.1,0.001,0.632
4549,-34.05,1,0,2,0.1,0.001,0.4741
4550,-33.72,1,0,2,0.1,0.001,0.6418
4551,-30.69,3,0,4,0.1,0.001,0.5768
4552,-24.86,6,0,7,0.1,0.001,0.7336
4553,-33.74,1,0,2,0.1,0.001,0.6306
4554,69.18,18,1,18,0.1,0.001,0.8989
4555,-21.06,5,0,6,0.1,0.001,1.656
4556,-26.64,5,0,6,0.1,0.001,0.7263
4557,-32.16,2,0,3,0.1,0.001,0.6144
4558,48.31,7,1,7,0.1,0.001,0.9016
4559,41.64,4,1,4,0.1,0.001,0.6594
4560,-15.6,12,0,13,0.1,0.001,0.6464
4561,-27.66,5,0,6,0.1,0.001,0.5568
4562,50.79,8,1,8,0.1,0.001,0.9735
4563,-29.42,3,0,4,0.1,0.001,0.8948
4564,-34.09,1,0,2,0.1,0.001,0.4546
4565,46.96,7,1,7,0.1,0.001,0.709
4566,45.65,6,1,6,0.1,0.001,0.7754
4567,-24.03,5,0,6,0.1,0.001,1.1614
4568,60.54,13,1,13,0.1,0.001,0.965
4569,-25.5,5,0,6,0.1,0.001,0.9173
4570,54.34,10,1,10,0.1,0.001,0.9337
4571,-23.09,6,0,7,0.1,0.001,0.9869
4572,-33.78,1,0,2,0.1,0.001,0.6093
4573,-24.6,6,0,7,0.1,0.001,0.772
4574,-23.12,6,0,7,0.1,0.001,0.9831
4575,-26.16,5,0,6,0.1,0.001,0.8064
4576,43.61,5,1,5,0.1,0.001,0.7225
4577,-11.91,12,0,13,0.1,0.001,0.9299
4578,-33.79,1,0,2,0.1,0.001,0.6049
4579,-27.33,4,0,5,0.1,0.001,0.9342
4580,44.41,5,1,5,0.1,0.001,0.8822
4581,-32.15,2,0,3,0.1,0.001,0.6171
4582,44.7,5,1,5,0.1,0.001,0.9405
4583,-30.13,3,0,4,0.1,0.001,0.7176
4584,-26.58,5,0,6,0.1,0.001,0.7371
4585,-34.17,1,0,2,0.1,0.001,0.4166
4586,-34.34,1,0,2,0.1,0.001,0.3299
4587,-27.08,6,0,7,0.1,0.001,0.4168
4588,38.05,2,1,2,0.1,0.001,0.5235
4589,-28.16,4,0,5,0.1,0.001,0.7684
4590,-5.2,16,0,17,0.1,0.001,0.8707
4591,-25.72,6,0,7,0.1,0.001,0.6117
4592,-18.69,10,0,11,0.1,0.001,0.665
4593,-31.16,2,0,3,0.1,0.001,0.9467
4594,-24.48,6,0,7,0.1,0.001,0.7887
4595,37.62,2,1,2,0.1,0.001,0.3088
4596,-27.13,5,0,6,0.1,0.001,0.6452
4597,-29.24,4,0,5,0.1,0.001,0.5517
4598,-17.62,10,0,11,0.1,0.001,0.7616
4599,-33.67,1,0,2,0.1,0.001,0.6629
4600,-29.66,3,0,4,0.1,0.001,0.835
4601,-25.08,6,0,7,0.1,0.001,0.7026
4602,36.26,1,1,1,0.1,0.001,0.2556
4603,-33.81,1,0,2,0.1,0.001,0.5959
4604,-19.14,10,0,11,0.1,0.001,0.6239
4605,-33.99,1,0,2,0.1,0.001,0.5039
4606,-33.83,1,0,2,0.1,0.001,0.5841
4607,50.2,8,1,8,0.1,0.001,0.8999
4608,49.5,8,1,8,0.1,0.001,0.8128
4609,43.57,5,1,5,0.1,0.001,0.7144
4610,-32.25,2,0,3,0.1,0.001,0.5842
4611,-31.31,3,0,4,0.1,0.001,0.4219
4612,-26.73,5,0,6,0.1,0.001,0.7124
4613,-29.18,4,0,5,0.1,0.001,0.5647
4614,53.56,11,1,11,0.1,0.001,0.6874
4615,-30.34,3,0,4,0.1,0.001,0.6657
4616,-32.81,2,0,3,0.1,0.001,0.3979
4617,-28.09,4,0,5,0.1,0.001,0.782
4618,53.63,9,1,9,0.1,0.001,1.0701
4619,40.42,3,1,3,0.1,0.001,0.8055
4620,-31.91,2,0,3,0.1,0.001,0.6951
4621,-23.12,6,0,7,0.1,0.001,0.9832
4622,-33.9,1,0,2,0.1,0.001,0.5487
4623,-28.51,4,0,5,0.1,0.001,0.6977
4624,52.22,10,1,10,0.1,0.001,0.722
4625,-26.18,6,0,7,0.1,0.001,0.5462
4626,-17.92,9,0,10,0.1,0.001,0.9081
4627,48.61,8,1,8,0.1,0.001,0.7011
4628,-24.56,6,0,7,0.1,0.001,0.7769
4629,52.92,10,1,10,0.1,0.001,0.7922
4630,-28.19,4,0,5,0.1,0.001,0.7627
4631,-28.82,4,0,5,0.1,0.001,0.6367
4632,-23.27,6,0,7,0.1,0.001,0.9615
4633,-28.85,4,0,5,0.1,0.001,0.6291
4634,44.57,5,1,5,0.1,0.001,0.9146
4635,-31.47,2,0,3,0.1,0.001,0.8437
4636,-21.98,8,0,9,0.1,0.001,0.6686
4637,-23.36,8,0,9,0.1,0.001,0.5157
4638,-32.64,2,0,3,0.1,0.001,0.4517
4639,-32.09,2,0,3,0.1,0.001,0.638
4640,-21.28,8,0,9,0.1,0.001,0.7467
4641,-26.55,5,0,6,0.1,0.001,0.7417
4642,-33.98,1,0,2,0.1,0.001,0.511
4643,-26.93,5,0,6,0.1,0.001,0.6787
4644,-32.34,2,0,3,0.1,0.001,0.5521
4645,-30.51,3,0,4,0.1,0.001,0.6222
4646,-20.65,7,0,8,0.1,0.001,1.0434
4647,-27.34,4,0,5,0.1,0.001,0.9314
4648,-28.69,4,0,5,0.1,0.001,0.6611
4649,44.03,5,1,5,0.1,0.001,0.8063
4650,52.52,9,1,9,0.1,0.001,0.9468
4651,-26.68,5,0,6,0.1,0.001,0.7202
4652,43.97,6,1,6,0.1,0.001,0.4954
4653,-15.36,10,0,11,0.1,0.001,0.9674
4654,50.78,9,1,9,0.1,0.001,0.7533
4655,-30.18,3,0,4,0.1,0.001,0.7039
4656,57.75,12,1,12,0.1,0.001,0.8955
4657,-31.7,3,0,4,0.1,0.001,0.3244
4658,-33.89,1,0,2,0.1,0.001,0.5569
4659,-26.32,5,0,6,0.1,0.001,0.7799
4660,44.21,5,1,5,0.1,0.001,0.8414
4661,39.26,3,1,3,0.1,0.001,0.4206
4662,-28.68,3,0,4,0.1,0.001,1.0798
4663,40.36,3,1,3,0.1,0.001,0.7866
4664,-24.61,6,0,7,0.1,0.001,0.7698
4665,-16.18,10,0,11,0.1,0.001,0.8927
4666,-25.53,6,0,7,0.1,0.001,0.6381
4667,44.75,6,1,6,0.1,0.001,0.6246
4668,51.16,9,1,9,0.1,0.001,0.7956
4669,-24.94,6,0,7,0.1,0.001,0.7226
4670,-32.88,2,0,3,0.1,0.001,0.3729
4671,-33.89,1,0,2,0.1,0.001,0.5557
4672,-34.4,1,0,2,0.1,0.001,0.2975
4673,-34.19,1,0,2,0.1,0.001,0.4038
4674,-17.09,8,0,9,0.1,0.001,1.2123
4675,-30.82,3,0,4,0.1,0.001,0.5448
4676,54.09,9,1,9,0.1,0.001,1.1209
4677,40.36,3,1,3,0.1,0.001,0.7851
4678,39.66,3,1,3,0.1,0.001,0.5534
4679,46.97,6,1,6,0.1,0.001,0.9946
4680,-23.28,6,0,7,0.1,0.001,0.9605
4681,-32.08,2,0,3,0.1,0.001,0.6408
4682,-24.49,5,0,6,0.1,0.001,1.0842
4683,-29.94,4,0,5,0.1,0.001,0.4125
4684,-30.8,3,0,4,0.1,0.001,0.5507
4685,-32.31,2,0,3,0.1,0.001,0.5647
4686,43.31,5,1,5,0.1,0.001,0.6623
4687,-31.94,2,0,3,0.1,0.001,0.687
4688,-19.93,8,0,9,0.1,0.001,0.8966
4689,50.32,8,1,8,0.1,0.001,0.9152
4690,-24.3,5,0,6,0.1,0.001,1.1169
4691,-31.56,3,0,4,0.1,0.001,0.3608
4692,-33.84,1,0,2,0.1,0.001,0.5805
4693,-31.76,3,0,4,0.1,0.001,0.3106
4694,-32.14,2,0,3,0.1,0.001,0.6207
4695,45.85,6,1,6,0.1,0.001,0.8082
4696,-30.69,3,0,4,0.1,0.001,0.5787
4697,53.24,10,1,10,0.1,0.001,0.8242
4698,-32.58,2,0,3,0.1,0.001,0.4741
4699,-27.3,5,0,6,0.1,0.001,0.6165
4700,-32.48,2,0,3,0.1,0.001,0.5055
4701,-32.61,2,0,3,0.1,0.001,0.4645
4702,-19.63,9,0,10,0.1,0.001,0.7372
4703,40.0,3,1,3,0.1,0.001,0.6682
4704,49.28,9,1,9,0.1,0.001,0.5864
4705,47.57,7,1,7,0.1,0.001,0.7962
4706,-34.01,1,0,2,0.1,0.001,0.4939
4707,-32.9,2,0,3,0.1,0.001,0.3677
4708,45.58,6,1,6,0.1,0.001,0.7637
4709,54.0,10,1,10,0.1,0.001,0.8996
4710,-27.01,5,0,6,0.1,0.001,0.6645
4711,54.94,11,1,11,0.1,0.001,0.8123
4712,45.21,6,1,6,0.1,0.001,0.7013
4713,49.25,8,1,8,0.1,0.001,0.7808
4714,-34.39,1,0,2,0.1,0.001,0.3068
4715,-18.35,8,0,9,0.1,0.001,1.0724
4716,62.64,18,1,18,0.1,0.001,0.5356
4717,-25.98,5,0,6,0.1,0.001,0.8368
4718,-15.06,10,0,11,0.1,0.001,0.9942
4719,56.74,13,1,13,0.1,0.001,0.6726
4720,47.06,7,1,7,0.1,0.001,0.7229
4721,-34.15,1,0,2,0.1,0.001,0.4272
4722,-30.2,3,0,4,0.1,0.001,0.7004
4723,48.4,8,1,8,0.1,0.001,0.6746
4724,39.63,3,1,3,0.1,0.001,0.5438
4725,54.29,11,1,11,0.1,0.001,0.7533
4726,-23.23,7,0,8,0.1,0.001,0.7216
4727,-34.08,1,0,2,0.1,0.001,0.4623
4728,-31.03,3,0,4,0.1,0.001,0.4913
4729,50.11,8,1,8,0.1,0.001,0.8884
4730,-20.32,8,0,9,0.1,0.001,0.8537
4731,46.7,7,1,7,0.1,0.001,0.6717
4732,44.91,5,1,5,0.1,0.001,0.9825
4733,57.66,12,1,12,0.1,0.001,0.8883
4734,51.82,10,1,10,0.1,0.001,0.6822
4735,-24.15,5,0,6,0.1,0.001,1.1416
4736,61.48,13,1,13,0.1,0.001,1.0368
4737,-31.67,2,0,3,0.1,0.001,0.7762
4738,-30.43,3,0,4,0.1,0.001,0.6434
4739,36.49,1,1,1,0.1,0.001,0.4879
4740,-32.06,2,0,3,0.1,0.001,0.648
4741,40.13,3,1,3,0.1,0.001,0.7105
4742,-13.73,10,0,11,0.1,0.001,1.1152
4743,46.32,4,1,4,0.1,0.001,1.8305
4744,42.45,3,1,3,0.1,0.001,1.4849
4745,40.35,3,1,3,0.1,0.001,0.7829
4746,-23.97,7,0,8,0.1,0.001,0.6291
4747,53.83,11,1,11,0.1,0.001,0.7116
4748,-18.68,9,0,10,0.1,0.001,0.8323
4749,-26.47,5,0,6,0.1,0.001,0.7545
4750,44.7,5,1,5,0.1,0.001,0.94
4751,-28.91,4,0,5,0.1,0.001,0.6185
4752,-29.98,3,0,4,0.1,0.001,0.7551
4753,42.64,4,1,4,0.1,0.001,0.9103
4754,-23.32,7,0,8,0.1,0.001,0.7096
4755,-29.6,3,0,4,0.1,0.001,0.85
4756,-32.04,2,0,3,0.1,0.001,0.6526
4757,-31.56,2,0,3,0.1,0.001,0.8118
4758,46.68,5,1,5,0.1,0.001,1.3354
4759,48.42,7,1,7,0.1,0.001,0.9168
4760,56.11,11,1,11,0.1,0.001,0.919
4761,52.67,5,1,5,0.1,0.001,2.5336
4762,-28.83,4,0,5,0.1,0.001,0.6343
4763,-33.49,1,0,2,0.1,0.001,0.7558
4764,38.46,2,1,2,0.1,0.001,0.7275
4765,-26.16,5,0,6,0.1,0.001,0.8072
4766,43.59,5,1,5,0.1,0.001,0.7172
4767,38.3,2,1,2,0.1,0.001,0.6501
4768,48.27,6,1,6,0.1,0.001,1.211
4769,48.89,7,1,7,0.1,0.001,0.9836
4770,-21.86,7,0,8,0.1,0.001,0.8919
4771,52.8,10,1,10,0.1,0.001,0.7797
4772,56.45,11,1,11,0.1,0.001,0.9501
4773,-24.03,7,0,8,0.1,0.001,0.6212
4774,40.85,3,1,3,0.1,0.001,0.9487
4775,-32.79,2,0,3,0.1,0.001,0.4034
4776,-27.43,4,0,5,0.1,0.001,0.9142
4777,-31.75,2,0,3,0.1,0.001,0.7501
4778,55.16,10,1,10,0.1,0.001,1.016
4779,-29.2,3,0,4,0.1,0.001,0.9505
4780,-17.21,10,0,11,0.1,0.001,0.799
4781,39.68,3,1,3,0.1,0.001,0.5602
4782,53.52,10,1,10,0.1,0.001,0.852
4783,47.23,6,1,6,0.1,0.001,1.0385
4784,46.74,6,1,6,0.1,0.001,0.9564
4785,-31.89,2,0,3,0.1,0.001,0.7047
4786,48.99,8,1,8,0.1,0.001,0.749
4787,-28.98,4,0,5,0.1,0.001,0.6049
4788,-26.67,4,0,5,0.1,0.001,1.0667
4789,43.24,5,1,5,0.1,0.001,0.648
4790,62.31,15,1,15,0.1,0.001,0.8204
4791,-28.46,5,0,6,0.1,0.001,0.4229
4792,-30.4,3,0,4,0.1,0.001,0.6503
4793,-33.93,1,0,2,0.1,0.001,0.5339
4794,38.17,2,1,2,0.1,0.001,0.5849
4795,42.0,4,1,4,0.1,0.001,0.749
4796,-21.2,8,0,9,0.1,0.001,0.756
4797,-29.37,4,0,5,0.1,0.001,0.5256
4798,58.06,13,1,13,0.1,0.001,0.7741
4799,-23.42,7,0,8,0.1,0.001,0.6971
4800,47.95,7,1,7,0.1,0.001,0.85
4801,55.22,11,1,11,0.1,0.001,0.8382
4802,-34.23,1,0,2,0.1,0.001,0.3834
4803,41.71,4,1,4,0.1,0.001,0.6775
4804,40.23,3,1,3,0.1,0.001,0.7431
4805,-26.88,5,0,6,0.1,0.001,0.686
4806,-31.55,2,0,3,0.1,0.001,0.8161
4807,-18.51,9,0,10,0.1,0.001,0.8491
4808,-32.26,2,0,3,0.1,0.001,0.5785
4809,-34.36,1,0,2,0.1,0.001,0.3203
4810,-13.26,12,0,13,0.1,0.001,0.8261
4811,47.9,7,1,7,0.1,0.001,0.8427
4812,-13.6,11,0,12,0.1,0.001,0.9503
4813,46.17,6,1,6,0.1,0.001,0.8617
4814,48.43,7,1,7,0.1,0.001,0.9186
4815,39.33,3,1,3,0.1,0.001,0.4439
4816,-27.99,4,0,5,0.1,0.001,0.8017
4817,-32.3,2,0,3,0.1,0.001,0.5659
4818,-32.33,2,0,3,0.1,0.001,0.5567
4819,-32.28,2,0,3,0.1,0.001,0.5734
4820,48.51,7,1,7,0.1,0.001,0.9302
4821,41.93,4,1,4,0.1,0.001,0.7337
4822,-28.03,4,0,5,0.1,0.001,0.7944
4823,42.35,5,1,5,0.1,0.001,0.4709
4824,46.24,7,1,7,0.1,0.001,0.606
4825,38.18,2,1,2,0.1,0.001,0.5893
4826,48.59,8,1,8,0.1,0.001,0.6984
4827,-34.39,1,0,2,0.1,0.001,0.3027
4828,42.16,4,1,4,0.1,0.001,0.7901
4829,-34.39,1,0,2,0.1,0.001,0.3046
4830,43.39,5,1,5,0.1,0.001,0.6774
4831,46.22,6,1,6,0.1,0.001,0.8698
4832,42.67,4,1,4,0.1,0.001,0.9176
4833,42.02,4,1,4,0.1,0.001,0.7552
4834,-23.52,7,0,8,0.1,0.001,0.6851
4835,42.33,4,1,4,0.1,0.001,0.8329
4836,-27.14,4,0,5,0.1,0.001,0.9727
4837,41.67,3,1,3,0.1,0.001,1.2239
4838,53.57,11,1,11,0.1,0.001,0.6877
4839,-23.62,6,0,7,0.1,0.001,0.9121
4840,-12.17,11,0,12,0.1,0.001,1.069
4841,-27.28,5,0,6,0.1,0.001,0.6204
4842,42.4,4,1,4,0.1,0.001,0.85
4843,-32.3,2,0,3,0.1,0.001,0.567
4844,-34.32,1,0,2,0.1,0.001,0.3389
4845,-30.05,3,0,4,0.1,0.001,0.7373
4846,-24.83,6,0,7,0.1,0.001,0.7383
4847,-23.44,7,0,8,0.1,0.001,0.6946
4848,-18.55,9,0,10,0.1,0.001,0.845
4849,48.16,7,1,7,0.1,0.001,0.8805
4850,48.44,8,1,8,0.1,0.001,0.6795
4851,-21.46,8,0,9,0.1,0.001,0.727
4852,49.58,8,1,8,0.1,0.001,0.823
4853,51.06,9,1,9,0.1,0.001,0.7842
4854,51.54,9,1,9,0.1,0.001,0.8376
4855,56.97,12,1,12,0.1,0.001,0.8308
4856,-27.28,5,0,6,0.1,0.001,0.6202
4857,53.92,11,1,11,0.1,0.001,0.7196
4858,48.99,7,1,7,0.1,0.001,0.9988
4859,-31.3,2,0,3,0.1,0.001,0.8993
4860,47.06,6,1,6,0.1,0.001,1.0095
4861,53.0,10,1,10,0.1,0.001,0.8005
4862,-27.14,5,0,6,0.1,0.001,0.6436
4863,51.46,10,1,10,0.1,0.001,0.6457
4864,-32.81,2,0,3,0.1,0.001,0.3979
4865,-16.94,9,0,10,0.1,0.001,1.0062
4866,55.84,11,1,11,0.1,0.001,0.8949
4867,-22.01,8,0,9,0.1,0.001,0.6652
4868,-29.91,3,0,4,0.1,0.001,0.7724
4869,47.26,7,1,7,0.1,0.001,0.7514
4870,-20.49,9,0,10,0.1,0.001,0.6508
4871,-30.52,3,0,4,0.1,0.001,0.62
4872,52.06,9,1,9,0.1,0.001,0.8954
4873,-34.17,1,0,2,0.1,0.001,0.4137
4874,-28.07,4,0,5,0.1,0.001,0.7859
4875,43.72,5,1,5,0.1,0.001,0.7449
4876,-26.41,5,0,6,0.1,0.001,0.7657
4877,-27.91,4,0,5,0.1,0.001,0.8171
4878,-25.02,5,0,6,0.1,0.001,0.9972
4879,-32.8,2,0,3,0.1,0.001,0.4001
4880,-26.12,5,0,6,0.1,0.001,0.8133
4881,54.36,11,1,11,0.1,0.001,0.7597
4882,-30.71,3,0,4,0.1,0.001,0.5723
4883,40.33,3,1,3,0.1,0.001,0.7764
4884,54.65,11,1,11,0.1,0.001,0.7861
4885,39.65,3,1,3,0.1,0.001,0.5505
4886,-9.65,12,0,13,0.1,0.001,1.104
4887,52.1,9,1,9,0.1,0.001,0.8995
4888,41.88,4,1,4,0.1,0.001,0.7201
4889,-17.41,10,0,11,0.1,0.001,0.7807
4890,-26.85,5,0,6,0.1,0.001,0.6925
4891,-31.56,2,0,3,0.1,0.001,0.8117
4892,-14.23,12,0,13,0.1,0.001,0.7512
4893,-23.25,6,0,7,0.1,0.001,0.9636
4894,46.48,6,1,6,0.1,0.001,0.9138
4895,47.85,7,1,7,0.1,0.001,0.8363
4896,48.04,7,1,7,0.1,0.001,0.863
4897,38.45,2,1,2,0.1,0.001,0.7254
4898,-32.16,2,0,3,0.1,0.001,0.6122
4899,38.36,2,1,2,0.1,0.001,0.6804
4900,52.49,11,1,11,0.1,0.001,0.5898
4901,50.21,9,1,9,0.1,0.001,0.6896
4902,45.8,6,1,6,0.1,0.001,0.8001
4903,-28.59,4,0,5,0.1,0.001,0.6829
4904,46.54,7,1,7,0.1,0.001,0.6486
4905,47.25,7,1,7,0.1,0.001,0.7494
4906,46.72,7,1,7,0.1,0.001,0.6742
4907,-20.87,8,0,9,0.1,0.001,0.7921
4908,43.6,5,1,5,0.1,0.001,0.7193
4909,-28.44,4,0,5,0.1,0.001,0.7115
4910,63.63,17,1,17,0.1,0.001,0.6841
4911,-21.4,8,0,9,0.1,0.001,0.7339
4912,-34.3,1,0,2,0.1,0.001,0.3522
4913,49.44,8,1,8,0.1,0.001,0.8045
4914,-23.39,6,0,7,0.1,0.001,0.9444
4915,47.91,7,1,7,0.1,0.001,0.8443
4916,-20.35,8,0,9,0.1,0.001,0.8503
4917,-15.62,10,0,11,0.1,0.001,0.9439
4918,47.39,6,1,6,0.1,0.001,1.0647
4919,45.62,6,1,6,0.1,0.001,0.7706
4920,-28.55,4,0,5,0.1,0.001,0.6902
4921,43.92,5,1,5,0.1,0.001,0.7836
4922,56.12,13,1,13,0.1,0.001,0.6249
4923,51.14,10,1,10,0.1,0.001,0.6144
4924,-31.96,2,0,3,0.1,0.001,0.6811
4925,-20.67,8,0,9,0.1,0.001,0.8147
4926,-15.54,12,0,13,0.1,0.001,0.651
4927,-34.51,1,0,2,0.1,0.001,0.2472
4928,-34.02,1,0,2,0.1,0.001,0.4876
4929,-28.95,4,0,5,0.1,0.001,0.6101
4930,-23.29,7,0,8,0.1,0.001,0.7135
4931,-31.41,2,0,3,0.1,0.001,0.8622
4932,48.37,7,1,7,0.1,0.001,0.91
4933,-34.49,1,0,2,0.1,0.001,0.2563
4934,46.0,6,1,6,0.1,0.001,0.8326
4935,-26.35,5,0,6,0.1,0.001,0.7751
4936,-26.81,5,0,6,0.1,0.001,0.6991
4937,50.49,7,1,7,0.1,0.001,1.2127
4938,38.07,2,1,2,0.1,0.001,0.5372
4939,-24.95,6,0,7,0.1,0.001,0.7207
4940,-26.68,5,0,6,0.1,0.001,0.72
4941,-19.77,9,0,10,0.1,0.001,0.723
4942,47.32,7,1,7,0.1,0.001,0.7595
4943,48.39,7,1,7,0.1,0.001,0.9131
4944,-28.48,4,0,5,0.1,0.001,0.7037
4945,46.6,7,1,7,0.1,0.001,0.6578
4946,-28.3,4,0,5,0.1,0.001,0.7405
4947,-31.19,3,0,4,0.1,0.001,0.4523
4948,-28.42,4,0,5,0.1,0.001,0.7164
4949,54.47,11,1,11,0.1,0.001,0.7702
4950,-25.56,5,0,6,0.1,0.001,0.9061
4951,36.21,1,1,1,0.1,0.001,0.2135
4952,-33.61,1,0,2,0.1,0.001,0.6973
4953,-30.17,3,0,4,0.1,0.001,0.7067
4954,-32.37,2,0,3,0.1,0.001,0.5429
4955,43.14,5,1,5,0.1,0.001,0.6286
4956,54.65,10,1,10,0.1,0.001,0.9646
4957,45.74,6,1,6,0.1,0.001,0.7895
4958,38.23,2,1,2,0.1,0.001,0.6163
4959,-25.01,6,0,7,0.1,0.001,0.7133
4960,46.97,7,1,7,0.1,0.001,0.7096
4961,56.86,13,1,13,0.1,0.001,0.6817
4962,45.29,6,1,6,0.1,0.001,0.7142
4963,-19.77,8,0,9,0.1,0.001,0.9139
4964,-29.31,4,0,5,0.1,0.001,0.5373
4965,-20.56,6,0,7,0.1,0.001,1.348
4966,56.64,11,1,11,0.1,0.001,0.9669
4967,46.28,6,1,6,0.1,0.001,0.8805
4968,-31.6,2,0,3,0.1,0.001,0.8012
4969,43.95,5,1,5,0.1,0.001,0.7897
4970,-26.81,5,0,6,0.1,0.001,0.6987
4971,41.71,4,1,4,0.1,0.001,0.6777
4972,-27.98,4,0,5,0.1,0.001,0.8043
4973,39.55,3,1,3,0.1,0.001,0.5179
4974,-26.38,5,0,6,0.1,0.001,0.7703
4975,-10.52,12,0,13,0.1,0.001,1.0367
4976,-28.93,4,0,5,0.1,0.001,0.6144
4977,43.67,5,1,5,0.1,0.001,0.7341
4978,46.72,7,1,7,0.1,0.001,0.6743
4979,44.74,5,1,5,0.1,0.001,0.9471
4980,-26.59,5,0,6,0.1,0.001,0.7342
4981,-31.93,2,0,3,0.1,0.001,0.689
4982,-26.55,5,0,6,0.1,0.001,0.742
4983,39.91,3,1,3,0.1,0.001,0.6355
4984,46.73,7,1,7,0.1,0.001,0.676
4985,-29.81,4,0,5,0.1,0.001,0.438
4986,59.15,13,1,13,0.1,0.001,0.858
4987,47.8,6,1,6,0.1,0.001,1.1337
4988,46.21,6,1,6,0.1,0.001,0.868
4989,-29.69,3,0,4,0.1,0.001,0.8273
4990,-33.8,1,0,2,0.1,0.001,0.6025
4991,42.74,4,1,4,0.1,0.001,0.9353
4992,-28.53,4,0,5,0.1,0.001,0.6948
4993,-19.03,9,0,10,0.1,0.001,0.797
4994,38.29,2,1,2,0.1,0.001,0.6431
4995,39.97,3,1,3,0.1,0.001,0.6551
4996,-33.96,1,0,2,0.1,0.001,0.5179
4997,-34.07,1,0,2,0.1,0.001,0.4664
4998,46.41,7,1,7,0.1,0.001,0.6305
4999,39.63,3,1,3,0.1,0.001,0.5428
5000,46.73,7,1,7,0.1,0.001,0.676
5001,41.79,4,1,4,0.1,0.001,0.6966
5002,41.49,4,1,4,0.1,0.001,0.6234
5003,-17.99,10,0,11,0.1,0.001,0.728
5004,39.87,3,1,3,0.1,0.001,0.624
5005,49.06,7,1,7,0.1,0.001,1.0079
5006,-26.38,5,0,6,0.1,0.001,0.7701
5007,-27.22,5,0,6,0.1,0.001,0.6305
5008,-34.02,1,0,2,0.1,0.001,0.4901
5009,44.24,5,1,5,0.1,0.001,0.847
5010,43.61,5,1,5,0.1,0.001,0.7226
5011,-34.35,1,0,2,0.1,0.001,0.3231
5012,50.43,8,1,8,0.1,0.001,0.9289
5013,41.62,4,1,4,0.1,0.001,0.6553
5014,49.98,8,1,8,0.1,0.001,0.8728
5015,41.45,4,1,4,0.1,0.001,0.6137
5016,43.09,5,1,5,0.1,0.001,0.6178
5017,49.24,8,1,8,0.1,0.001,0.78
5018,47.36,7,1,7,0.1,0.001,0.7651
5019,58.54,13,1,13,0.1,0.001,0.8111
5020,41.61,4,1,4,0.1,0.001,0.6537
5021,45.24,6,1,6,0.1,0.001,0.7068
5022,41.75,4,1,4,0.1,0.001,0.6875
5023,-22.7,7,0,8,0.1,0.001,0.7872
5024,47.83,7,1,7,0.1,0.001,0.8332
5025,-31.62,3,0,4,0.1,0.001,0.3461
5026,-22.61,7,0,8,0.1,0.001,0.7994
5027,45.23,5,1,5,0.1,0.001,1.0464
5028,-26.4,5,0,6,0.1,0.001,0.7669
5029,39.4,3,1,3,0.1,0.001,0.467
5030,-32.48,2,0,3,0.1,0.001,0.5071
5031,-17.89,10,0,11,0.1,0.001,0.7372
5032,-24.32,6,0,7,0.1,0.001,0.8118
5033,47.22,7,1,7,0.1,0.001,0.7455
5034,47.21,7,1,7,0.1,0.001,0.7446
5035,53.61,10,1,10,0.1,0.001,0.8607
5036,46.42,7,1,7,0.1,0.001,0.6319
5037,-30.86,3,0,4,0.1,0.001,0.5341
5038,-34.17,1,0,2,0.1,0.001,0.4131
5039,52.22,10,1,10,0.1,0.001,0.7223
5040,-24.11,6,0,7,0.1,0.001,0.8416
5041,-26.72,5,0,6,0.1,0.001,0.713
5042,46.97,7,1,7,0.1,0.001,0.7094
5043,40.13,3,1,3,0.1,0.001,0.7092
5044,-27.56,5,0,6,0.1,0.001,0.5735
5045,-24.36,6,0,7,0.1,0.001,0.8063
5046,41.54,4,1,4,0.1,0.001,0.6359
5047,47.16,7,1,7,0.1,0.001,0.7373
5048,-25.45,6,0,7,0.1,0.001,0.6506
5049,-24.64,6,0,7,0.1,0.001,0.7658
5050,-28.75,4,0,5,0.1,0.001,0.6497
5051,-30.17,3,0,4,0.1,0.001,0.7072
5052,46.67,6,1,6,0.1,0.001,0.9449
5053,-22.11,8,0,9,0.1,0.001,0.6549
5054,-25.28,6,0,7,0.1,0.001,0.6738
5055,-9.0,15,0,16,0.1,0.001,0.7497
5056,59.04,13,1,13,0.1,0.001,0.8496
5057,-27.27,5,0,6,0.1,0.001,0.6209
5058,-21.97,8,0,9,0.1,0.001,0.6697
5059,38.32,2,1,2,0.1,0.001,0.6614
5060,47.18,6,1,6,0.1,0.001,1.0299
5061,46.07,6,1,6,0.1,0.001,0.8454
5062,-18.67,9,0,10,0.1,0.001,0.8333
5063,-21.26,9,0,10,0.1,0.001,0.5743
5064,44.33,5,1,5,0.1,0.001,0.8651
5065,-34.08,1,0,2,0.1,0.001,0.4576
5066,-34.31,1,0,2,0.1,0.001,0.344
5067,43.53,5,1,5,0.1,0.001,0.7067
5068,-28.51,4,0,5,0.1,0.001,0.6975
5069,-26.35,5,0,6,0.1,0.001,0.7748
5070,-18.66,10,0,11,0.1,0.001,0.667
5071,-26.3,5,0,6,0.1,0.001,0.7829
5072,43.51,5,1,5,0.1,0.001,0.7026
5073,-34.16,1,0,2,0.1,0.001,0.4199
5074,46.73,7,1,7,0.1,0.001,0.675
5075,53.81,10,1,10,0.1,0.001,0.881
5076,41.05,4,1,4,0.1,0.001,0.5136
5077,38.57,2,1,2,0.1,0.001,0.7828
5078,38.26,2,1,2,0.1,0.001,0.6324
5079,43.82,5,1,5,0.1,0.001,0.7648
5080,40.91,4,1,4,0.1,0.001,0.4784
5081,-25.92,6,0,7,0.1,0.001,0.5834
5082,41.8,4,1,4,0.1,0.001,0.6988
5083,-26.3,6,0,7,0.1,0.001,0.529
5084,-30.8,3,0,4,0.1,0.001,0.5503
5085,-28.6,4,0,5,0.1,0.001,0.6797
5086,46.11,6,1,6,0.1,0.001,0.8519
5087,-31.08,3,0,4,0.1,0.001,0.4806
5088,41.25,4,1,4,0.1,0.001,0.5614
5089,-21.73,8,0,9,0.1,0.001,0.6961
5090,-31.97,2,0,3,0.1,0.001,0.6754
5091,-28.64,4,0,5,0.1,0.001,0.6717
5092,-33.91,1,0,2,0.1,0.001,0.5438
5093,40.06,3,1,3,0.1,0.001,0.6868
5094,45.45,6,1,6,0.1,0.001,0.7418
5095,41.97,4,1,4,0.1,0.001,0.7437
5096,-34.28,1,0,2,0.1,0.001,0.3598
5097,-22.11,7,0,8,0.1,0.001,0.8611
5098,-21.49,8,0,9,0.1,0.001,0.7236
5099,45.58,6,1,6,0.1,0.001,0.7628
5100,55.41,10,1,10,0.1,0.001,1.0411
5101,45.2,6,1,6,0.1,0.001,0.7004
5102,54.28,10,1,10,0.1,0.001,0.9278
5103,41.69,4,1,4,0.1,0.001,0.6725
5104,43.93,5,1,5,0.1,0.001,0.787
5105,36.21,1,1,1,0.1,0.001,0.2091
5106,-28.55,4,0,5,0.1,0.001,0.6895
5107,62.48,17,1,17,0.1,0.001,0.6166
5108,47.14,7,1,7,0.1,0.001,0.7346
5109,-34.3,1,0,2,0.1,0.001,0.3502
5110,-26.77,5,0,6,0.1,0.001,0.7042
5111,42.22,4,1,4,0.1,0.001,0.8053
5112,-32.14,2,0,3,0.1,0.001,0.6192
5113,48.37,8,1,8,0.1,0.001,0.6709
5114,-32.75,2,0,3,0.1,0.001,0.4157
5115,-32.75,2,0,3,0.1,0.001,0.4172
5116,-13.22,12,0,13,0.1,0.001,0.8289
5117,41.98,4,1,4,0.1,0.001,0.745
5118,45.82,6,1,6,0.1,0.001,0.8036
5119,48.37,7,1,7,0.1,0.001,0.9095
5120,-34.33,1,0,2,0.1,0.001,0.3333
5121,-16.14,11,0,12,0.1,0.001,0.7381
5122,46.83,7,1,7,0.1,0.001,0.6902
5123,-29.62,4,0,5,0.1,0.001,0.4761
5124,-17.42,10,0,11,0.1,0.001,0.7802
5125,-23.09,7,0,8,0.1,0.001,0.7382
5126,41.95,4,1,4,0.1,0.001,0.7378
5127,49.04,8,1,8,0.1,0.001,0.7544
5128,-34.47,1,0,2,0.1,0.001,0.2664
5129,-28.65,4,0,5,0.1,0.001,0.6705
5130,-29.09,4,0,5,0.1,0.001,0.5825
5131,42.22,4,1,4,0.1,0.001,0.8058
5132,-30.79,3,0,4,0.1,0.001,0.552
5133,-19.96,9,0,10,0.1,0.001,0.7039
5134,-32.36,2,0,3,0.1,0.001,0.5466
5135,45.49,6,1,6,0.1,0.001,0.7483
5136,-21.01,8,0,9,0.1,0.001,0.7762
5137,-33.02,2,0,3,0.1,0.001,0.3279
5138,49.84,9,1,9,0.1,0.001,0.6489
5139,46.61,6,1,6,0.1,0.001,0.9354
5140,43.02,5,1,5,0.1,0.001,0.6035
5141,-30.78,3,0,4,0.1,0.001,0.5557
5142,47.44,7,1,7,0.1,0.001,0.7771
5143,-19.96,9,0,10,0.1,0.001,0.7037
5144,51.45,9,1,9,0.1,0.001,0.8275
5145,51.0,9,1,9,0.1,0.001,0.7775
5146,-28.21,4,0,5,0.1,0.001,0.7585
5147,47.6,7,1,7,0.1,0.001,0.8003
5148,-21.7,7,0,8,0.1,0.001,0.9129
5149,-22.66,5,0,6,0.1,0.001,1.3899
5150,42.08,4,1,4,0.1,0.001,0.77
5151,-28.69,4,0,5,0.1,0.001,0.662
5152,43.25,5,1,5,0.1,0.001,0.651
5153,-32.14,2,0,3,0.1,0.001,0.6194
5154,-27.74,5,0,6,0.1,0.001,0.5433
5155,-34.16,1,0,2,0.1,0.001,0.418
5156,-25.43,6,0,7,0.1,0.001,0.6529
5157,41.42,4,1,4,0.1,0.001,0.6046
5158,49.43,8,1,8,0.1,0.001,0.8041
5159,-15.89,10,0,11,0.1,0.001,0.919
5160,46.26,6,1,6,0.1,0.001,0.876
5161,-25.61,6,0,7,0.1,0.001,0.6268
5162,-21.09,8,0,9,0.1,0.001,0.7676
5163,53.97,11,1,11,0.1,0.001,0.7248
5164,-34.08,1,0,2,0.1,0.001,0.4608
5165,46.12,6,1,6,0.1,0.001,0.8527
5166,60.51,15,1,15,0.1,0.001,0.7006
5167,-28.57,5,0,6,0.1,0.001,0.4049
5168,47.08,7,1,7,0.1,0.001,0.7257
5169,43.81,5,1,5,0.1,0.001,0.7616
5170,44.89,6,1,6,0.1,0.001,0.649
5171,47.02,7,1,7,0.1,0.001,0.7166
5172,-29.11,4,0,5,0.1,0.001,0.5787
5173,-32.37,2,0,3,0.1,0.001,0.5427
5174,43.28,5,1,5,0.1,0.001,0.6569
5175,43.59,5,1,5,0.1,0.001,0.7189
5176,-28.32,4,0,5,0.1,0.001,0.7351
5177,47.9,7,1,7,0.1,0.001,0.8431
5178,-24.04,6,0,7,0.1,0.001,0.8515
5179,43.94,5,1,5,0.1,0.001,0.7875
5180,57.26,12,1,12,0.1,0.001,0.8549
5181,45.82,6,1,6,0.1,0.001,0.8027
5182,43.07,5,1,5,0.1,0.001,0.6132
5183,55.62,11,1,11,0.1,0.001,0.8743
5184,53.34,12,1,12,0.1,0.001,0.528
5185,53.26,12,1,12,0.1,0.001,0.5218
5186,41.64,4,1,4,0.1,0.001,0.6594
5187,48.62,8,1,8,0.1,0.001,0.7024
5188,44.19,5,1,5,0.1,0.001,0.8379
5189,43.47,5,1,5,0.1,0.001,0.6932
5190,45.72,6,1,6,0.1,0.001,0.7871
5191,43.05,5,1,5,0.1,0.001,0.6099
5192,-22.73,7,0,8,0.1,0.001,0.7837
5193,47.73,8,1,8,0.1,0.001,0.5907
5194,42.46,4,1,4,0.1,0.001,0.8657
5195,-26.5,6,0,7,0.1,0.001,0.5
5196,-32.36,2,0,3,0.1,0.001,0.5477
5197,-32.92,2,0,3,0.1,0.001,0.3597
5198,-17.76,11,0,12,0.1,0.001,0.6032
5199,-23.23,7,0,8,0.1,0.001,0.7215
5200,58.09,14,1,14,0.1,0.001,0.6492
5201,50.48,9,1,9,0.1,0.001,0.7201
5202,-23.85,7,0,8,0.1,0.001,0.6438
5203,59.69,14,1,14,0.1,0.001,0.7632
5204,-34.12,1,0,2,0.1,0.001,0.4388
5205,40.04,3,1,3,0.1,0.001,0.6799
5206,43.26,5,1,5,0.1,0.001,0.651
5207,42.23,4,1,4,0.1,0.001,0.8074
5208,-33.92,1,0,2,0.1,0.001,0.5399
5209,51.26,9,1,9,0.1,0.001,0.807
5210,43.49,5,1,5,0.1,0.001,0.6977
5211,-31.01,3,0,4,0.1,0.001,0.4985
5212,-34.07,1,0,2,0.1,0.001,0.4625
5213,44.78,6,1,6,0.1,0.001,0.6305
5214,39.81,3,1,3,0.1,0.001,0.6046
5215,48.98,8,1,8,0.1,0.001,0.7478
5216,-32.94,2,0,3,0.1,0.001,0.3528
5217,54.37,11,1,11,0.1,0.001,0.7606
5218,42.22,4,1,4,0.1,0.001,0.8059
5219,-29.04,4,0,5,0.1,0.001,0.5914
5220,-22.75,7,0,8,0.1,0.001,0.781
5221,-14.01,11,0,12,0.1,0.001,0.9159
5222,47.5,7,1,7,0.1,0.001,0.7864
5223,45.27,6,1,6,0.1,0.001,0.7118
5224,-30.79,3,0,4,0.1,0.001,0.5522
5225,-23.14,7,0,8,0.1,0.001,0.7323
5226,-25.71,6,0,7,0.1,0.001,0.6124
5227,51.46,9,1,9,0.1,0.001,0.8288
5228,-23.44,6,0,7,0.1,0.001,0.9373
5229,-28.36,4,0,5,0.1,0.001,0.7279
5230,46.48,7,1,7,0.1,0.001,0.6401
5231,-25.43,7,0,8,0.1,0.001,0.4458
5232,41.03,4,1,4,0.1,0.001,0.5085
5233,-18.1,10,0,11,0.1,0.001,0.7186
5234,-18.16,11,0,12,0.1,0.001,0.5699
5235,-31.02,3,0,4,0.1,0.001,0.4953
5236,-30.5,3,0,4,0.1,0.001,0.6245
5237,48.99,9,1,9,0.1,0.001,0.5545
5238,-34.24,1,0,2,0.1,0.001,0.3812
5239,56.75,13,1,13,0.1,0.001,0.673
5240,-30.87,3,0,4,0.1,0.001,0.5315
5241,-28.3,4,0,5,0.1,0.001,0.741
5242,44.11,5,1,5,0.1,0.001,0.8224
5243,-34.06,1,0,2,0.1,0.001,0.4677
5244,47.85,8,1,8,0.1,0.001,0.6057
5245,-33.14,2,0,3,0.1,0.001,0.2857
5246,-30.41,3,0,4,0.1,0.001,0.6482
5247,-24.86,6,0,7,0.1,0.001,0.7347
5248,-21.32,7,0,8,0.1,0.001,0.9604
5249,39.46,3,1,3,0.1,0.001,0.4853
5250,43.13,5,1,5,0.1,0.001,0.6267
5251,41.75,4,1,4,0.1,0.001,0.6874
5252,-28.84,4,0,5,0.1,0.001,0.6319
5253,39.58,3,1,3,0.1,0.001,0.5281
5254,-27.69,5,0,6,0.1,0.001,0.5509
5255,-27.19,5,0,6,0.1,0.001,0.6358
5256,74.1,21,1,21,0.1,0.001,0.8618
5257,46.65,7,1,7,0.1,0.001,0.6647
5258,42.1,4,1,4,0.1,0.001,0.7746
5259,-12.41,13,0,14,0.1,0.001,0.7563
5260,-25.53,6,0,7,0.1,0.001,0.6382
5261,66.42,16,1,16,0.1,0.001,0.9641
5262,-28.16,4,0,5,0.1,0.001,0.7686
5263,46.42,6,1,6,0.1,0.001,0.9039
5264,-32.28,2,0,3,0.1,0.001,0.5745
5265,47.9,5,1,5,0.1,0.001,1.5798
5266,-28.12,5,0,6,0.1,0.001,0.4797
5267,-31.95,2,0,3,0.1,0.001,0.684
5268,-20.75,9,0,10,0.1,0.001,0.6254
5269,-26.72,5,0,6,0.1,0.001,0.7126
5270,-26.53,5,0,6,0.1,0.001,0.7456
5271,41.44,4,1,4,0.1,0.001,0.6094
5272,42.91,5,1,5,0.1,0.001,0.5818
5273,-34.43,1,0,2,0.1,0.001,0.2872
5274,44.46,4,1,4,0.1,0.001,1.3652
5275,41.07,4,1,4,0.1,0.001,0.5164
5276,39.44,3,1,3,0.1,0.001,0.4809
5277,48.54,7,1,7,0.1,0.001,0.9347
5278,-21.54,6,0,7,0.1,0.001,1.2083
5279,45.9,7,1,7,0.1,0.001,0.5574
5280,-34.05,1,0,2,0.1,0.001,0.4743
5281,47.83,8,1,8,0.1,0.001,0.6043
5282,-24.03,6,0,7,0.1,0.001,0.8525
5283,39.9,3,1,3,0.1,0.001,0.6324
5284,-27.59,5,0,6,0.1,0.001,0.5681
5285,-34.1,1,0,2,0.1,0.001,0.4492
5286,-32.46,2,0,3,0.1,0.001,0.5117
5287,-16.36,10,0,11,0.1,0.001,0.876
5288,-19.91,8,0,9,0.1,0.001,0.8994
5289,-34.11,1,0,2,0.1,0.001,0.4442
5290,-25.0,6,0,7,0.1,0.001,0.7138
5291,38.09,2,1,2,0.1,0.001,0.5432
5292,-28.89,4,0,5,0.1,0.001,0.6221
5293,-17.51,11,0,12,0.1,0.001,0.6238
5294,46.77,7,1,7,0.1,0.001,0.681
5295,47.79,7,1,7,0.1,0.001,0.8271
5296,41.82,4,1,4,0.1,0.001,0.7061
5297,50.91,9,1,9,0.1,0.001,0.7683
5298,-26.69,5,0,6,0.1,0.001,0.7181
5299,-29.56,4,0,5,0.1,0.001,0.487
5300,-20.98,8,0,9,0.1,0.001,0.78
5301,50.29,6,1,6,0.1,0.001,1.549
5302,40.01,3,1,3,0.1,0.001,0.6697
5303,-21.48,9,0,10,0.1,0.001,0.552
5304,50.12,9,1,9,0.1,0.001,0.6796
5305,41.81,4,1,4,0.1,0.001,0.7026
5306,44.95,6,1,6,0.1,0.001,0.6587
5307,-32.6,2,0,3,0.1,0.001,0.4664
5308,-32.56,2,0,3,0.1,0.001,0.4816
5309,50.37,9,1,9,0.1,0.001,0.7076
5310,-30.09,3,0,4,0.1,0.001,0.7282
5311,41.88,4,1,4,0.1,0.001,0.719
5312,46.92,7,1,7,0.1,0.001,0.7034
5313,-32.29,2,0,3,0.1,0.001,0.5704
5314,49.89,9,1,9,0.1,0.001,0.6548
5315,-34.19,1,0,2,0.1,0.001,0.4071
5316,-29.16,4,0,5,0.1,0.001,0.5688
5317,-31.51,3,0,4,0.1,0.001,0.3719
5318,-29.4,4,0,5,0.1,0.001,0.5195
5319,-34.19,1,0,2,0.1,0.001,0.4032
5320,46.52,6,1,6,0.1,0.001,0.9199
5321,50.56,8,1,8,0.1,0.001,0.9447
5322,-24.3,7,0,8,0.1,0.001,0.5877
5323,46.21,7,1,7,0.1,0.001,0.6019
5324,-21.58,8,0,9,0.1,0.001,0.7135
5325,-34.26,1,0,2,0.1,0.001,0.3679
5326,55.16,11,1,11,0.1,0.001,0.833
5327,-20.21,10,0,11,0.1,0.001,0.5263
5328,-23.16,7,0,8,0.1,0.001,0.7302
5329,44.74,6,1,6,0.1,0.001,0.6239
5330,-28.28,4,0,5,0.1,0.001,0.7437
5331,-29.62,4,0,5,0.1,0.001,0.4754
5332,47.59,8,1,8,0.1,0.001,0.5735
5333,-24.31,7,0,8,0.1,0.001,0.5866
5334,-12.35,14,0,15,0.1,0.001,0.6431
5335,39.12,3,1,3,0.1,0.001,0.3735
5336,-24.8,6,0,7,0.1,0.001,0.7423
5337,41.21,4,1,4,0.1,0.001,0.5526
5338,52.35,10,1,10,0.1,0.001,0.7347
5339,43.33,5,1,5,0.1,0.001,0.6665
5340,41.92,4,1,4,0.1,0.001,0.7289
5341,-28.56,5,0,6,0.1,0.001,0.407
5342,47.16,7,1,7,0.1,0.001,0.7372
5343,42.69,5,1,5,0.1,0.001,0.5377
5344,51.95,9,1,9,0.1,0.001,0.8836
5345,46.02,7,1,7,0.1,0.001,0.5741
5346,-29.72,4,0,5,0.1,0.001,0.4556
5347,45.0,6,1,6,0.1,0.001,0.666
5348,-30.72,3,0,4,0.1,0.001,0.5695
5349,54.9,11,1,11,0.1,0.001,0.8089
5350,46.4,7,1,7,0.1,0.001,0.628
5351,42.93,5,1,5,0.1,0.001,0.5867
5352,-34.5,1,0,2,0.1,0.001,0.2493
5353,49.96,9,1,9,0.1,0.001,0.6623
5354,50.86,9,1,9,0.1,0.001,0.7623
5355,49.76,9,1,9,0.1,0.001,0.6398
5356,47.36,7,1,7,0.1,0.001,0.7661
5357,-34.54,1,0,2,0.1,0.001,0.2303
5358,-29.48,4,0,5,0.1,0.001,0.504
5359,-31.81,3,0,4,0.1,0.001,0.2987
5360,46.61,7,1,7,0.1,0.001,0.6586
5361,43.63,5,1,5,0.1,0.001,0.7259
5362,-26.73,5,0,6,0.1,0.001,0.7121
5363,-21.91,8,0,9,0.1,0.001,0.6763
5364,42.5,4,1,4,0.1,0.001,0.8738
5365,-28.64,4,0,5,0.1,0.001,0.6722
5366,49.89,8,1,8,0.1,0.001,0.8613
5367,-34.34,1,0,2,0.1,0.001,0.3296
5368,-24.38,7,0,8,0.1,0.001,0.5776
5369,-32.07,2,0,3,0.1,0.001,0.6425
5370,46.08,6,1,6,0.1,0.001,0.8474
5371,59.81,14,1,14,0.1,0.001,0.7723
5372,-29.13,4,0,5,0.1,0.001,0.5731
5373,-24.76,7,0,8,0.1,0.001,0.53
5374,46.58,7,1,7,0.1,0.001,0.6536
5375,46.17,6,1,6,0.1,0.001,0.8609
5376,-26.94,5,0,6,0.1,0.001,0.677
5377,47.95,7,1,7,0.1,0.001,0.8507
5378,-27.72,5,0,6,0.1,0.001,0.5465
5379,56.69,12,1,12,0.1,0.001,0.8075
5380,-22.8,7,0,8,0.1,0.001,0.7752
5381,-21.05,8,0,9,0.1,0.001,0.7717
5382,48.77,7,1,7,0.1,0.001,0.9665
5383,-19.68,8,0,9,0.1,0.001,0.9246
5384,54.35,11,1,11,0.1,0.001,0.7589
5385,48.88,8,1,8,0.1,0.001,0.7348
5386,-19.7,9,0,10,0.1,0.001,0.73
5387,-30.27,3,0,4,0.1,0.001,0.6829
5388,62.96,16,1,16,0.1,0.001,0.7474
5389,42.08,4,1,4,0.1,0.001,0.7702
5390,40.07,3,1,3,0.1,0.001,0.6914
5391,-25.63,6,0,7,0.1,0.001,0.6246
5392,47.07,7,1,7,0.1,0.001,0.7236
5393,47.13,7,1,7,0.1,0.001,0.7325
5394,44.01,5,1,5,0.1,0.001,0.801
5395,-27.26,5,0,6,0.1,0.001,0.6239
5396,48.76,7,1,7,0.1,0.001,0.9656
5397,-29.03,4,0,5,0.1,0.001,0.5932
5398,-23.13,7,0,8,0.1,0.001,0.7334
5399,-34.01,1,0,2,0.1,0.001,0.4966
5400,-23.82,7,0,8,0.1,0.001,0.6474
5401,-18.52,9,0,10,0.1,0.001,0.8482
5402,57.82,14,1,14,0.1,0.001,0.6299
5403,47.71,7,1,7,0.1,0.001,0.816
5404,-34.32,1,0,2,0.1,0.001,0.3422
5405,-29.74,4,0,5,0.1,0.001,0.4527
5406,42.96,4,1,4,0.1,0.001,0.9912
5407,52.86,11,1,11,0.1,0.001,0.624
5408,58.34,14,1,14,0.1,0.001,0.6674
5409,-24.29,6,0,7,0.1,0.001,0.8156
5410,-27.73,5,0,6,0.1,0.001,0.5443
5411,55.86,13,1,13,0.1,0.001,0.6048
5412,-27.62,4,0,5,0.1,0.001,0.875
5413,45.37,6,1,6,0.1,0.001,0.7283
5414,-27.22,5,0,6,0.1,0.001,0.6302
5415,43.7,5,1,5,0.1,0.001,0.7399
5416,57.66,12,1,12,0.1,0.001,0.8885
5417,52.23,10,1,10,0.1,0.001,0.7229
5418,47.64,7,1,7,0.1,0.001,0.8057
5419,-27.03,5,0,6,0.1,0.001,0.6617
5420,48.12,7,1,7,0.1,0.001,0.8746
5421,46.39,7,1,7,0.1,0.001,0.6278
5422,-33.85,1,0,2,0.1,0.001,0.574
5423,-32.78,2,0,3,0.1,0.001,0.4052
5424,-18.6,10,0,11,0.1,0.001,0.6726
5425,-31.08,3,0,4,0.1,0.001,0.481
5426,-30.72,3,0,4,0.1,0.001,0.569
5427,-34.48,1,0,2,0.1,0.001,0.2591
5428,42.75,5,1,5,0.1,0.001,0.5495
5429,53.37,11,1,11,0.1,0.001,0.6702
5430,-29.04,4,0,5,0.1,0.001,0.5927
5431,-24.39,6,0,7,0.1,0.001,0.8009
5432,48.62,8,1,8,0.1,0.001,0.7029
5433,-17.33,9,0,10,0.1,0.001,0.9675
5434,-24.05,6,0,7,0.1,0.001,0.8505
5435,-32.3,2,0,3,0.1,0.001,0.5653
5436,-27.15,5,0,6,0.1,0.001,0.6418
5437,45.29,6,1,6,0.1,0.001,0.715
5438,53.81,10,1,10,0.1,0.001,0.881
5439,39.98,3,1,3,0.1,0.001,0.6607
5440,-32.17,2,0,3,0.1,0.001,0.6097
5441,-33.89,1,0,2,0.1,0.001,0.5538
5442,-25.37,6,0,7,0.1,0.001,0.6621
5443,-32.86,2,0,3,0.1,0.001,0.3803
5444,-34.23,1,0,2,0.1,0.001,0.3829
5445,49.68,9,1,9,0.1,0.001,0.6316
5446,-22.77,7,0,8,0.1,0.001,0.7788
5447,37.83,2,1,2,0.1,0.001,0.4141
5448,-17.76,10,0,11,0.1,0.001,0.7487
5449,-30.9,3,0,4,0.1,0.001,0.5245
5450,52.42,9,1,9,0.1,0.001,0.9353
5451,-22.99,7,0,8,0.1,0.001,0.7513
5452,-32.26,2,0,3,0.1,0.001,0.5794
5453,-30.99,3,0,4,0.1,0.001,0.5034
5454,41.73,4,1,4,0.1,0.001,0.6824
5455,56.9,10,1,10,0.1,0.001,1.19
5456,41.77,4,1,4,0.1,0.001,0.6936
5457,52.69,10,1,10,0.1,0.001,0.7685
5458,-32.33,2,0,3,0.1,0.001,0.5556
5459,55.88,12,1,12,0.1,0.001,0.7396
5460,41.47,4,1,4,0.1,0.001,0.6182
5461,43.94,5,1,5,0.1,0.001,0.7874
5462,-34.24,1,0,2,0.1,0.001,0.3821
5463,56.97,13,1,13,0.1,0.001,0.6898
5464,45.52,6,1,6,0.1,0.001,0.7531
5465,42.08,4,1,4,0.1,0.001,0.7704
5466,-14.4,12,0,13,0.1,0.001,0.7387
5467,48.33,8,1,8,0.1,0.001,0.6656
5468,-28.44,4,0,5,0.1,0.001,0.7112
5469,-32.7,2,0,3,0.1,0.001,0.434
5470,-18.53,10,0,11,0.1,0.001,0.6788
5471,41.72,4,1,4,0.1,0.001,0.6811
5472,-32.89,2,0,3,0.1,0.001,0.3715
5473,41.73,4,1,4,0.1,0.001,0.6826
5474,49.88,9,1,9,0.1,0.001,0.6534
5475,-23.8,6,0,7,0.1,0.001,0.8852
5476,-30.69,3,0,4,0.1,0.001,0.578
5477,-26.71,5,0,6,0.1,0.001,0.7158
5478,-31.39,3,0,4,0.1,0.001,0.4025
5479,-16.91,11,0,12,0.1,0.001,0.674
5480,54.09,11,1,11,0.1,0.001,0.7359
5481,41.55,4,1,4,0.1,0.001,0.6386
5482,-25.76,6,0,7,0.1,0.001,0.6056
5483,-22.13,8,0,9,0.1,0.001,0.6525
5484,-34.25,1,0,2,0.1,0.001,0.377
5485,47.2,7,1,7,0.1,0.001,0.7432
5486,-29.03,4,0,5,0.1,0.001,0.5939
5487,-32.51,2,0,3,0.1,0.001,0.4962
5488,-25.78,6,0,7,0.1,0.001,0.6034
5489,-31.93,2,0,3,0.1,0.001,0.6892
5490,41.96,4,1,4,0.1,0.001,0.7403
5491,-24.8,6,0,7,0.1,0.001,0.7428
5492,47.66,8,1,8,0.1,0.001,0.5823
5493,-25.94,6,0,7,0.1,0.001,0.5801
5494,-23.06,7,0,8,0.1,0.001,0.7422
5495,-30.68,3,0,4,0.1,0.001,0.5798
5496,-32.48,2,0,3,0.1,0.001,0.506
5497,-28.49,4,0,5,0.1,0.001,0.7025
5498,46.56,6,1,6,0.1,0.001,0.9268
5499,47.71,8,1,8,0.1,0.001,0.5889
5500,63.72,17,1,17,0.1,0.001,0.6893
5501,49.21,8,1,8,0.1,0.001,0.7763
5502,50.01,8,1,8,0.1,0.001,0.8763
5503,-25.59,6,0,7,0.1,0.001,0.6297
5504,46.75,7,1,7,0.1,0.001,0.6792
5505,45.6,7,1,7,0.1,0.001,0.5141
5506,-27.73,5,0,6,0.1,0.001,0.5452
5507,48.46,8,1,8,0.1,0.001,0.6828
5508,-30.55,3,0,4,0.1,0.001,0.6125
5509,43.75,5,1,5,0.1,0.001,0.7502
5510,-25.09,6,0,7,0.1,0.001,0.701
5511,52.56,10,1,10,0.1,0.001,0.7557
5512,-28.58,4,0,5,0.1,0.001,0.6832
5513,53.2,10,1,10,0.1,0.001,0.8199
5514,41.43,4,1,4,0.1,0.001,0.6066
5515,44.42,6,1,6,0.1,0.001,0.5705
5516,-27.31,5,0,6,0.1,0.001,0.6156
5517,-27.17,5,0,6,0.1,0.001,0.6376
5518,48.42,8,1,8,0.1,0.001,0.6779
5519,43.49,5,1,5,0.1,0.001,0.6975
5520,36.29,1,1,1,0.1,0.001,0.2864
5521,-27.1,5,0,6,0.1,0.001,0.6493
5522,-14.01,11,0,12,0.1,0.001,0.9158
5523,-26.92,5,0,6,0.1,0.001,0.6796
5524,45.39,6,1,6,0.1,0.001,0.732
5525,36.26,1,1,1,0.1,0.001,0.2577
5526,-28.46,4,0,5,0.1,0.001,0.7082
5527,56.12,10,1,10,0.1,0.001,1.1117
5528,-34.19,1,0,2,0.1,0.001,0.4074
5529,47.76,7,1,7,0.1,0.001,0.8231
5530,53.4,10,1,10,0.1,0.001,0.8402
5531,47.49,8,1,8,0.1,0.001,0.5608
5532,40.17,3,1,3,0.1,0.001,0.7225
5533,57.17,13,1,13,0.1,0.001,0.7057
5534,-34.26,1,0,2,0.1,0.001,0.3693
5535,41.76,4,1,4,0.1,0.001,0.6892
5536,44.0,5,1,5,0.1,0.001,0.8001
5537,46.38,7,1,7,0.1,0.001,0.6254
5538,-29.01,4,0,5,0.1,0.001,0.598
5539,55.89,12,1,12,0.1,0.001,0.7411
5540,-23.53,7,0,8,0.1,0.001,0.6838
5541,-31.89,2,0,3,0.1,0.001,0.7017
5542,41.31,4,1,4,0.1,0.001,0.5776
5543,-17.17,11,0,12,0.1,0.001,0.6528
5544,42.91,5,1,5,0.1,0.001,0.5828
5545,45.39,6,1,6,0.1,0.001,0.732
5546,38.04,2,1,2,0.1,0.001,0.5189
5547,-32.0,2,0,3,0.1,0.001,0.6651
5548,-23.26,8,0,9,0.1,0.001,0.5271
5549,48.65,8,1,8,0.1,0.001,0.7058
5550,-10.89,14,0,15,0.1,0.001,0.7407
5551,-16.5,11,0,12,0.1,0.001,0.7086
5552,39.35,3,1,3,0.1,0.001,0.4515
5553,46.84,7,1,7,0.1,0.001,0.691
5554,45.29,6,1,6,0.1,0.001,0.7152
5555,48.22,8,1,8,0.1,0.001,0.653
5556,-28.29,5,0,6,0.1,0.001,0.4509
5557,43.71,5,1,5,0.1,0.001,0.7426
5558,52.2,10,1,10,0.1,0.001,0.7201
5559,37.94,2,1,2,0.1,0.001,0.4723
5560,58.2,14,1,14,0.1,0.001,0.6571
5561,43.32,5,1,5,0.1,0.001,0.6648
5562,-34.32,1,0,2,0.1,0.001,0.3395
5563,46.09,6,1,6,0.1,0.001,0.8476
5564,43.3,5,1,5,0.1,0.001,0.6606
5565,-25.52,6,0,7,0.1,0.001,0.6407
5566,-26.86,5,0,6,0.1,0.001,0.69
5567,44.02,5,1,5,0.1,0.001,0.8034
5568,44.1,5,1,5,0.1,0.001,0.8196
5569,-30.39,3,0,4,0.1,0.001,0.6525
5570,41.4,4,1,4,0.1,0.001,0.5998
5571,48.94,8,1,8,0.1,0.001,0.7431
5572,-34.33,1,0,2,0.1,0.001,0.3369
5573,-28.18,5,0,6,0.1,0.001,0.4697
5574,43.5,5,1,5,0.1,0.001,0.6997
5575,52.72,10,1,10,0.1,0.001,0.7722
5576,42.81,5,1,5,0.1,0.001,0.5618
5577,47.27,7,1,7,0.1,0.001,0.7523
5578,-22.94,7,0,8,0.1,0.001,0.7576
5579,-30.64,3,0,4,0.1,0.001,0.5898
5580,49.03,8,1,8,0.1,0.001,0.754
5581,44.88,6,1,6,0.1,0.001,0.6459
5582,45.81,6,1,6,0.1,0.001,0.8013
5583,-29.22,4,0,5,0.1,0.001,0.556
5584,48.09,8,1,8,0.1,0.001,0.636
5585,-24.88,6,0,7,0.1,0.001,0.7312
5586,56.25,13,1,13,0.1,0.001,0.6349
5587,-28.09,5,0,6,0.1,0.001,0.4846
5588,-30.98,3,0,4,0.1,0.001,0.505
5589,39.54,3,1,3,0.1,0.001,0.514
5590,-32.57,2,0,3,0.1,0.001,0.4779
5591,-29.1,4,0,5,0.1,0.001,0.5795
5592,46.31,7,1,7,0.1,0.001,0.6161
5593,-22.84,7,0,8,0.1,0.001,0.7695
5594,44.89,6,1,6,0.1,0.001,0.6491
5595,-30.46,3,0,4,0.1,0.001,0.634
5596,-26.54,5,0,6,0.1,0.001,0.7432
5597,-28.87,4,0,5,0.1,0.001,0.6256
5598,-31.99,2,0,3,0.1,0.001,0.6696
5599,-29.93,4,0,5,0.1,0.001,0.4135
5600,-29.72,4,0,5,0.1,0.001,0.4553
5601,-19.71,9,0,10,0.1,0.001,0.7294
5602,57.92,12,1,12,0.1,0.001,0.91
5603,-32.59,2,0,3,0.1,0.001,0.4705
5604,45.47,6,1,6,0.1,0.001,0.7442
5605,-30.0,3,0,4,0.1,0.001,0.751
5606,54.35,11,1,11,0.1,0.001,0.7592
5607,43.48,5,1,5,0.1,0.001,0.6958
5608,51.88,10,1,10,0.1,0.001,0.6883
5609,50.2,10,1,10,0.1,0.001,0.5198
5610,-26.09,6,0,7,0.1,0.001,0.5592
5611,39.92,3,1,3,0.1,0.001,0.639
5612,42.98,5,1,5,0.1,0.001,0.5961
5613,51.32,10,1,10,0.1,0.001,0.6322
5614,47.62,7,1,7,0.1,0.001,0.8025
5615,-22.43,8,0,9,0.1,0.001,0.6187
5616,50.42,9,1,9,0.1,0.001,0.7135
5617,-34.27,1,0,2,0.1,0.001,0.3647
5618,-34.27,1,0,2,0.1,0.001,0.3656
5619,-25.23,6,0,7,0.1,0.001,0.6812
5620,-32.14,2,0,3,0.1,0.001,0.6194
5621,52.11,10,1,10,0.1,0.001,0.7111
5622,41.65,4,1,4,0.1,0.001,0.6613
5623,51.78,10,1,10,0.1,0.001,0.6785
5624,43.44,5,1,5,0.1,0.001,0.6887
5625,-34.13,1,0,2,0.1,0.001,0.4367
5626,47.79,8,1,8,0.1,0.001,0.5982
5627,46.87,7,1,7,0.1,0.001,0.6952
5628,41.28,4,1,4,0.1,0.001,0.571
5629,-17.65,11,0,12,0.1,0.001,0.6127
5630,-22.3,7,0,8,0.1,0.001,0.8369
5631,-23.81,7,0,8,0.1,0.001,0.6493
5632,58.93,14,1,14,0.1,0.001,0.7093
5633,-25.48,5,0,6,0.1,0.001,0.9203
5634,-29.35,4,0,5,0.1,0.001,0.5299
5635,-27.77,5,0,6,0.1,0.001,0.5378
5636,-21.4,8,0,9,0.1,0.001,0.7329
5637,53.34,11,1,11,0.1,0.001,0.667
5638,-24.7,6,0,7,0.1,0.001,0.7566
5639,50.18,9,1,9,0.1,0.001,0.6861
5640,58.97,15,1,15,0.1,0.001,0.5978
5641,41.61,4,1,4,0.1,0.001,0.6528
5642,36.19,1,1,1,0.1,0.001,0.1924
5643,53.08,10,1,10,0.1,0.001,0.8081
5644,-30.93,3,0,4,0.1,0.001,0.5186
5645,-24.06,7,0,8,0.1,0.001,0.6181
5646,47.2,7,1,7,0.1,0.001,0.7427
5647,49.49,8,1,8,0.1,0.001,0.8116
5648,-24.6,6,0,7,0.1,0.001,0.7719
5649,-29.33,4,0,5,0.1,0.001,0.5331
5650,-30.23,3,0,4,0.1,0.001,0.6935
5651,-28.69,4,0,5,0.1,0.001,0.6611
5652,39.38,3,1,3,0.1,0.001,0.4599
5653,-27.36,5,0,6,0.1,0.001,0.607
5654,-34.39,1,0,2,0.1,0.001,0.3065
5655,-27.39,5,0,6,0.1,0.001,0.6021
5656,-32.2,2,0,3,0.1,0.001,0.5997
5657,59.49,14,1,14,0.1,0.001,0.7494
5658,-29.46,4,0,5,0.1,0.001,0.5083
5659,-29.7,4,0,5,0.1,0.001,0.4606
5660,55.88,12,1,12,0.1,0.001,0.7397
5661,-13.24,14,0,15,0.1,0.001,0.5841
5662,-20.0,9,0,10,0.1,0.001,0.6996
5663,-20.78,9,0,10,0.1,0.001,0.622
5664,46.11,7,1,7,0.1,0.001,0.587
5665,64.84,16,1,16,0.1,0.001,0.865
5666,-30.85,3,0,4,0.1,0.001,0.5372
5667,47.62,8,1,8,0.1,0.001,0.577
5668,-30.91,3,0,4,0.1,0.001,0.522
5669,54.38,11,1,11,0.1,0.001,0.7617
5670,-34.28,1,0,2,0.1,0.001,0.3602
5671,-27.69,5,0,6,0.1,0.001,0.5517
5672,-29.45,4,0,5,0.1,0.001,0.5109
5673,41.06,4,1,4,0.1,0.001,0.5151
5674,-29.08,4,0,5,0.1,0.001,0.583
5675,-22.54,8,0,9,0.1,0.001,0.6071
5676,43.12,5,1,5,0.1,0.001,0.6243
5677,47.94,8,1,8,0.1,0.001,0.6172
5678,-32.3,2,0,3,0.1,0.001,0.566
5679,44.26,6,1,6,0.1,0.001,0.5433
5680,56.32,12,1,12,0.1,0.001,0.7767
5681,47.98,8,1,8,0.1,0.001,0.6228
5682,-32.19,2,0,3,0.1,0.001,0.6037
5683,50.53,10,1,10,0.1,0.001,0.5532
5684,-30.8,3,0,4,0.1,0.001,0.5511
5685,-13.02,10,0,11,0.1,0.001,1.1799
5686,44.48,6,1,6,0.1,0.001,0.5794
5687,-30.8,3,0,4,0.1,0.001,0.5503
5688,63.47,16,1,16,0.1,0.001,0.7792
5689,-32.88,2,0,3,0.1,0.001,0.3717
5690,-34.34,1,0,2,0.1,0.001,0.3298
5691,-26.03,6,0,7,0.1,0.001,0.5667
5692,49.85,9,1,9,0.1,0.001,0.6505
5693,49.45,9,1,9,0.1,0.001,0.6058
5694,-15.83,11,0,12,0.1,0.001,0.7639
5695,41.13,4,1,4,0.1,0.001,0.5314
5696,46.25,7,1,7,0.1,0.001,0.6065
5697,46.35,7,1,7,0.1,0.001,0.6208
5698,-18.96,9,0,10,0.1,0.001,0.8039
5699,49.03,9,1,9,0.1,0.001,0.5586
5700,39.59,3,1,3,0.1,0.001,0.529
5701,54.7,12,1,12,0.1,0.001,0.6418
5702,-34.42,1,0,2,0.1,0.001,0.2909
5703,56.66,11,1,11,0.1,0.001,0.9688
5704,62.15,15,1,15,0.1,0.001,0.81
5705,42.68,5,1,5,0.1,0.001,0.5358
5706,48.32,8,1,8,0.1,0.001,0.6651
5707,-18.61,10,0,11,0.1,0.001,0.6722
5708,40.1,3,1,3,0.1,0.001,0.7003
5709,-22.07,8,0,9,0.1,0.001,0.659
5710,-27.6,5,0,6,0.1,0.001,0.5674
5711,52.35,9,1,9,0.1,0.001,0.9273
5712,44.73,6,1,6,0.1,0.001,0.6215
5713,47.82,8,1,8,0.1,0.001,0.602
5714,-16.71,11,0,12,0.1,0.001,0.6906
5715,44.52,6,1,6,0.1,0.001,0.5866
5716,50.58,9,1,9,0.1,0.001,0.731
5717,37.62,2,1,2,0.1,0.001,0.3103
5718,-30.08,3,0,4,0.1,0.001,0.7295
5719,-30.63,3,0,4,0.1,0.001,0.5937
5720,-33.94,1,0,2,0.1,0.001,0.532
5721,48.07,8,1,8,0.1,0.001,0.6332
5722,-24.18,7,0,8,0.1,0.001,0.6029
5723,-34.0,1,0,2,0.1,0.001,0.5
5724,46.43,7,1,7,0.1,0.001,0.6325
5725,53.17,10,1,10,0.1,0.001,0.8168
5726,51.75,10,1,10,0.1,0.001,0.675
5727,-34.1,1,0,2,0.1,0.001,0.4482
5728,-29.03,4,0,5,0.1,0.001,0.5944
5729,-30.33,3,0,4,0.1,0.001,0.6682
5730,42.94,5,1,5,0.1,0.001,0.5879
5731,39.8,3,1,3,0.1,0.001,0.6015
5732,-18.9,8,0,9,0.1,0.001,1.0108
5733,-23.89,7,0,8,0.1,0.001,0.6387
5734,37.87,2,1,2,0.1,0.001,0.437
5735,43.0,5,1,5,0.1,0.001,0.5995
5736,-34.56,1,0,2,0.1,0.001,0.2219
5737,46.93,6,1,6,0.1,0.001,0.988
5738,54.95,12,1,12,0.1,0.001,0.6622
5739,-33.16,2,0,3,0.1,0.001,0.2804
5740,44.77,6,1,6,0.1,0.001,0.6278
5741,39.87,3,1,3,0.1,0.001,0.6248
5742,37.96,2,1,2,0.1,0.001,0.4798
5743,50.34,9,1,9,0.1,0.001,0.7045
5744,48.68,8,1,8,0.1,0.001,0.7102
5745,41.59,4,1,4,0.1,0.001,0.6471
5746,-21.83,8,0,9,0.1,0.001,0.6853
5747,-20.98,9,0,10,0.1,0.001,0.6023
5748,41.11,4,1,4,0.1,0.001,0.5286
5749,-34.1,1,0,2,0.1,0.001,0.4489
5750,-32.7,2,0,3,0.1,0.001,0.4348
5751,42.31,5,1,5,0.1,0.001,0.4622
5752,51.68,10,1,10,0.1,0.001,0.6678
5753,44.68,6,1,6,0.1,0.001,0.6135
5754,-22.56,7,0,8,0.1,0.001,0.8055
5755,46.84,7,1,7,0.1,0.001,0.6917
5756,49.47,9,1,9,0.1,0.001,0.6082
5757,-24.55,7,0,8,0.1,0.001,0.5563
5758,44.37,6,1,6,0.1,0.001,0.5623
5759,-32.87,2,0,3,0.1,0.001,0.378
5760,-29.29,4,0,5,0.1,0.001,0.541
5761,-29.57,4,0,5,0.1,0.001,0.4851
5762,-28.64,5,0,6,0.1,0.001,0.3935
5763,-32.41,2,0,3,0.1,0.001,0.5309
5764,-23.63,7,0,8,0.1,0.001,0.6716
5765,-27.43,5,0,6,0.1,0.001,0.5946
5766,50.43,9,1,9,0.1,0.001,0.7146
5767,-27.6,5,0,6,0.1,0.001,0.5671
5768,53.25,11,1,11,0.1,0.001,0.6594
5769,61.11,14,1,14,0.1,0.001,0.8649
5770,-34.13,1,0,2,0.1,0.001,0.4373
5771,47.24,7,1,7,0.1,0.001,0.7485
5772,-32.87,2,0,3,0.1,0.001,0.3772
5773,42.48,4,1,4,0.1,0.001,0.8708
5774,-30.4,3,0,4,0.1,0.001,0.6491
5775,43.13,5,1,5,0.1,0.001,0.6263
5776,60.31,15,1,15,0.1,0.001,0.6873
5777,-31.26,3,0,4,0.1,0.001,0.4348
5778,43.9,6,1,6,0.1,0.001,0.4831
5779,44.86,6,1,6,0.1,0.001,0.6427
5780,-13.29,13,0,14,0.1,0.001,0.6936
5781,46.3,6,1,6,0.1,0.001,0.8831
5782,42.89,5,1,5,0.1,0.001,0.5782
5783,-20.97,8,0,9,0.1,0.001,0.7811
5784,-32.26,2,0,3,0.1,0.001,0.5785
5785,42.92,5,1,5,0.1,0.001,0.5835
5786,-32.74,2,0,3,0.1,0.001,0.4193
5787,-34.54,1,0,2,0.1,0.001,0.2325
5788,48.75,8,1,8,0.1,0.001,0.7193
5789,47.69,7,1,7,0.1,0.001,0.813
5790,-25.42,6,0,7,0.1,0.001,0.6549
5791,-34.42,1,0,2,0.1,0.001,0.289
5792,-26.66,6,0,7,0.1,0.001,0.4777
5793,-32.78,2,0,3,0.1,0.001,0.4074
5794,-32.62,2,0,3,0.1,0.001,0.4588
5795,-34.4,1,0,2,0.1,0.001,0.3006
5796,-29.35,4,0,5,0.1,0.001,0.5306
5797,44.32,6,1,6,0.1,0.001,0.5531
5798,50.68,10,1,10,0.1,0.001,0.5679
5799,39.7,3,1,3,0.1,0.001,0.5659
5800,49.19,8,1,8,0.1,0.001,0.7735
5801,41.56,4,1,4,0.1,0.001,0.6392
5802,-33.02,2,0,3,0.1,0.001,0.328
5803,47.85,7,1,7,0.1,0.001,0.8356
5804,-25.86,5,0,6,0.1,0.001,0.8569
5805,36.2,1,1,1,0.1,0.001,0.2036
5806,-32.87,2,0,3,0.1,0.001,0.3778
5807,41.68,4,1,4,0.1,0.001,0.6695
5808,52.2,11,1,11,0.1,0.001,0.5638
5809,-27.73,5,0,6,0.1,0.001,0.5446
5810,-29.62,4,0,5,0.1,0.001,0.4762
5811,48.34,8,1,8,0.1,0.001,0.6674
5812,-25.95,6,0,7,0.1,0.001,0.5783
5813,44.83,6,1,6,0.1,0.001,0.6391
5814,-29.1,4,0,5,0.1,0.001,0.5795
5815,46.14,7,1,7,0.1,0.001,0.5913
5816,-24.69,7,0,8,0.1,0.001,0.5389
5817,43.02,5,1,5,0.1,0.001,0.6045
5818,47.74,7,1,7,0.1,0.001,0.8205
5819,-30.66,3,0,4,0.1,0.001,0.5848
5820,49.04,8,1,8,0.1,0.001,0.7547
5821,52.51,10,1,10,0.1,0.001,0.7512
5822,-18.63,10,0,11,0.1,0.001,0.6698
5823,46.33,7,1,7,0.1,0.001,0.6179
5824,-33.02,2,0,3,0.1,0.001,0.3276
5825,-27.69,5,0,6,0.1,0.001,0.5519
5826,41.4,4,1,4,0.1,0.001,0.6011
5827,56.33,13,1,13,0.1,0.001,0.6405
5828,47.35,8,1,8,0.1,0.001,0.5439
5829,-19.68,9,0,10,0.1,0.001,0.7316
5830,-24.73,7,0,8,0.1,0.001,0.5333
5831,50.61,9,1,9,0.1,0.001,0.7348
5832,-25.89,6,0,7,0.1,0.001,0.5878
5833,-24.05,7,0,8,0.1,0.001,0.6183
5834,50.9,10,1,10,0.1,0.001,0.5898
5835,53.38,11,1,11,0.1,0.001,0.6713
5836,42.88,5,1,5,0.1,0.001,0.5756
5837,-32.81,2,0,3,0.1,0.001,0.3982
5838,39.83,3,1,3,0.1,0.001,0.6108
5839,45.1,6,1,6,0.1,0.001,0.6838
5840,53.15,11,1,11,0.1,0.001,0.65
5841,43.04,5,1,5,0.1,0.001,0.6081
5842,43.12,5,1,5,0.1,0.001,0.6249
5843,-28.88,4,0,5,0.1,0.001,0.6245
5844,-25.33,6,0,7,0.1,0.001,0.6675
5845,42.74,5,1,5,0.1,0.001,0.5484
5846,-30.38,3,0,4,0.1,0.001,0.6548
5847,-27.89,5,0,6,0.1,0.001,0.5186
5848,44.78,6,1,6,0.1,0.001,0.6294
5849,-34.12,1,0,2,0.1,0.001,0.4378
5850,-26.75,5,0,6,0.1,0.001,0.708
5851,51.07,9,1,9,0.1,0.001,0.7858
5852,49.99,9,1,9,0.1,0.001,0.6655
5853,-21.88,8,0,9,0.1,0.001,0.6799
5854,49.7,9,1,9,0.1,0.001,0.6338
5855,53.42,11,1,11,0.1,0.001,0.6746
5856,-34.46,1,0,2,0.1,0.001,0.2705
5857,41.21,4,1,4,0.1,0.001,0.5516
5858,58.82,14,1,14,0.1,0.001,0.7011
5859,44.18,6,1,6,0.1,0.001,0.5302
5860,-12.9,14,0,15,0.1,0.001,0.6064
5861,-27.97,5,0,6,0.1,0.001,0.5047
5862,44.57,6,1,6,0.1,0.001,0.5951
5863,39.98,3,1,3,0.1,0.001,0.6614
5864,56.84,13,1,13,0.1,0.001,0.6799
5865,49.69,9,1,9,0.1,0.001,0.6319
5866,-30.47,3,0,4,0.1,0.001,0.6327
5867,46.06,7,1,7,0.1,0.001,0.5806
5868,-31.15,3,0,4,0.1,0.001,0.4634
5869,-27.48,5,0,6,0.1,0.001,0.5866
5870,-34.27,1,0,2,0.1,0.001,0.3674
5871,42.74,5,1,5,0.1,0.001,0.5483
5872,-30.47,3,0,4,0.1,0.001,0.6323
5873,-31.23,3,0,4,0.1,0.001,0.4435
5874,41.99,4,1,4,0.1,0.001,0.7477
5875,-32.36,2,0,3,0.1,0.001,0.5461
5876,-30.82,3,0,4,0.1,0.001,0.5459
5877,-31.13,3,0,4,0.1,0.001,0.4663
5878,-29.8,3,0,4,0.1,0.001,0.7998
5879,42.46,5,1,5,0.1,0.001,0.4925
5880,56.4,13,1,13,0.1,0.001,0.6465
5881,47.79,8,1,8,0.1,0.001,0.5983
5882,-30.5,3,0,4,0.1,0.001,0.6256
5883,-28.95,4,0,5,0.1,0.001,0.6096
5884,41.39,4,1,4,0.1,0.001,0.5963
5885,46.6,7,1,7,0.1,0.001,0.6574
5886,-26.67,6,0,7,0.1,0.001,0.4755
5887,41.1,4,1,4,0.1,0.001,0.5244
5888,-20.06,9,0,10,0.1,0.001,0.6936
5889,36.18,1,1,1,0.1,0.001,0.1775
5890,39.58,3,1,3,0.1,0.001,0.5267
5891,-25.93,6,0,7,0.1,0.001,0.5815
5892,47.76,8,1,8,0.1,0.001,0.5944
5893,45.64,7,1,7,0.1,0.001,0.5204
5894,43.67,5,1,5,0.1,0.001,0.7333
5895,41.22,4,1,4,0.1,0.001,0.5553
5896,-30.86,3,0,4,0.1,0.001,0.536
5897,45.59,6,1,6,0.1,0.001,0.765
5898,-20.5,9,0,10,0.1,0.001,0.6505
5899,-26.29,6,0,7,0.1,0.001,0.5298
5900,58.45,14,1,14,0.1,0.001,0.6752
5901,-18.93,10,0,11,0.1,0.001,0.6423
5902,44.58,6,1,6,0.1,0.001,0.5972
5903,-32.88,2,0,3,0.1,0.001,0.3729
5904,52.94,11,1,11,0.1,0.001,0.6309
5905,36.18,1,1,1,0.1,0.001,0.183
5906,-29.19,4,0,5,0.1,0.001,0.5618
5907,48.01,8,1,8,0.1,0.001,0.6266
5908,-32.6,2,0,3,0.1,0.001,0.4657
5909,46.11,7,1,7,0.1,0.001,0.5865
5910,-34.43,1,0,2,0.1,0.001,0.2838
5911,-34.43,1,0,2,0.1,0.001,0.284
5912,-34.15,1,0,2,0.1,0.001,0.4241
5913,-34.43,1,0,2,0.1,0.001,0.2845
5914,-29.21,4,0,5,0.1,0.001,0.5587
5915,50.21,9,1,9,0.1,0.001,0.6904
5916,37.89,2,1,2,0.1,0.001,0.4444
5917,-32.86,2,0,3,0.1,0.001,0.3808
5918,53.43,11,1,11,0.1,0.001,0.6756
5919,-34.03,1,0,2,0.1,0.001,0.4858
5920,-32.91,2,0,3,0.1,0.001,0.3645
5921,44.77,6,1,6,0.1,0.001,0.629
5922,-34.53,1,0,2,0.1,0.001,0.2327
5923,-29.71,4,0,5,0.1,0.001,0.4579
5924,45.46,6,1,6,0.1,0.001,0.7441
5925,-25.37,6,0,7,0.1,0.001,0.6618
5926,-25.85,6,0,7,0.1,0.001,0.593
5927,41.77,4,1,4,0.1,0.001,0.692
5928,41.36,4,1,4,0.1,0.001,0.5893
5929,53.68,11,1,11,0.1,0.001,0.6979
5930,-25.26,7,0,8,0.1,0.001,0.467
5931,51.87,10,1,10,0.1,0.001,0.6869
5932,41.86,4,1,4,0.1,0.001,0.7141
5933,48.48,9,1,9,0.1,0.001,0.4983
5934,-22.63,8,0,9,0.1,0.001,0.5966
5935,50.49,9,1,9,0.1,0.001,0.7207
5936,-30.2,3,0,4,0.1,0.001,0.6992
5937,49.76,9,1,9,0.1,0.001,0.6396
5938,62.84,17,1,17,0.1,0.001,0.6376
5939,41.42,4,1,4,0.1,0.001,0.6046
5940,-34.16,1,0,2,0.1,0.001,0.419
5941,39.47,3,1,3,0.1,0.001,0.4896
5942,51.95,11,1,11,0.1,0.001,0.5412
5943,46.27,7,1,7,0.1,0.001,0.6105
5944,-34.58,1,0,2,0.1,0.001,0.2114
5945,45.94,7,1,7,0.1,0.001,0.5625
5946,-24.23,8,0,9,0.1,0.001,0.4194
5947,40.94,4,1,4,0.1,0.001,0.4838
5948,-24.0,7,0,8,0.1,0.001,0.6244
5949,37.88,2,1,2,0.1,0.001,0.4393
5950,37.94,2,1,2,0.1,0.001,0.4724
5951,42.07,4,1,4,0.1,0.001,0.7665
5952,46.44,7,1,7,0.1,0.001,0.6338
5953,43.66,5,1,5,0.1,0.001,0.7313
5954,-32.58,2,0,3,0.1,0.001,0.4742
5955,48.5,6,1,6,0.1,0.001,1.2504
5956,45.17,6,1,6,0.1,0.001,0.6953
5957,44.92,6,1,6,0.1,0.001,0.654
5958,48.67,8,1,8,0.1,0.001,0.7092
5959,-31.05,3,0,4,0.1,0.001,0.488
5960,39.29,3,1,3,0.1,0.001,0.4315
5961,-31.11,3,0,4,0.1,0.001,0.4728
5962,-33.2,2,0,3,0.1,0.001,0.2656
5963,-29.37,4,0,5,0.1,0.001,0.5253
5964,-28.46,4,0,5,0.1,0.001,0.7085
5965,-9.87,13,0,14,0.1,0.001,0.9377
5966,50.42,9,1,9,0.1,0.001,0.7135
5967,-29.58,4,0,5,0.1,0.001,0.4846
5968,-27.57,5,0,6,0.1,0.001,0.5708
5969,44.36,6,1,6,0.1,0.001,0.5604
5970,46.91,7,1,7,0.1,0.001,0.7008
5971,44.74,6,1,6,0.1,0.001,0.6239
5972,50.66,10,1,10,0.1,0.001,0.5662
5973,36.17,1,1,1,0.1,0.001,0.1697
5974,40.63,4,1,4,0.1,0.001,0.4087
5975,-30.21,4,0,5,0.1,0.001,0.3579
5976,37.83,2,1,2,0.1,0.001,0.4134
5977,38.02,2,1,2,0.1,0.001,0.5093
5978,-29.0,4,0,5,0.1,0.001,0.5999
5979,-29.24,4,0,5,0.1,0.001,0.5516
5980,49.01,8,1,8,0.1,0.001,0.7514
5981,-28.53,4,0,5,0.1,0.001,0.6937
5982,42.72,5,1,5,0.1,0.001,0.5448
5983,-27.11,6,0,7,0.1,0.001,0.4135
5984,43.46,5,1,5,0.1,0.001,0.6917
5985,38.14,2,1,2,0.1,0.001,0.5705
5986,39.43,3,1,3,0.1,0.001,0.4774
5987,45.78,7,1,7,0.1,0.001,0.5403
5988,56.72,13,1,13,0.1,0.001,0.6704
5989,42.23,4,1,4,0.1,0.001,0.8073
5990,51.22,10,1,10,0.1,0.001,0.6218
5991,42.98,5,1,5,0.1,0.001,0.5966
5992,57.12,12,1,12,0.1,0.001,0.8432
5993,-24.4,7,0,8,0.1,0.001,0.5755
5994,43.84,5,1,5,0.1,0.001,0.7685
5995,50.41,9,1,9,0.1,0.001,0.7119
5996,43.43,5,1,5,0.1,0.001,0.6862
5997,-27.46,5,0,6,0.1,0.001,0.5901
5998,40.17,3,1,3,0.1,0.001,0.7238
5999,-33.89,1,0,2,0.1,0.001,0.5555
6000,39.82,3,1,3,0.1,0.001,0.606
6001,45.91,7,1,7,0.1,0.001,0.5593
6002,43.5,5,1,5,0.1,0.001,0.7006
6003,52.33,10,1,10,0.1,0.001,0.7333
6004,53.52,10,1,10,0.1,0.001,0.852
6005,54.37,11,1,11,0.1,0.001,0.7612
6006,-32.49,2,0,3,0.1,0.001,0.5019
6007,40.05,3,1,3,0.1,0.001,0.6826
6008,40.05,3,1,3,0.1,0.001,0.6822
6009,47.56,8,1,8,0.1,0.001,0.5699
6010,38.17,2,1,2,0.1,0.001,0.5865
6011,44.61,6,1,6,0.1,0.001,0.6009
6012,49.28,8,1,8,0.1,0.001,0.7853
6013,47.67,8,1,8,0.1,0.001,0.5836
6014,51.21,10,1,10,0.1,0.001,0.6212
6015,-23.8,7,0,8,0.1,0.001,0.6503
6016,-24.44,6,0,7,0.1,0.001,0.7944
6017,-29.07,4,0,5,0.1,0.001,0.5862
6018,44.84,6,1,6,0.1,0.001,0.6404
6019,-28.96,4,0,5,0.1,0.001,0.6081
6020,43.7,5,1,5,0.1,0.001,0.7408
6021,51.98,10,1,10,0.1,0.001,0.6982
6022,-30.7,3,0,4,0.1,0.001,0.5744
6023,-34.18,1,0,2,0.1,0.001,0.4087
6024,44.3,6,1,6,0.1,0.001,0.5508
6025,45.27,6,1,6,0.1,0.001,0.7124
6026,41.62,4,1,4,0.1,0.001,0.655
6027,40.39,3,1,3,0.1,0.001,0.7957
6028,44.87,6,1,6,0.1,0.001,0.6457
6029,-21.86,8,0,9,0.1,0.001,0.6825
6030,-32.25,2,0,3,0.1,0.001,0.5824
6031,-23.36,7,0,8,0.1,0.001,0.7048
6032,55.81,12,1,12,0.1,0.001,0.7343
6033,49.05,9,1,9,0.1,0.001,0.5616
6034,42.98,5,1,5,0.1,0.001,0.596
6035,-23.04,7,0,8,0.1,0.001,0.7456
6036,-32.57,2,0,3,0.1,0.001,0.478
6037,-30.83,3,0,4,0.1,0.001,0.5436
6038,52.34,9,1,9,0.1,0.001,0.9268
6039,47.18,7,1,7,0.1,0.001,0.7397
6040,46.99,7,1,7,0.1,0.001,0.7122
6041,-27.06,5,0,6,0.1,0.001,0.6566
6042,-32.93,2,0,3,0.1,0.001,0.3557
6043,54.97,12,1,12,0.1,0.001,0.6645
6044,52.57,11,1,11,0.1,0.001,0.5972
6045,-27.91,5,0,6,0.1,0.001,0.5151
6046,43.05,5,1,5,0.1,0.001,0.6103
6047,46.81,7,1,7,0.1,0.001,0.6872
6048,41.51,4,1,4,0.1,0.001,0.6277
6049,49.02,8,1,8,0.1,0.001,0.7525
6050,-34.29,1,0,2,0.1,0.001,0.3537
6051,-29.44,4,0,5,0.1,0.001,0.5123
6052,57.57,12,1,12,0.1,0.001,0.8807
6053,-9.21,14,0,15,0.1,0.001,0.853
6054,45.62,6,1,6,0.1,0.001,0.7695
6055,52.0,10,1,10,0.1,0.001,0.7
6056,59.46,13,1,13,0.1,0.001,0.8817
6057,39.88,3,1,3,0.1,0.001,0.6269
6058,-27.09,5,0,6,0.1,0.001,0.6511
6059,59.55,12,1,12,0.1,0.001,1.0459
6060,45.19,6,1,6,0.1,0.001,0.6987
6061,43.99,5,1,5,0.1,0.001,0.7971
6062,48.84,8,1,8,0.1,0.001,0.7304
6063,-34.35,1,0,2,0.1,0.001,0.3266
6064,-24.41,6,0,7,0.1,0.001,0.7983
6065,58.04,12,1,12,0.1,0.001,0.92
6066,43.12,5,1,5,0.1,0.001,0.625
6067,58.84,13,1,13,0.1,0.001,0.8338
6068,50.11,9,1,9,0.1,0.001,0.6785
6069,46.36,7,1,7,0.1,0.001,0.6228
6070,42.84,5,1,5,0.1,0.001,0.5684
6071,-31.4,3,0,4,0.1,0.001,0.399
6072,45.99,6,1,6,0.1,0.001,0.8311
6073,53.33,11,1,11,0.1,0.001,0.6666
6074,-27.22,5,0,6,0.1,0.001,0.6304
6075,-30.83,3,0,4,0.1,0.001,0.5433
6076,51.26,10,1,10,0.1,0.001,0.6261
6077,-18.53,10,0,11,0.1,0.001,0.6795
6078,55.62,13,1,13,0.1,0.001,0.5863
6079,62.1,16,1,16,0.1,0.001,0.6939
6080,53.87,10,1,10,0.1,0.001,0.887
6081,-27.79,5,0,6,0.1,0.001,0.5351
6082,44.1,5,1,5,0.1,0.001,0.8206
6083,-28.52,4,0,5,0.1,0.001,0.6963
6084,52.01,10,1,10,0.1,0.001,0.7006
6085,49.73,8,1,8,0.1,0.001,0.8416
6086,56.27,13,1,13,0.1,0.001,0.6365
6087,-28.82,4,0,5,0.1,0.001,0.6352
6088,37.81,2,1,2,0.1,0.001,0.4044
6089,-31.22,3,0,4,0.1,0.001,0.4448
6090,-25.84,6,0,7,0.1,0.001,0.5943
6091,41.04,4,1,4,0.1,0.001,0.511
6092,-34.0,1,0,2,0.1,0.001,0.5005
6093,-25.56,6,0,7,0.1,0.001,0.6337
6094,-32.71,2,0,3,0.1,0.001,0.4314
6095,-26.94,5,0,6,0.1,0.001,0.6765
6096,-20.76,8,0,9,0.1,0.001,0.8047
6097,-34.35,1,0,2,0.1,0.001,0.3247
6098,50.64,10,1,10,0.1,0.001,0.5642
6099,-19.75,9,0,10,0.1,0.001,0.7249
6100,-34.37,1,0,2,0.1,0.001,0.3164
6101,-31.26,3,0,4,0.1,0.001,0.4344
6102,-32.82,2,0,3,0.1,0.001,0.3921
6103,-30.56,3,0,4,0.1,0.001,0.6096
6104,-20.9,9,0,10,0.1,0.001,0.6096
6105,43.15,5,1,5,0.1,0.001,0.6303
6106,-28.32,4,0,5,0.1,0.001,0.7369
6107,48.18,8,1,8,0.1,0.001,0.647
6108,-31.85,2,0,3,0.1,0.001,0.715
6109,36.21,1,1,1,0.1,0.001,0.2097
6110,49.33,9,1,9,0.1,0.001,0.592
6111,-32.73,2,0,3,0.1,0.001,0.4217
6112,43.26,5,1,5,0.1,0.001,0.6526
6113,43.02,5,1,5,0.1,0.001,0.603
6114,-32.65,2,0,3,0.1,0.001,0.4494
6115,-34.3,1,0,2,0.1,0.001,0.3496
6116,44.12,5,1,5,0.1,0.001,0.824
6117,42.7,5,1,5,0.1,0.001,0.5408
6118,47.96,8,1,8,0.1,0.001,0.6199
6119,-26.09,5,0,6,0.1,0.001,0.8177
6120,-17.42,11,0,12,0.1,0.001,0.6314
6121,54.77,11,1,11,0.1,0.001,0.7971
6122,41.67,4,1,4,0.1,0.001,0.6684
6123,38.06,2,1,2,0.1,0.001,0.5293
6124,44.43,6,1,6,0.1,0.001,0.5716
6125,-19.06,10,0,11,0.1,0.001,0.6313
6126,48.54,8,1,8,0.1,0.001,0.6928
6127,-33.96,1,0,2,0.1,0.001,0.5175
6128,45.26,6,1,6,0.1,0.001,0.7099
6129,-34.41,1,0,2,0.1,0.001,0.2946
6130,-34.41,1,0,2,0.1,0.001,0.294
6131,-24.32,7,0,8,0.1,0.001,0.5845
6132,-34.43,1,0,2,0.1,0.001,0.2842
6133,-34.02,1,0,2,0.1,0.001,0.4892
6134,-29.64,4,0,5,0.1,0.001,0.4718
6135,57.11,13,1,13,0.1,0.001,0.7005
6136,-34.3,1,0,2,0.1,0.001,0.3518
6137,-34.21,1,0,2,0.1,0.001,0.3954
6138,51.79,10,1,10,0.1,0.001,0.6794
6139,52.37,10,1,10,0.1,0.001,0.737
6140,-33.92,1,0,2,0.1,0.001,0.5387
6141,43.79,5,1,5,0.1,0.001,0.7588
6142,51.31,10,1,10,0.1,0.001,0.6311
6143,-28.67,4,0,5,0.1,0.001,0.666
6144,42.96,5,1,5,0.1,0.001,0.5915
6145,42.85,5,1,5,0.1,0.001,0.569
6146,-32.71,2,0,3,0.1,0.001,0.4294
6147,-34.17,1,0,2,0.1,0.001,0.4166
6148,50.68,10,1,10,0.1,0.001,0.5677
6149,46.96,7,1,7,0.1,0.001,0.7087
6150,46.62,7,1,7,0.1,0.001,0.66
6151,-26.75,5,0,6,0.1,0.001,0.7078
6152,-25.92,6,0,7,0.1,0.001,0.5831
6153,41.14,4,1,4,0.1,0.001,0.5345
6154,-34.38,1,0,2,0.1,0.001,0.3098
6155,54.84,12,1,12,0.1,0.001,0.6534
6156,37.79,2,1,2,0.1,0.001,0.3928
6157,58.07,13,1,13,0.1,0.001,0.7744
6158,44.76,6,1,6,0.1,0.001,0.626
6159,44.75,6,1,6,0.1,0.001,0.6243
6160,44.22,6,1,6,0.1,0.001,0.5367
6161,-32.77,2,0,3,0.1,0.001,0.4104
6162,-26.05,6,0,7,0.1,0.001,0.5644
6163,57.88,13,1,13,0.1,0.001,0.7597
6164,46.24,7,1,7,0.1,0.001,0.6057
6165,46.19,7,1,7,0.1,0.001,0.5984
6166,-29.79,4,0,5,0.1,0.001,0.4412
6167,50.28,9,1,9,0.1,0.001,0.6982
6168,-22.33,8,0,9,0.1,0.001,0.6305
6169,46.66,7,1,7,0.1,0.001,0.6655
6170,51.3,10,1,10,0.1,0.001,0.6302
6171,42.98,5,1,5,0.1,0.001,0.5955
6172,-23.86,7,0,8,0.1,0.001,0.642
6173,-34.39,1,0,2,0.1,0.001,0.303
6174,55.44,11,1,11,0.1,0.001,0.8585
6175,-24.84,7,0,8,0.1,0.001,0.5196
6176,52.26,10,1,10,0.1,0.001,0.7261
6177,-26.19,6,0,7,0.1,0.001,0.5448
6178,52.82,11,1,11,0.1,0.001,0.6203
6179,-27.07,5,0,6,0.1,0.001,0.6545
6180,-32.49,2,0,3,0.1,0.001,0.5031
6181,45.26,6,1,6,0.1,0.001,0.7095
6182,46.98,7,1,7,0.1,0.001,0.7113
6183,-26.84,5,0,6,0.1,0.001,0.6926
6184,-28.08,5,0,6,0.1,0.001,0.4868
6185,45.39,6,1,6,0.1,0.001,0.7314
6186,36.22,1,1,1,0.1,0.001,0.2183
6187,48.69,9,1,9,0.1,0.001,0.5208
6188,-21.01,8,0,9,0.1,0.001,0.7772
6189,-32.17,2,0,3,0.1,0.001,0.6104
6190,45.41,6,1,6,0.1,0.001,0.7343
6191,45.09,6,1,6,0.1,0.001,0.6814
6192,57.67,13,1,13,0.1,0.001,0.7437
6193,-9.33,15,0,16,0.1,0.001,0.7293
6194,42.46,5,1,5,0.1,0.001,0.492
6195,-21.54,9,0,10,0.1,0.001,0.5455
6196,47.21,8,1,8,0.1,0.001,0.5259
6197,51.93,10,1,10,0.1,0.001,0.6927
6198,41.13,4,1,4,0.1,0.001,0.5334
6199,-27.22,6,0,7,0.1,0.001,0.3972
6200,42.92,5,1,5,0.1,0.001,0.5832
6201,44.32,6,1,6,0.1,0.001,0.5541
6202,40.87,4,1,4,0.1,0.001,0.4671
6203,-28.8,4,0,5,0.1,0.001,0.6391
6204,-32.72,2,0,3,0.1,0.001,0.4255
6205,-21.5,9,0,10,0.1,0.001,0.5496
6206,45.08,6,1,6,0.1,0.001,0.6799
6207,-22.55,7,0,8,0.1,0.001,0.8062
6208,-34.4,1,0,2,0.1,0.001,0.2991
6209,75.17,21,1,21,0.1,0.001,0.9127
6210,44.67,6,1,6,0.1,0.001,0.6123
6211,57.48,11,1,11,0.1,0.001,1.0432
6212,-20.63,9,0,10,0.1,0.001,0.6366
6213,46.61,7,1,7,0.1,0.001,0.659
6214,-27.25,5,0,6,0.1,0.001,0.6257
6215,-25.79,6,0,7,0.1,0.001,0.6011
6216,52.68,11,1,11,0.1,0.001,0.6072
6217,-30.74,3,0,4,0.1,0.001,0.5661
6218,42.91,5,1,5,0.1,0.001,0.5822
6219,48.67,8,1,8,0.1,0.001,0.7093
6220,50.99,10,1,10,0.1,0.001,0.5988
6221,-34.34,1,0,2,0.1,0.001,0.3295
6222,44.45,6,1,6,0.1,0.001,0.5742
6223,39.82,3,1,3,0.1,0.001,0.6066
6224,-31.1,3,0,4,0.1,0.001,0.4751
6225,-21.03,9,0,10,0.1,0.001,0.5967
6226,45.93,6,1,6,0.1,0.001,0.8215
6227,47.4,7,1,7,0.1,0.001,0.771
6228,-30.87,3,0,4,0.1,0.001,0.5337
6229,-28.31,4,0,5,0.1,0.001,0.7386
6230,-14.05,12,0,13,0.1,0.001,0.765
6231,62.18,14,1,14,0.1,0.001,0.9418
6232,43.12,5,1,5,0.1,0.001,0.6232
6233,-32.67,2,0,3,0.1,0.001,0.4439
6234,46.82,7,1,7,0.1,0.001,0.6883
6235,46.57,7,1,7,0.1,0.001,0.6525
6236,-28.3,5,0,6,0.1,0.001,0.4493
6237,38.09,2,1,2,0.1,0.001,0.5427
6238,46.67,7,1,7,0.1,0.001,0.6672
6239,-34.23,1,0,2,0.1,0.001,0.3873
6240,41.39,4,1,4,0.1,0.001,0.5984
6241,44.56,6,1,6,0.1,0.001,0.5933
6242,45.9,7,1,7,0.1,0.001,0.5577
6243,-26.52,6,0,7,0.1,0.001,0.4967
6244,51.29,10,1,10,0.1,0.001,0.6295
6245,55.6,12,1,12,0.1,0.001,0.7167
6246,73.23,21,1,21,0.1,0.001,0.8205
6247,53.94,11,1,11,0.1,0.001,0.7222
6248,42.82,5,1,5,0.1,0.001,0.5638
6249,-29.13,4,0,5,0.1,0.001,0.5731
6250,-24.68,6,0,7,0.1,0.001,0.7599
6251,-29.45,4,0,5,0.1,0.001,0.5092
6252,-23.69,7,0,8,0.1,0.001,0.6635
6253,-32.45,2,0,3,0.1,0.001,0.5182
6254,-23.11,8,0,9,0.1,0.001,0.5433
6255,-32.62,2,0,3,0.1,0.001,0.4608
6256,-32.29,2,0,3,0.1,0.001,0.5704
6257,-23.94,7,0,8,0.1,0.001,0.6323
6258,62.91,17,1,17,0.1,0.001,0.6421
6259,43.65,5,1,5,0.1,0.001,0.7308
6260,-34.39,1,0,2,0.1,0.001,0.3034
6261,48.58,8,1,8,0.1,0.001,0.6975
6262,-18.4,10,0,11,0.1,0.001,0.6909
6263,49.54,9,1,9,0.1,0.001,0.615
6264,57.86,14,1,14,0.1,0.001,0.6332
6265,56.09,13,1,13,0.1,0.001,0.6225
6266,-29.52,4,0,5,0.1,0.001,0.4951
6267,43.39,5,1,5,0.1,0.001,0.6778
6268,45.52,7,1,7,0.1,0.001,0.5033
6269,-33.14,2,0,3,0.1,0.001,0.286
6270,50.02,9,1,9,0.1,0.001,0.6688
6271,54.21,12,1,12,0.1,0.001,0.6005
6272,37.91,2,1,2,0.1,0.001,0.4551
6273,47.89,8,1,8,0.1,0.001,0.611
6274,45.94,7,1,7,0.1,0.001,0.5623
6275,45.71,7,1,7,0.1,0.001,0.5293
6276,-25.96,6,0,7,0.1,0.001,0.5768
6277,39.75,3,1,3,0.1,0.001,0.5848
6278,-25.49,6,0,7,0.1,0.001,0.644
6279,52.81,11,1,11,0.1,0.001,0.6191
6280,41.64,4,1,4,0.1,0.001,0.6599
6281,45.07,6,1,6,0.1,0.001,0.6779
6282,-30.7,3,0,4,0.1,0.001,0.5761
6283,-32.87,2,0,3,0.1,0.001,0.3772
6284,43.36,5,1,5,0.1,0.001,0.6715
6285,45.44,7,1,7,0.1,0.001,0.4911
6286,-28.12,5,0,6,0.1,0.001,0.4804
6287,-29.99,4,0,5,0.1,0.001,0.4022
6288,41.2,4,1,4,0.1,0.001,0.5499
6289,43.57,5,1,5,0.1,0.001,0.7135
6290,43.74,5,1,5,0.1,0.001,0.7488
6291,-34.23,1,0,2,0.1,0.001,0.3854
6292,36.18,1,1,1,0.1,0.001,0.1794
6293,-30.45,3,0,4,0.1,0.001,0.6374
6294,-34.03,1,0,2,0.1,0.001,0.4843
6295,45.18,6,1,6,0.1,0.001,0.6965
6296,-23.85,7,0,8,0.1,0.001,0.6438
6297,44.39,6,1,6,0.1,0.001,0.5648
6298,-30.65,3,0,4,0.1,0.001,0.587
6299,46.48,7,1,7,0.1,0.001,0.6398
6300,-27.3,5,0,6,0.1,0.001,0.6159
6301,39.62,3,1,3,0.1,0.001,0.5393
6302,-25.87,6,0,7,0.1,0.001,0.5894
6303,42.56,5,1,5,0.1,0.001,0.5114
6304,52.98,11,1,11,0.1,0.001,0.6344
6305,47.88,8,1,8,0.1,0.001,0.6099
6306,42.49,5,1,5,0.1,0.001,0.4988
6307,49.57,9,1,9,0.1,0.001,0.6184
6308,-27.53,5,0,6,0.1,0.001,0.5778
6309,42.94,5,1,5,0.1,0.001,0.588
6310,-28.6,4,0,5,0.1,0.001,0.6791
6311,-34.3,1,0,2,0.1,0.001,0.3492
6312,57.2,14,1,14,0.1,0.001,0.586
6313,46.08,7,1,7,0.1,0.001,0.5835
6314,52.82,11,1,11,0.1,0.001,0.6203
6315,53.82,11,1,11,0.1,0.001,0.7113
6316,44.52,6,1,6,0.1,0.001,0.586
6317,-30.74,3,0,4,0.1,0.001,0.5642
6318,46.43,7,1,7,0.1,0.001,0.6328
6319,50.03,9,1,9,0.1,0.001,0.6695
6320,47.51,7,1,7,0.1,0.001,0.7868
6321,-34.04,1,0,2,0.1,0.001,0.4781
6322,-28.87,4,0,5,0.1,0.001,0.626
6323,39.76,3,1,3,0.1,0.001,0.588
6324,44.54,5,1,5,0.1,0.001,0.9072
6325,43.66,5,1,5,0.1,0.001,0.733
6326,-17.65,11,0,12,0.1,0.001,0.6129
6327,-32.45,2,0,3,0.1,0.001,0.5175
6328,-24.67,6,0,7,0.1,0.001,0.761
6329,49.19,9,1,9,0.1,0.001,0.5764
6330,45.74,6,1,6,0.1,0.001,0.7902
6331,47.59,8,1,8,0.1,0.001,0.5731
6332,-34.56,1,0,2,0.1,0.001,0.2214
6333,46.7,7,1,7,0.1,0.001,0.6717
6334,47.79,7,1,7,0.1,0.001,0.8276
6335,48.09,8,1,8,0.1,0.001,0.6362
6336,-14.87,12,0,13,0.1,0.001,0.7022
6337,-28.04,5,0,6,0.1,0.001,0.4935
6338,41.07,4,1,4,0.1,0.001,0.5183
6339,-34.57,1,0,2,0.1,0.001,0.2175
6340,46.32,7,1,7,0.1,0.001,0.6165
6341,44.83,6,1,6,0.1,0.001,0.6378
6342,44.7,6,1,6,0.1,0.001,0.6164
6343,44.64,6,1,6,0.1,0.001,0.6067
6344,57.92,13,1,13,0.1,0.001,0.7628
6345,-23.59,7,0,8,0.1,0.001,0.6761
6346,-29.98,4,0,5,0.1,0.001,0.404
6347,46.12,7,1,7,0.1,0.001,0.5884
6348,-21.43,9,0,10,0.1,0.001,0.5568
6349,-24.41,7,0,8,0.1,0.001,0.5737
6350,55.2,11,1,11,0.1,0.001,0.8365
6351,-17.35,9,0,10,0.1,0.001,0.965
6352,50.56,9,1,9,0.1,0.001,0.7288
6353,59.68,13,1,13,0.1,0.001,0.8985
6354,-17.35,11,0,12,0.1,0.001,0.6376
6355,-23.77,7,0,8,0.1,0.001,0.654
6356,39.53,3,1,3,0.1,0.001,0.5115
6357,-34.42,1,0,2,0.1,0.001,0.2909
6358,44.82,6,1,6,0.1,0.001,0.6366
6359,-28.15,5,0,6,0.1,0.001,0.4748
6360,-23.01,7,0,8,0.1,0.001,0.7488
6361,-28.03,5,0,6,0.1,0.001,0.4957
6362,-34.56,1,0,2,0.1,0.001,0.2198
6363,-34.21,1,0,2,0.1,0.001,0.3948
6364,-28.03,5,0,6,0.1,0.001,0.4946
6365,-25.75,6,0,7,0.1,0.001,0.6071
6366,39.39,3,1,3,0.1,0.001,0.4648
6367,-20.35,9,0,10,0.1,0.001,0.6645
6368,57.85,13,1,13,0.1,0.001,0.758
6369,46.47,7,1,7,0.1,0.001,0.6391
6370,-34.55,1,0,2,0.1,0.001,0.2262
6371,-27.5,5,0,6,0.1,0.001,0.5842
6372,39.12,3,1,3,0.1,0.001,0.3736
6373,52.6,11,1,11,0.1,0.001,0.5998
6374,47.9,8,1,8,0.1,0.001,0.6131
6375,59.66,14,1,14,0.1,0.001,0.7612
6376,42.39,5,1,5,0.1,0.001,0.4778
6377,-32.09,2,0,3,0.1,0.001,0.6351
6378,45.25,6,1,6,0.1,0.001,0.7079
6379,49.54,8,1,8,0.1,0.001,0.8172
6380,-7.78,17,0,18,0.1,0.001,0.6231
6381,45.86,7,1,7,0.1,0.001,0.5512
6382,-24.08,7,0,8,0.1,0.001,0.6148
6383,46.05,6,1,6,0.1,0.001,0.8423
6384,46.51,7,1,7,0.1,0.001,0.6446
6385,-34.56,1,0,2,0.1,0.001,0.2179
6386,-30.21,3,0,4,0.1,0.001,0.6973
6387,39.51,3,1,3,0.1,0.001,0.5021
6388,-34.55,1,0,2,0.1,0.001,0.2257
6389,-29.6,4,0,5,0.1,0.001,0.4798
6390,49.53,9,1,9,0.1,0.001,0.6145
6391,-34.44,1,0,2,0.1,0.001,0.2805
6392,-33.98,1,0,2,0.1,0.001,0.5114
6393,-21.17,9,0,10,0.1,0.001,0.5827
6394,-15.85,12,0,13,0.1,0.001,0.6272
6395,-32.44,2,0,3,0.1,0.001,0.5191
6396,-34.4,1,0,2,0.1,0.001,0.3019
6397,42.84,5,1,5,0.1,0.001,0.569
6398,48.79,9,1,9,0.1,0.001,0.532
6399,-29.52,4,0,5,0.1,0.001,0.4954
6400,51.48,10,1,10,0.1,0.001,0.6478
6401,-27.42,5,0,6,0.1,0.001,0.5972
6402,-19.53,10,0,11,0.1,0.001,0.5884
6403,40.88,4,1,4,0.1,0.001,0.4701
6404,-24.75,7,0,8,0.1,0.001,0.5308
6405,-27.33,5,0,6,0.1,0.001,0.611
6406,-23.77,7,0,8,0.1,0.001,0.654
6407,-29.85,4,0,5,0.1,0.001,0.4305
6408,45.1,6,1,6,0.1,0.001,0.6826
6409,45.72,7,1,7,0.1,0.001,0.5309
6410,-23.48,8,0,9,0.1,0.001,0.5023
6411,41.27,4,1,4,0.1,0.001,0.5684
6412,-24.74,7,0,8,0.1,0.001,0.5324
6413,52.84,9,1,9,0.1,0.001,0.9819
6414,-26.17,6,0,7,0.1,0.001,0.5468
6415,45.04,6,1,6,0.1,0.001,0.6737
6416,-28.89,4,0,5,0.1,0.001,0.6224
6417,52.31,10,1,10,0.1,0.001,0.7314
6418,50.85,9,1,9,0.1,0.001,0.7617
6419,-31.47,3,0,4,0.1,0.001,0.382
6420,-32.87,2,0,3,0.1,0.001,0.3769
6421,-34.4,1,0,2,0.1,0.001,0.3008
6422,44.05,6,1,6,0.1,0.001,0.5075
6423,50.68,9,1,9,0.1,0.001,0.7425
6424,55.44,11,1,11,0.1,0.001,0.8583
6425,-34.07,1,0,2,0.1,0.001,0.4667
6426,59.72,15,1,15,0.1,0.001,0.6479
6427,-30.93,3,0,4,0.1,0.001,0.5172
6428,-23.76,7,0,8,0.1,0.001,0.6545
6429,53.66,11,1,11,0.1,0.001,0.6961
6430,44.26,6,1,6,0.1,0.001,0.5436
6431,-34.15,1,0,2,0.1,0.001,0.4252
6432,39.81,3,1,3,0.1,0.001,0.6041
6433,-33.04,2,0,3,0.1,0.001,0.3204
6434,48.78,9,1,9,0.1,0.001,0.5314
6435,-24.76,7,0,8,0.1,0.001,0.5305
6436,-18.36,11,0,12,0.1,0.001,0.5532
6437,-34.36,1,0,2,0.1,0.001,0.3195
6438,53.19,11,1,11,0.1,0.001,0.6539
6439,-34.34,1,0,2,0.1,0.001,0.3305
6440,45.0,6,1,6,0.1,0.001,0.6662
6441,38.03,2,1,2,0.1,0.001,0.5141
6442,44.36,6,1,6,0.1,0.001,0.5605
6443,-32.48,2,0,3,0.1,0.001,0.5071
6444,57.2,13,1,13,0.1,0.001,0.7077
6445,44.19,6,1,6,0.1,0.001,0.5317
6446,41.21,4,1,4,0.1,0.001,0.5524
6447,-32.77,2,0,3,0.1,0.001,0.4102
6448,-28.49,4,0,5,0.1,0.001,0.7022
6449,52.82,11,1,11,0.1,0.001,0.62
6450,-18.57,11,0,12,0.1,0.001,0.5362
6451,-29.09,4,0,5,0.1,0.001,0.5824
6452,45.03,6,1,6,0.1,0.001,0.672
6453,41.12,4,1,4,0.1,0.001,0.5295
6454,-32.68,2,0,3,0.1,0.001,0.4407
6455,-25.61,6,0,7,0.1,0.001,0.6272
6456,52.01,10,1,10,0.1,0.001,0.701
6457,44.55,6,1,6,0.1,0.001,0.5916
6458,-26.75,6,0,7,0.1,0.001,0.464
6459,-33.99,1,0,2,0.1,0.001,0.504
6460,-22.39,8,0,9,0.1,0.001,0.6239
6461,54.49,12,1,12,0.1,0.001,0.6244
6462,-34.07,1,0,2,0.1,0.001,0.467
6463,-26.0,6,0,7,0.1,0.001,0.5717
6464,-34.3,1,0,2,0.1,0.001,0.3504
6465,-32.6,2,0,3,0.1,0.001,0.4682
6466,-21.64,8,0,9,0.1,0.001,0.7066
6467,-34.26,1,0,2,0.1,0.001,0.3681
6468,46.38,7,1,7,0.1,0.001,0.6253
6469,-15.65,12,0,13,0.1,0.001,0.6425
6470,39.46,3,1,3,0.1,0.001,0.4871
6471,42.84,5,1,5,0.1,0.001,0.568
6472,-27.92,5,0,6,0.1,0.001,0.5126
6473,62.64,16,1,16,0.1,0.001,0.7277
6474,49.5,9,1,9,0.1,0.001,0.611
6475,45.73,6,1,6,0.1,0.001,0.7885
6476,41.36,4,1,4,0.1,0.001,0.5912
6477,48.85,9,1,9,0.1,0.001,0.5394
6478,-24.69,7,0,8,0.1,0.001,0.5388
6479,-32.59,2,0,3,0.1,0.001,0.4695
6480,50.47,9,1,9,0.1,0.001,0.719
6481,-32.56,2,0,3,0.1,0.001,0.4808
6482,42.52,5,1,5,0.1,0.001,0.5041
6483,53.38,11,1,11,0.1,0.001,0.6709
6484,42.7,5,1,5,0.1,0.001,0.54
6485,-31.32,3,0,4,0.1,0.001,0.4206
6486,-25.72,6,0,7,0.1,0.001,0.6113
6487,-32.78,2,0,3,0.1,0.001,0.4051
6488,-17.96,10,0,11,0.1,0.001,0.7307
6489,-23.84,7,0,8,0.1,0.001,0.6453
6490,42.83,5,1,5,0.1,0.001,0.5669
6491,43.13,5,1,5,0.1,0.001,0.6255
6492,-32.73,2,0,3,0.1,0.001,0.4243
6493,47.4,8,1,8,0.1,0.001,0.5504
6494,44.89,6,1,6,0.1,0.001,0.6492
6495,44.65,6,1,6,0.1,0.001,0.6079
6496,42.54,5,1,5,0.1,0.001,0.508
6497,-34.12,1,0,2,0.1,0.001,0.4395
6498,57.09,13,1,13,0.1,0.001,0.699
6499,43.88,6,1,6,0.1,0.001,0.4804
6500,-15.02,12,0,13,0.1,0.001,0.6905
6501,41.25,4,1,4,0.1,0.001,0.5635
6502,46.45,7,1,7,0.1,0.001,0.6355
6503,42.89,5,1,5,0.1,0.001,0.5771
6504,47.3,7,1,7,0.1,0.001,0.7574
6505,52.69,11,1,11,0.1,0.001,0.6085
6506,-29.04,4,0,5,0.1,0.001,0.5916
6507,42.76,5,1,5,0.1,0.001,0.5513
6508,-22.62,8,0,9,0.1,0.001,0.5977
6509,-24.66,7,0,8,0.1,0.001,0.5424
6510,-25.47,6,0,7,0.1,0.001,0.6468
6511,-29.14,4,0,5,0.1,0.001,0.5722
6512,-21.47,8,0,9,0.1,0.001,0.725
6513,62.3,16,1,16,0.1,0.001,0.7064
6514,47.03,7,1,7,0.1,0.001,0.719
6515,44.13,6,1,6,0.1,0.001,0.5215
6516,50.54,10,1,10,0.1,0.001,0.5539
6517,42.66,5,1,5,0.1,0.001,0.5324
6518,-29.1,4,0,5,0.1,0.001,0.5793
6519,-30.65,3,0,4,0.1,0.001,0.5874
6520,44.15,6,1,6,0.1,0.001,0.5244
6521,49.49,9,1,9,0.1,0.001,0.6104
6522,-18.67,11,0,12,0.1,0.001,0.5272
6523,37.66,2,1,2,0.1,0.001,0.3313
6524,47.78,8,1,8,0.1,0.001,0.5978
6525,-21.63,8,0,9,0.1,0.001,0.7082
6526,-18.89,10,0,11,0.1,0.001,0.6465
6527,-34.57,1,0,2,0.1,0.001,0.2136
6528,44.17,6,1,6,0.1,0.001,0.5288
6529,-34.14,1,0,2,0.1,0.001,0.4296
6530,41.72,4,1,4,0.1,0.001,0.6789
6531,39.7,3,1,3,0.1,0.001,0.5676
6532,-33.16,2,0,3,0.1,0.001,0.2784
6533,46.59,7,1,7,0.1,0.001,0.656
6534,-28.16,5,0,6,0.1,0.001,0.4735
6535,-29.57,4,0,5,0.1,0.001,0.4867
6536,-32.96,2,0,3,0.1,0.001,0.3483
6537,-28.86,4,0,5,0.1,0.001,0.6282
6538,47.82,8,1,8,0.1,0.001,0.602
6539,41.19,4,1,4,0.1,0.001,0.5471
6540,-30.83,3,0,4,0.1,0.001,0.5434
6541,40.68,4,1,4,0.1,0.001,0.4202
6542,39.74,3,1,3,0.1,0.001,0.5804
6543,42.61,5,1,5,0.1,0.001,0.5225
6544,42.76,5,1,5,0.1,0.001,0.5518
6545,-32.41,2,0,3,0.1,0.001,0.5308
6546,-34.48,1,0,2,0.1,0.001,0.26
6547,60.64,15,1,15,0.1,0.001,0.7093
6548,42.7,5,1,5,0.1,0.001,0.5401
6549,50.35,10,1,10,0.1,0.001,0.5352
6550,-24.66,7,0,8,0.1,0.001,0.5425
6551,42.71,5,1,5,0.1,0.001,0.5427
6552,45.14,6,1,6,0.1,0.001,0.6893
6553,39.48,3,1,3,0.1,0.001,0.492
6554,39.46,3,1,3,0.1,0.001,0.4883
6555,41.57,4,1,4,0.1,0.001,0.6434
6556,-30.25,4,0,5,0.1,0.001,0.3506
6557,39.61,3,1,3,0.1,0.001,0.5357
6558,49.54,9,1,9,0.1,0.001,0.6156
6559,-34.21,1,0,2,0.1,0.001,0.3968
6560,40.94,4,1,4,0.1,0.001,0.4848
6561,-21.72,9,0,10,0.1,0.001,0.5283
6562,50.19,9,1,9,0.1,0.001,0.6874
6563,-30.39,3,0,4,0.1,0.001,0.6514
6564,58.5,15,1,15,0.1,0.001,0.5664
6565,44.49,6,1,6,0.1,0.001,0.5819
6566,-32.83,2,0,3,0.1,0.001,0.3909
6567,50.24,10,1,10,0.1,0.001,0.5236
6568,37.58,2,1,2,0.1,0.001,0.2878
6569,43.06,5,1,5,0.1,0.001,0.6116
6570,-24.71,7,0,8,0.1,0.001,0.5357
6571,-29.14,4,0,5,0.1,0.001,0.5721
6572,43.72,6,1,6,0.1,0.001,0.4536
6573,-30.7,3,0,4,0.1,0.001,0.5748
6574,-32.41,2,0,3,0.1,0.001,0.5316
6575,-27.69,5,0,6,0.1,0.001,0.5521
6576,42.95,5,1,5,0.1,0.001,0.5903
6577,-22.86,7,0,8,0.1,0.001,0.767
6578,42.76,5,1,5,0.1,0.001,0.5516
6579,-32.68,2,0,3,0.1,0.001,0.4387
6580,52.61,11,1,11,0.1,0.001,0.6013
6581,48.8,9,1,9,0.1,0.001,0.5333
6582,47.68,8,1,8,0.1,0.001,0.5849
6583,57.56,13,1,13,0.1,0.001,0.7354
6584,-34.57,1,0,2,0.1,0.001,0.2167
6585,47.29,8,1,8,0.1,0.001,0.5362
6586,50.38,9,1,9,0.1,0.001,0.7093
6587,44.31,6,1,6,0.1,0.001,0.5516
6588,41.08,4,1,4,0.1,0.001,0.5189
6589,-31.31,3,0,4,0.1,0.001,0.4219
6590,-23.73,8,0,9,0.1,0.001,0.4741
6591,47.64,8,1,8,0.1,0.001,0.58
6592,-34.37,1,0,2,0.1,0.001,0.3134
6593,-32.86,2,0,3,0.1,0.001,0.3794
6594,-23.35,8,0,9,0.1,0.001,0.5164
6595,62.92,16,1,16,0.1,0.001,0.7448
6596,41.9,4,1,4,0.1,0.001,0.7254
6597,45.21,6,1,6,0.1,0.001,0.7022
6598,42.58,5,1,5,0.1,0.001,0.5153
6599,57.85,14,1,14,0.1,0.001,0.6322
6600,39.44,3,1,3,0.1,0.001,0.4798
6601,-26.83,5,0,6,0.1,0.001,0.6949
6602,39.41,3,1,3,0.1,0.001,0.4696
6603,-34.25,1,0,2,0.1,0.001,0.3752
6604,40.89,4,1,4,0.1,0.001,0.4733
6605,44.05,6,1,6,0.1,0.001,0.5082
6606,-32.73,2,0,3,0.1,0.001,0.4227
6607,-17.33,11,0,12,0.1,0.001,0.6391
6608,46.03,7,1,7,0.1,0.001,0.5764
6609,-32.76,2,0,3,0.1,0.001,0.4132
6610,-33.18,2,0,3,0.1,0.001,0.2719
6611,-25.95,6,0,7,0.1,0.001,0.5781
6612,36.18,1,1,1,0.1,0.001,0.1844
6613,-28.9,4,0,5,0.1,0.001,0.6205
6614,39.74,3,1,3,0.1,0.001,0.5816
6615,55.01,12,1,12,0.1,0.001,0.6679
6616,55.4,11,1,11,0.1,0.001,0.8544
6617,-30.56,3,0,4,0.1,0.001,0.6096
6618,-28.48,4,0,5,0.1,0.001,0.7031
6619,44.86,6,1,6,0.1,0.001,0.6437
6620,-31.12,3,0,4,0.1,0.001,0.4709
6621,-24.91,7,0,8,0.1,0.001,0.5109
6622,-21.47,9,0,10,0.1,0.001,0.553
6623,-32.66,2,0,3,0.1,0.001,0.4458
6624,-34.54,1,0,2,0.1,0.001,0.2314
6625,47.23,8,1,8,0.1,0.001,0.5293
6626,53.65,12,1,12,0.1,0.001,0.5546
6627,44.71,6,1,6,0.1,0.001,0.6183
6628,-25.67,6,0,7,0.1,0.001,0.6186
6629,-12.5,14,0,15,0.1,0.001,0.6334
6630,43.29,5,1,5,0.1,0.001,0.6575
6631,37.95,2,1,2,0.1,0.001,0.4748
6632,-27.73,5,0,6,0.1,0.001,0.5453
6633,47.31,8,1,8,0.1,0.001,0.539
6634,-14.82,12,0,13,0.1,0.001,0.706
6635,44.44,6,1,6,0.1,0.001,0.5734
6636,-30.43,3,0,4,0.1,0.001,0.6421
6637,41.28,4,1,4,0.1,0.001,0.5696
6638,40.94,4,1,4,0.1,0.001,0.4842
6639,-16.24,12,0,13,0.1,0.001,0.597
6640,-32.63,2,0,3,0.1,0.001,0.4573
6641,47.84,8,1,8,0.1,0.001,0.6048
6642,46.45,7,1,7,0.1,0.001,0.635
6643,52.2,11,1,11,0.1,0.001,0.5633
6644,-25.76,6,0,7,0.1,0.001,0.6062
6645,40.79,4,1,4,0.1,0.001,0.4481
6646,45.41,7,1,7,0.1,0.001,0.4877
6647,-32.63,2,0,3,0.1,0.001,0.4557
6648,44.75,6,1,6,0.1,0.001,0.6256
6649,-24.53,7,0,8,0.1,0.001,0.5593
6650,-29.31,4,0,5,0.1,0.001,0.5375
6651,48.2,8,1,8,0.1,0.001,0.6504
6652,48.75,8,1,8,0.1,0.001,0.7189
6653,41.68,4,1,4,0.1,0.001,0.6704
6654,44.78,6,1,6,0.1,0.001,0.6293
6655,42.34,5,1,5,0.1,0.001,0.4677
6656,-34.54,1,0,2,0.1,0.001,0.2308
6657,51.12,10,1,10,0.1,0.001,0.6122
6658,-30.51,3,0,4,0.1,0.001,0.6227
6659,41.23,4,1,4,0.1,0.001,0.5576
6660,-27.9,5,0,6,0.1,0.001,0.5164
6661,53.75,12,1,12,0.1,0.001,0.5626
6662,53.66,11,1,11,0.1,0.001,0.6961
6663,39.09,3,1,3,0.1,0.001,0.3631
6664,-32.63,2,0,3,0.1,0.001,0.4582
6665,49.67,9,1,9,0.1,0.001,0.63
6666,47.68,7,1,7,0.1,0.001,0.8117
6667,-32.57,2,0,3,0.1,0.001,0.4759
6668,46.07,6,1,6,0.1,0.001,0.8453
6669,-27.28,5,0,6,0.1,0.001,0.6199
6670,52.68,11,1,11,0.1,0.001,0.6076
6671,-34.52,1,0,2,0.1,0.001,0.2407
6672,49.86,9,1,9,0.1,0.001,0.6508
6673,53.76,12,1,12,0.1,0.001,0.563
6674,37.89,2,1,2,0.1,0.001,0.4457
6675,51.26,9,1,9,0.1,0.001,0.8062
6676,-29.55,4,0,5,0.1,0.001,0.489
6677,-30.57,3,0,4,0.1,0.001,0.6077
6678,44.63,6,1,6,0.1,0.001,0.6053
6679,-18.41,10,0,11,0.1,0.001,0.6903
6680,45.02,6,1,6,0.1,0.001,0.6703
6681,41.24,4,1,4,0.1,0.001,0.5608
6682,44.29,6,1,6,0.1,0.001,0.5483
6683,37.94,2,1,2,0.1,0.001,0.4697
6684,50.88,10,1,10,0.1,0.001,0.5875
6685,49.94,10,1,10,0.1,0.001,0.4936
6686,43.9,6,1,6,0.1,0.001,0.484
6687,45.96,7,1,7,0.1,0.001,0.5654
6688,-29.06,4,0,5,0.1,0.001,0.5883
6689,-28.95,4,0,5,0.1,0.001,0.6097
6690,42.96,5,1,5,0.1,0.001,0.5928
6691,49.38,9,1,9,0.1,0.001,0.5982
6692,52.37,10,1,10,0.1,0.001,0.7367
6693,37.81,2,1,2,0.1,0.001,0.4061
6694,42.84,5,1,5,0.1,0.001,0.568
6695,-31.08,3,0,4,0.1,0.001,0.4809
6696,-32.63,2,0,3,0.1,0.001,0.4575
6697,59.81,15,1,15,0.1,0.001,0.6538
6698,-30.6,3,0,4,0.1,0.001,0.6008
6699,39.35,3,1,3,0.1,0.001,0.4503
6700,-12.58,14,0,15,0.1,0.001,0.6278
6701,43.1,5,1,5,0.1,0.001,0.6196
6702,45.95,7,1,7,0.1,0.001,0.564
6703,49.21,9,1,9,0.1,0.001,0.5786
6704,-30.77,3,0,4,0.1,0.001,0.5577
6705,-21.75,9,0,10,0.1,0.001,0.5255
6706,50.7,10,1,10,0.1,0.001,0.5698
6707,41.17,4,1,4,0.1,0.001,0.5427
6708,-32.54,2,0,3,0.1,0.001,0.4879
6709,44.44,6,1,6,0.1,0.001,0.5729
6710,46.0,7,1,7,0.1,0.001,0.5708
6711,54.61,12,1,12,0.1,0.001,0.6342
6712,-21.96,8,0,9,0.1,0.001,0.6712
6713,-34.56,1,0,2,0.1,0.001,0.2212
6714,-29.77,4,0,5,0.1,0.001,0.4466
6715,42.44,5,1,5,0.1,0.001,0.4885
6716,62.59,17,1,17,0.1,0.001,0.6231
6717,38.0,2,1,2,0.1,0.001,0.5005
6718,43.86,6,1,6,0.1,0.001,0.4771
6719,38.09,2,1,2,0.1,0.001,0.5449
6720,41.46,4,1,4,0.1,0.001,0.6154
6721,41.2,4,1,4,0.1,0.001,0.5499
6722,50.82,9,1,9,0.1,0.001,0.7576
6723,-24.2,7,0,8,0.1,0.001,0.5997
6724,-19.86,10,0,11,0.1,0.001,0.5586
6725,-27.38,5,0,6,0.1,0.001,0.6036
6726,-30.9,3,0,4,0.1,0.001,0.5238
6727,-29.38,4,0,5,0.1,0.001,0.5232
6728,46.69,7,1,7,0.1,0.001,0.6705
6729,-30.75,3,0,4,0.1,0.001,0.5635
6730,47.56,8,1,8,0.1,0.001,0.57
6731,49.44,9,1,9,0.1,0.001,0.6048
6732,47.4,8,1,8,0.1,0.001,0.5494
6733,-28.78,4,0,5,0.1,0.001,0.6445
6734,-26.13,5,0,6,0.1,0.001,0.8114
6735,-29.48,4,0,5,0.1,0.001,0.5048
6736,39.85,3,1,3,0.1,0.001,0.6164
6737,49.82,9,1,9,0.1,0.001,0.6464
6738,47.32,8,1,8,0.1,0.001,0.5399
6739,-29.25,4,0,5,0.1,0.001,0.5498
6740,-34.38,1,0,2,0.1,0.001,0.3096
6741,60.48,15,1,15,0.1,0.001,0.6983
6742,45.8,7,1,7,0.1,0.001,0.5431
6743,-22.01,9,0,10,0.1,0.001,0.4995
6744,-21.72,8,0,9,0.1,0.001,0.698
6745,57.24,13,1,13,0.1,0.001,0.7111
6746,-30.9,3,0,4,0.1,0.001,0.5246
6747,-31.59,3,0,4,0.1,0.001,0.3529
6748,50.63,10,1,10,0.1,0.001,0.563
6749,-32.65,2,0,3,0.1,0.001,0.4508
6750,-22.12,8,0,9,0.1,0.001,0.6534
6751,44.81,6,1,6,0.1,0.001,0.6358
6752,42.63,5,1,5,0.1,0.001,0.5266
6753,-30.65,3,0,4,0.1,0.001,0.5864
6754,43.93,6,1,6,0.1,0.001,0.4891
6755,-24.11,6,0,7,0.1,0.001,0.8408
6756,55.15,12,1,12,0.1,0.001,0.6789
6757,54.24,12,1,12,0.1,0.001,0.6033
6758,47.4,8,1,8,0.1,0.001,0.5495
6759,-32.68,2,0,3,0.1,0.001,0.4393
6760,50.43,9,1,9,0.1,0.001,0.7144
6761,42.39,5,1,5,0.1,0.001,0.4776
6762,47.84,8,1,8,0.1,0.001,0.6046
6763,42.54,5,1,5,0.1,0.001,0.5077
6764,-31.2,3,0,4,0.1,0.001,0.4502
6765,45.36,6,1,6,0.1,0.001,0.7266
6766,43.66,5,1,5,0.1,0.001,0.7315
6767,49.71,9,1,9,0.1,0.001,0.6343
6768,44.19,6,1,6,0.1,0.001,0.5315
6769,49.62,9,1,9,0.1,0.001,0.624
6770,41.1,4,1,4,0.1,0.001,0.524
6771,-34.54,1,0,2,0.1,0.001,0.2302
6772,-34.15,1,0,2,0.1,0.001,0.4234
6773,-30.91,3,0,4,0.1,0.001,0.5214
6774,-26.68,6,0,7,0.1,0.001,0.4742
6775,49.83,9,1,9,0.1,0.001,0.6473
6776,45.96,7,1,7,0.1,0.001,0.5652
6777,-30.75,3,0,4,0.1,0.001,0.5632
6778,47.37,8,1,8,0.1,0.001,0.5463
6779,52.17,10,1,10,0.1,0.001,0.7171
6780,47.46,7,1,7,0.1,0.001,0.7804
6781,-22.68,8,0,9,0.1,0.001,0.5909
6782,41.46,4,1,4,0.1,0.001,0.6152
6783,-28.47,4,0,5,0.1,0.001,0.7057
6784,55.85,13,1,13,0.1,0.001,0.6037
6785,41.07,4,1,4,0.1,0.001,0.5168
6786,-34.4,1,0,2,0.1,0.001,0.3016
6787,-34.15,1,0,2,0.1,0.001,0.4266
6788,-31.07,3,0,4,0.1,0.001,0.4825
6789,44.96,6,1,6,0.1,0.001,0.6605
6790,-24.49,7,0,8,0.1,0.001,0.5635
6791,-32.65,2,0,3,0.1,0.001,0.4491
6792,-16.22,11,0,12,0.1,0.001,0.7317
6793,50.92,10,1,10,0.1,0.001,0.5917
6794,-32.72,2,0,3,0.1,0.001,0.4263
6795,39.25,3,1,3,0.1,0.001,0.4153
6796,-34.42,1,0,2,0.1,0.001,0.2885
6797,-32.9,2,0,3,0.1,0.001,0.3651
6798,-29.37,4,0,5,0.1,0.001,0.5267
6799,-32.86,2,0,3,0.1,0.001,0.3797
6800,-34.44,1,0,2,0.1,0.001,0.2809
6801,-34.44,1,0,2,0.1,0.001,0.2817
6802,48.4,8,1,8,0.1,0.001,0.6751
6803,36.19,1,1,1,0.1,0.001,0.1916
6804,42.8,5,1,5,0.1,0.001,0.5591
6805,-29.66,4,0,5,0.1,0.001,0.4672
6806,-34.41,1,0,2,0.1,0.001,0.296
6807,43.25,5,1,5,0.1,0.001,0.6503
6808,42.9,5,1,5,0.1,0.001,0.5794
6809,39.39,3,1,3,0.1,0.001,0.464
6810,-34.42,1,0,2,0.1,0.001,0.2902
6811,-25.99,6,0,7,0.1,0.001,0.5729
6812,42.22,5,1,5,0.1,0.001,0.4432
6813,-17.02,11,0,12,0.1,0.001,0.6651
6814,52.54,10,1,10,0.1,0.001,0.7539
6815,-20.51,10,0,11,0.1,0.001,0.4992
6816,-23.38,8,0,9,0.1,0.001,0.5129
6817,54.85,13,1,13,0.1,0.001,0.5265
6818,-26.64,6,0,7,0.1,0.001,0.4807
6819,53.14,12,1,12,0.1,0.001,0.5118
6820,-21.5,8,0,9,0.1,0.001,0.7219
6821,47.81,8,1,8,0.1,0.001,0.6009
6822,-20.95,9,0,10,0.1,0.001,0.6053
6823,-23.57,7,0,8,0.1,0.001,0.6782
6824,-25.7,6,0,7,0.1,0.001,0.6138
6825,49.9,10,1,10,0.1,0.001,0.4897
6826,52.45,10,1,10,0.1,0.001,0.7447
6827,41.3,4,1,4,0.1,0.001,0.5739
6828,-32.87,2,0,3,0.1,0.001,0.3781
6829,42.66,5,1,5,0.1,0.001,0.532
6830,-25.65,6,0,7,0.1,0.001,0.622
6831,54.76,12,1,12,0.1,0.001,0.6466
6832,47.79,9,1,9,0.1,0.001,0.421
6833,37.8,2,1,2,0.1,0.001,0.4022
6834,-28.08,5,0,6,0.1,0.001,0.4873
6835,44.32,6,1,6,0.1,0.001,0.5534
6836,40.78,4,1,4,0.1,0.001,0.4454
6837,49.29,9,1,9,0.1,0.001,0.5873
6838,48.93,9,1,9,0.1,0.001,0.5483
6839,-26.21,6,0,7,0.1,0.001,0.5413
6840,-34.55,1,0,2,0.1,0.001,0.2268
6841,40.7,4,1,4,0.1,0.001,0.4248
6842,-34.11,1,0,2,0.1,0.001,0.4473
6843,-30.33,4,0,5,0.1,0.001,0.3334
6844,-31.24,3,0,4,0.1,0.001,0.4407
6845,-25.63,6,0,7,0.1,0.001,0.6236
6846,40.9,4,1,4,0.1,0.001,0.4739
6847,51.9,11,1,11,0.1,0.001,0.5361
6848,56.57,14,1,14,0.1,0.001,0.5409
6849,-29.51,4,0,5,0.1,0.001,0.4986
6850,-33.15,2,0,3,0.1,0.001,0.2834
6851,-30.72,3,0,4,0.1,0.001,0.569
6852,45.93,7,1,7,0.1,0.001,0.5617
6853,-27.97,5,0,6,0.1,0.001,0.5051
6854,59.31,15,1,15,0.1,0.001,0.6204
6855,42.65,5,1,5,0.1,0.001,0.531
6856,46.62,7,1,7,0.1,0.001,0.6598
6857,-30.91,3,0,4,0.1,0.001,0.5233
6858,-25.96,6,0,7,0.1,0.001,0.5775
6859,-28.42,5,0,6,0.1,0.001,0.4304
6860,43.44,5,1,5,0.1,0.001,0.6871
6861,36.19,1,1,1,0.1,0.001,0.1923
6862,-34.16,1,0,2,0.1,0.001,0.422
6863,-18.35,10,0,11,0.1,0.001,0.695
6864,51.96,11,1,11,0.1,0.001,0.5414
6865,47.29,7,1,7,0.1,0.001,0.7553
6866,51.22,10,1,10,0.1,0.001,0.6217
6867,-32.15,2,0,3,0.1,0.001,0.6169
6868,39.53,3,1,3,0.1,0.001,0.5094
6869,48.26,8,1,8,0.1,0.001,0.6576
6870,-21.8,9,0,10,0.1,0.001,0.5199
6871,44.74,6,1,6,0.1,0.001,0.6237
6872,51.17,10,1,10,0.1,0.001,0.6168
6873,-34.39,1,0,2,0.1,0.001,0.3047
6874,46.42,7,1,7,0.1,0.001,0.6312
6875,46.32,7,1,7,0.1,0.001,0.6173
6876,47.03,7,1,7,0.1,0.001,0.7183
6877,53.88,11,1,11,0.1,0.001,0.7161
6878,51.42,10,1,10,0.1,0.001,0.6425
6879,-23.99,7,0,8,0.1,0.001,0.6264
6880,-21.27,9,0,10,0.1,0.001,0.5735
6881,41.4,4,1,4,0.1,0.001,0.5992
6882,-29.5,4,0,5,0.1,0.001,0.5004
6883,37.95,2,1,2,0.1,0.001,0.473
6884,-29.47,4,0,5,0.1,0.001,0.5056
6885,-15.35,12,0,13,0.1,0.001,0.6658
6886,48.05,8,1,8,0.1,0.001,0.6309
6887,48.29,8,1,8,0.1,0.001,0.6613
6888,-26.35,6,0,7,0.1,0.001,0.5208
6889,-31.05,3,0,4,0.1,0.001,0.4867
6890,48.85,8,1,8,0.1,0.001,0.7318
6891,-32.66,2,0,3,0.1,0.001,0.4468
6892,39.45,3,1,3,0.1,0.001,0.4841
6893,-29.64,4,0,5,0.1,0.001,0.4725
6894,47.31,8,1,8,0.1,0.001,0.5386
6895,42.56,5,1,5,0.1,0.001,0.512
6896,-26.39,6,0,7,0.1,0.001,0.5156
6897,54.28,12,1,12,0.1,0.001,0.6065
6898,40.99,4,1,4,0.1,0.001,0.4964
6899,44.2,6,1,6,0.1,0.001,0.5335
6900,-25.35,6,0,7,0.1,0.001,0.6638
6901,50.33,9,1,9,0.1,0.001,0.7032
6902,55.87,13,1,13,0.1,0.001,0.6058
6903,46.49,7,1,7,0.1,0.001,0.6414
6904,-25.78,6,0,7,0.1,0.001,0.6033
6905,-29.85,4,0,5,0.1,0.001,0.4291
6906,41.38,4,1,4,0.1,0.001,0.594
6907,39.59,3,1,3,0.1,0.001,0.5299
6908,-30.61,3,0,4,0.1,0.001,0.5984
6909,36.18,1,1,1,0.1,0.001,0.181
6910,-29.89,4,0,5,0.1,0.001,0.4222
6911,47.04,7,1,7,0.1,0.001,0.7199
6912,40.61,4,1,4,0.1,0.001,0.4014
6913,-24.22,7,0,8,0.1,0.001,0.5976
6914,39.31,3,1,3,0.1,0.001,0.4361
6915,-30.04,4,0,5,0.1,0.001,0.3917
6916,-34.49,1,0,2,0.1,0.001,0.2526
6917,53.48,11,1,11,0.1,0.001,0.6798
6918,39.17,3,1,3,0.1,0.001,0.3913
6919,49.0,9,1,9,0.1,0.001,0.5561
6920,46.19,7,1,7,0.1,0.001,0.5985
6921,49.28,9,1,9,0.1,0.001,0.5867
6922,-23.19,8,0,9,0.1,0.001,0.5343
6923,46.17,7,1,7,0.1,0.001,0.5958
6924,41.52,4,1,4,0.1,0.001,0.6298
6925,42.55,5,1,5,0.1,0.001,0.5094
6926,-34.15,1,0,2,0.1,0.001,0.423
6927,-29.32,4,0,5,0.1,0.001,0.5354
6928,-34.2,1,0,2,0.1,0.001,0.3981
6929,39.29,3,1,3,0.1,0.001,0.4292
6930,47.12,8,1,8,0.1,0.001,0.5152
6931,47.04,8,1,8,0.1,0.001,0.5049
6932,-9.58,15,0,16,0.1,0.001,0.7137
6933,-26.4,6,0,7,0.1,0.001,0.5138
6934,46.85,7,1,7,0.1,0.001,0.6922
6935,41.03,4,1,4,0.1,0.001,0.5081
6936,47.29,8,1,8,0.1,0.001,0.5356
6937,42.74,5,1,5,0.1,0.001,0.5483
6938,55.59,13,1,13,0.1,0.001,0.5839
6939,43.31,5,1,5,0.1,0.001,0.662
6940,39.11,3,1,3,0.1,0.001,0.3694
6941,42.72,5,1,5,0.1,0.001,0.543
6942,48.17,9,1,9,0.1,0.001,0.4639
6943,-34.59,1,0,2,0.1,0.001,0.2069
6944,46.22,7,1,7,0.1,0.001,0.603
6945,60.14,15,1,15,0.1,0.001,0.6762
6946,46.43,7,1,7,0.1,0.001,0.6332
6947,44.26,6,1,6,0.1,0.001,0.5438
6948,43.0,5,1,5,0.1,0.001,0.6007
6949,-24.44,7,0,8,0.1,0.001,0.5703
6950,46.24,7,1,7,0.1,0.001,0.6057
6951,44.28,6,1,6,0.1,0.001,0.5467
6952,-25.06,7,0,8,0.1,0.001,0.492
6953,46.11,7,1,7,0.1,0.001,0.587
6954,43.8,6,1,6,0.1,0.001,0.4668
6955,41.57,4,1,4,0.1,0.001,0.642
6956,-31.28,3,0,4,0.1,0.001,0.4298
6957,-25.86,6,0,7,0.1,0.001,0.5912
6958,-34.07,1,0,2,0.1,0.001,0.4649
6959,44.84,6,1,6,0.1,0.001,0.6406
6960,-32.24,2,0,3,0.1,0.001,0.5881
6961,42.82,5,1,5,0.1,0.001,0.5645
6962,-27.03,5,0,6,0.1,0.001,0.6615
6963,40.97,4,1,4,0.1,0.001,0.4915
6964,-34.22,1,0,2,0.1,0.001,0.3913
6965,39.0,3,1,3,0.1,0.001,0.3341
6966,37.83,2,1,2,0.1,0.001,0.4156
6967,43.75,6,1,6,0.1,0.001,0.4586
6968,51.67,10,1,10,0.1,0.001,0.6672
6969,44.99,6,1,6,0.1,0.001,0.6645
6970,45.42,7,1,7,0.1,0.001,0.4892
6971,46.78,8,1,8,0.1,0.001,0.4731
6972,46.41,7,1,7,0.1,0.001,0.6297
6973,-34.15,1,0,2,0.1,0.001,0.423
6974,-29.09,4,0,5,0.1,0.001,0.5818
6975,45.58,7,1,7,0.1,0.001,0.5116
6976,-31.73,3,0,4,0.1,0.001,0.3172
6977,52.95,11,1,11,0.1,0.001,0.6314
6978,42.76,5,1,5,0.1,0.001,0.5514
6979,-26.29,6,0,7,0.1,0.001,0.5307
6980,42.52,5,1,5,0.1,0.001,0.5039
6981,-29.59,4,0,5,0.1,0.001,0.4815
6982,54.24,12,1,12,0.1,0.001,0.603
6983,42.55,5,1,5,0.1,0.001,0.5107
6984,-27.94,5,0,6,0.1,0.001,0.5101
6985,-34.2,1,0,2,0.1,0.001,0.4
6986,42.64,5,1,5,0.1,0.001,0.5273
6987,40.98,4,1,4,0.1,0.001,0.4938
6988,-28.95,4,0,5,0.1,0.001,0.6104
6989,53.33,11,1,11,0.1,0.001,0.6668
6990,49.1,9,1,9,0.1,0.001,0.5668
6991,53.16,12,1,12,0.1,0.001,0.5133
6992,-34.14,1,0,2,0.1,0.001,0.4278
6993,-24.52,7,0,8,0.1,0.001,0.5597
6994,-34.19,1,0,2,0.1,0.001,0.4063
6995,49.92,9,1,9,0.1,0.001,0.6582
6996,53.0,12,1,12,0.1,0.001,0.5004
6997,41.9,5,1,5,0.1,0.001,0.3803
6998,47.06,8,1,8,0.1,0.001,0.5074
6999,44.7,6,1,6,0.1,0.001,0.6168
7000,54.85,12,1,12,0.1,0.001,0.6541
7001,-23.02,8,0,9,0.1,0.001,0.5532
7002,39.25,3,1,3,0.1,0.001,0.4163
7003,-27.77,5,0,6,0.1,0.001,0.5379
7004,45.51,6,1,6,0.1,0.001,0.7521
7005,59.43,15,1,15,0.1,0.001,0.6289
7006,-21.79,9,0,10,0.1,0.001,0.5213
7007,39.2,3,1,3,0.1,0.001,0.3991
7008,45.4,7,1,7,0.1,0.001,0.4853
7009,43.24,5,1,5,0.1,0.001,0.6488
7010,39.43,3,1,3,0.1,0.001,0.4754
7011,46.4,7,1,7,0.1,0.001,0.6291
7012,44.05,6,1,6,0.1,0.001,0.5084
7013,-24.18,7,0,8,0.1,0.001,0.6024
7014,-19.07,10,0,11,0.1,0.001,0.6298
7015,43.77,6,1,6,0.1,0.001,0.4616
7016,49.56,9,1,9,0.1,0.001,0.6175
7017,-22.99,8,0,9,0.1,0.001,0.5569
7018,43.09,5,1,5,0.1,0.001,0.6186
7019,-27.3,5,0,6,0.1,0.001,0.6162
7020,53.87,11,1,11,0.1,0.001,0.7158
7021,41.34,4,1,4,0.1,0.001,0.5848
7022,46.4,7,1,7,0.1,0.001,0.6287
7023,53.15,11,1,11,0.1,0.001,0.6503
7024,-26.56,5,0,6,0.1,0.001,0.7402
7025,-27.71,5,0,6,0.1,0.001,0.5491
7026,44.49,6,1,6,0.1,0.001,0.5808
7027,-34.48,1,0,2,0.1,0.001,0.261
7028,-32.73,2,0,3,0.1,0.001,0.4239
7029,40.83,4,1,4,0.1,0.001,0.4577
7030,41.34,4,1,4,0.1,0.001,0.5855
7031,-34.39,1,0,2,0.1,0.001,0.3036
7032,43.01,5,1,5,0.1,0.001,0.6024
7033,-26.51,6,0,7,0.1,0.001,0.4983
7034,-34.46,1,0,2,0.1,0.001,0.2721
7035,44.21,6,1,6,0.1,0.001,0.5353
7036,48.75,8,1,8,0.1,0.001,0.7185
7037,-24.16,7,0,8,0.1,0.001,0.6048
7038,43.7,6,1,6,0.1,0.001,0.4507
7039,-22.28,8,0,9,0.1,0.001,0.6357
7040,51.24,9,1,9,0.1,0.001,0.804
7041,42.89,5,1,5,0.1,0.001,0.5777
7042,42.91,5,1,5,0.1,0.001,0.5816
7043,49.59,9,1,9,0.1,0.001,0.6213
7044,39.45,3,1,3,0.1,0.001,0.4833
7045,45.49,6,1,6,0.1,0.001,0.7485
7046,43.2,5,1,5,0.1,0.001,0.6403
7047,42.53,5,1,5,0.1,0.001,0.5054
7048,51.88,10,1,10,0.1,0.001,0.6883
7049,46.83,7,1,7,0.1,0.001,0.6904
7050,-30.74,3,0,4,0.1,0.001,0.5649
7051,49.28,9,1,9,0.1,0.001,0.5867
7052,-24.46,7,0,8,0.1,0.001,0.5673
7053,41.15,4,1,4,0.1,0.001,0.5385
7054,62.03,16,1,16,0.1,0.001,0.6893
7055,42.66,5,1,5,0.1,0.001,0.5329
7056,44.51,6,1,6,0.1,0.001,0.5847
7057,-34.3,1,0,2,0.1,0.001,0.3522
7058,43.99,6,1,6,0.1,0.001,0.4984
7059,-32.85,2,0,3,0.1,0.001,0.3832
7060,41.22,4,1,4,0.1,0.001,0.5553
7061,-32.52,2,0,3,0.1,0.001,0.4925
7062,-34.04,1,0,2,0.1,0.001,0.4802
7063,43.3,5,1,5,0.1,0.001,0.6599
7064,-34.58,1,0,2,0.1,0.001,0.2077
7065,46.24,7,1,7,0.1,0.001,0.6055
7066,46.2,7,1,7,0.1,0.001,0.6002
7067,42.29,5,1,5,0.1,0.001,0.4586
7068,-33.18,2,0,3,0.1,0.001,0.2725
7069,47.93,8,1,8,0.1,0.001,0.6159
7070,-34.22,1,0,2,0.1,0.001,0.3904
7071,39.83,3,1,3,0.1,0.001,0.6104
7072,-27.47,5,0,6,0.1,0.001,0.5876
7073,55.17,12,1,12,0.1,0.001,0.6811
7074,-17.18,11,0,12,0.1,0.001,0.6519
7075,52.8,11,1,11,0.1,0.001,0.618
7076,44.88,6,1,6,0.1,0.001,0.6466
7077,-34.51,1,0,2,0.1,0.001,0.2465
7078,-31.57,3,0,4,0.1,0.001,0.3565
7079,-13.55,14,0,15,0.1,0.001,0.5632
7080,42.54,5,1,5,0.1,0.001,0.5072
7081,44.52,6,1,6,0.1,0.001,0.5868
7082,45.71,7,1,7,0.1,0.001,0.5303
7083,-34.46,1,0,2,0.1,0.001,0.2707
7084,-29.65,4,0,5,0.1,0.001,0.4696
7085,44.4,6,1,6,0.1,0.001,0.5661
7086,-34.15,1,0,2,0.1,0.001,0.4275
7087,39.42,3,1,3,0.1,0.001,0.4743
7088,59.94,15,1,15,0.1,0.001,0.6627
7089,-34.2,1,0,2,0.1,0.001,0.4003
7090,-29.49,4,0,5,0.1,0.001,0.5019
7091,47.36,8,1,8,0.1,0.001,0.545
7092,-21.42,9,0,10,0.1,0.001,0.5585
7093,44.81,6,1,6,0.1,0.001,0.6358
7094,-12.24,14,0,15,0.1,0.001,0.6504
7095,45.39,7,1,7,0.1,0.001,0.4846
7096,51.87,11,1,11,0.1,0.001,0.5334
7097,52.31,11,1,11,0.1,0.001,0.5735
7098,-32.9,2,0,3,0.1,0.001,0.368
7099,-17.42,12,0,13,0.1,0.001,0.5058
7100,49.43,9,1,9,0.1,0.001,0.6038
7101,-30.92,3,0,4,0.1,0.001,0.5198
7102,46.13,7,1,7,0.1,0.001,0.5896
7103,-34.49,1,0,2,0.1,0.001,0.2554
7104,-23.25,8,0,9,0.1,0.001,0.5281
7105,-32.63,2,0,3,0.1,0.001,0.4576
7106,-27.55,5,0,6,0.1,0.001,0.5755
7107,45.86,7,1,7,0.1,0.001,0.5509
7108,-32.87,2,0,3,0.1,0.001,0.3769
7109,45.83,7,1,7,0.1,0.001,0.5476
7110,44.36,6,1,6,0.1,0.001,0.5603
7111,-30.23,3,0,4,0.1,0.001,0.6927
7112,39.55,3,1,3,0.1,0.001,0.5157
7113,-26.8,6,0,7,0.1,0.001,0.4573
7114,42.84,5,1,5,0.1,0.001,0.5684
7115,46.03,7,1,7,0.1,0.001,0.5752
7116,49.53,8,1,8,0.1,0.001,0.8161
7117,54.92,13,1,13,0.1,0.001,0.5327
7118,46.21,7,1,7,0.1,0.001,0.6013
7119,51.91,11,1,11,0.1,0.001,0.5371
7120,-32.4,2,0,3,0.1,0.001,0.532
7121,49.99,9,1,9,0.1,0.001,0.666
7122,-34.27,1,0,2,0.1,0.001,0.3664
7123,44.31,6,1,6,0.1,0.001,0.552
7124,48.14,9,1,9,0.1,0.001,0.4604
7125,43.86,6,1,6,0.1,0.001,0.4771
7126,-19.49,10,0,11,0.1,0.001,0.5914
7127,46.09,7,1,7,0.1,0.001,0.584
7128,44.55,6,1,6,0.1,0.001,0.5921
7129,-26.41,6,0,7,0.1,0.001,0.5126
7130,-23.56,7,0,8,0.1,0.001,0.6805
7131,46.86,8,1,8,0.1,0.001,0.4821
7132,54.02,12,1,12,0.1,0.001,0.5853
7133,41.35,4,1,4,0.1,0.001,0.5864
7134,42.85,5,1,5,0.1,0.001,0.571
7135,54.6,12,1,12,0.1,0.001,0.6333
7136,50.45,10,1,10,0.1,0.001,0.5446
7137,56.75,12,1,12,0.1,0.001,0.8128
7138,-29.31,4,0,5,0.1,0.001,0.5373
7139,-25.06,7,0,8,0.1,0.001,0.4927
7140,-31.13,3,0,4,0.1,0.001,0.4683
7141,49.89,9,1,9,0.1,0.001,0.654
7142,-15.46,13,0,14,0.1,0.001,0.5386
7143,-27.76,5,0,6,0.1,0.001,0.5395
7144,-27.47,5,0,6,0.1,0.001,0.589
7145,43.68,6,1,6,0.1,0.001,0.447
7146,-31.06,3,0,4,0.1,0.001,0.4847
7147,39.72,3,1,3,0.1,0.001,0.5723
7148,-21.45,9,0,10,0.1,0.001,0.5548
7149,52.22,10,1,10,0.1,0.001,0.7224
7150,58.14,14,1,14,0.1,0.001,0.6532
7151,-26.55,6,0,7,0.1,0.001,0.4929
7152,49.42,9,1,9,0.1,0.001,0.602
7153,-34.21,1,0,2,0.1,0.001,0.3967
7154,50.77,10,1,10,0.1,0.001,0.5771
7155,-28.09,5,0,6,0.1,0.001,0.4849
7156,-29.9,4,0,5,0.1,0.001,0.4207
7157,53.16,12,1,12,0.1,0.001,0.5133
7158,52.46,11,1,11,0.1,0.001,0.5869
7159,39.48,3,1,3,0.1,0.001,0.4947
7160,50.88,10,1,10,0.1,0.001,0.5876
7161,48.29,9,1,9,0.1,0.001,0.4763
7162,50.75,10,1,10,0.1,0.001,0.5753
7163,46.04,7,1,7,0.1,0.001,0.5767
7164,39.39,3,1,3,0.1,0.001,0.4623
7165,62.38,16,1,16,0.1,0.001,0.7115
7166,-28.04,5,0,6,0.1,0.001,0.4938
7167,58.98,15,1,15,0.1,0.001,0.5987
7168,51.02,10,1,10,0.1,0.001,0.6019
7169,-34.24,1,0,2,0.1,0.001,0.3782
7170,-26.39,6,0,7,0.1,0.001,0.5152
7171,42.96,5,1,5,0.1,0.001,0.5926
7172,53.52,12,1,12,0.1,0.001,0.5436
7173,42.79,5,1,5,0.1,0.001,0.5578
7174,41.0,4,1,4,0.1,0.001,0.501
7175,-34.41,1,0,2,0.1,0.001,0.2972
7176,-32.77,2,0,3,0.1,0.001,0.4104
7177,51.27,10,1,10,0.1,0.001,0.6272
7178,-34.27,1,0,2,0.1,0.001,0.3629
7179,52.17,11,1,11,0.1,0.001,0.5612
7180,39.73,3,1,3,0.1,0.001,0.5773
7181,-24.2,7,0,8,0.1,0.001,0.6006
7182,-28.63,5,0,6,0.1,0.001,0.3947
7183,-34.42,1,0,2,0.1,0.001,0.2923
7184,52.59,11,1,11,0.1,0.001,0.5994
7185,-34.45,1,0,2,0.1,0.001,0.2771
7186,37.49,2,1,2,0.1,0.001,0.2432
7187,43.9,6,1,6,0.1,0.001,0.4839
7188,44.49,6,1,6,0.1,0.001,0.5825
7189,56.74,13,1,13,0.1,0.001,0.6719
7190,51.36,10,1,10,0.1,0.001,0.6362
7191,-29.61,4,0,5,0.1,0.001,0.4782
7192,40.95,4,1,4,0.1,0.001,0.4868
7193,45.75,7,1,7,0.1,0.001,0.5361
7194,-26.21,6,0,7,0.1,0.001,0.5412
7195,49.99,10,1,10,0.1,0.001,0.4989
7196,50.62,10,1,10,0.1,0.001,0.5624
7197,51.42,10,1,10,0.1,0.001,0.6418
7198,47.69,8,1,8,0.1,0.001,0.5863
7199,50.7,10,1,10,0.1,0.001,0.5702
7200,52.29,11,1,11,0.1,0.001,0.5716
7201,47.22,8,1,8,0.1,0.001,0.5277
7202,50.18,9,1,9,0.1,0.001,0.6862
7203,-22.54,8,0,9,0.1,0.001,0.6072
7204,-24.15,7,0,8,0.1,0.001,0.6067
7205,50.09,10,1,10,0.1,0.001,0.5093
7206,-34.34,1,0,2,0.1,0.001,0.3312
7207,48.85,9,1,9,0.1,0.001,0.5391
7208,49.63,9,1,9,0.1,0.001,0.6255
7209,60.52,16,1,16,0.1,0.001,0.5948
7210,46.85,8,1,8,0.1,0.001,0.4809
7211,-24.2,7,0,8,0.1,0.001,0.6004
7212,42.12,5,1,5,0.1,0.001,0.4236
7213,39.52,3,1,3,0.1,0.001,0.5051
7214,46.23,7,1,7,0.1,0.001,0.6037
7215,-30.3,4,0,5,0.1,0.001,0.3404
7216,40.9,4,1,4,0.1,0.001,0.4754
7217,-25.68,6,0,7,0.1,0.001,0.6177
7218,-29.26,4,0,5,0.1,0.001,0.5476
7219,52.86,10,1,10,0.1,0.001,0.7856
7220,-27.53,5,0,6,0.1,0.001,0.579
7221,-26.94,5,0,6,0.1,0.001,0.6761
7222,43.87,6,1,6,0.1,0.001,0.478
7223,-23.03,8,0,9,0.1,0.001,0.5527
7224,52.66,11,1,11,0.1,0.001,0.6052
7225,-26.55,6,0,7,0.1,0.001,0.4925
7226,48.99,9,1,9,0.1,0.001,0.5542
7227,47.81,8,1,8,0.1,0.001,0.6011
7228,41.0,4,1,4,0.1,0.001,0.4993
7229,-22.69,8,0,9,0.1,0.001,0.5899
7230,41.11,4,1,4,0.1,0.001,0.5263
7231,-31.38,3,0,4,0.1,0.001,0.4062
7232,57.59,14,1,14,0.1,0.001,0.6135
7233,45.33,7,1,7,0.1,0.001,0.4764
7234,45.42,7,1,7,0.1,0.001,0.4893
7235,-26.2,6,0,7,0.1,0.001,0.5425
7236,47.99,8,1,8,0.1,0.001,0.6238
7237,41.21,4,1,4,0.1,0.001,0.5513
7238,44.13,6,1,6,0.1,0.001,0.522
7239,46.18,7,1,7,0.1,0.001,0.597
7240,42.08,5,1,5,0.1,0.001,0.4151
7241,44.9,6,1,6,0.1,0.001,0.6498
7242,36.2,1,1,1,0.1,0.001,0.2007
7243,40.87,4,1,4,0.1,0.001,0.4673
7244,59.35,14,1,14,0.1,0.001,0.7391
7245,39.58,3,1,3,0.1,0.001,0.5264
7246,45.95,7,1,7,0.1,0.001,0.5646
7247,-29.34,4,0,5,0.1,0.001,0.532
7248,-28.22,5,0,6,0.1,0.001,0.4629
7249,39.59,3,1,3,0.1,0.001,0.53
7250,-22.95,9,0,10,0.1,0.001,0.4045
7251,-29.69,4,0,5,0.1,0.001,0.4628
7252,-34.17,1,0,2,0.1,0.001,0.4163
7253,44.06,6,1,6,0.1,0.001,0.5094
7254,-25.86,6,0,7,0.1,0.001,0.592
7255,56.31,12,1,12,0.1,0.001,0.7756
7256,-31.25,3,0,4,0.1,0.001,0.4387
7257,56.27,13,1,13,0.1,0.001,0.636
7258,-32.98,2,0,3,0.1,0.001,0.3405
7259,39.15,3,1,3,0.1,0.001,0.3835
7260,-34.21,1,0,2,0.1,0.001,0.3929
7261,43.72,6,1,6,0.1,0.001,0.4534
7262,-24.99,7,0,8,0.1,0.001,0.501
7263,42.22,5,1,5,0.1,0.001,0.4443
7264,45.74,7,1,7,0.1,0.001,0.5348
7265,47.13,8,1,8,0.1,0.001,0.5162
7266,50.73,10,1,10,0.1,0.001,0.5728
7267,-34.21,1,0,2,0.1,0.001,0.3925
7268,42.3,5,1,5,0.1,0.001,0.4604
7269,49.16,9,1,9,0.1,0.001,0.5739
7270,52.85,11,1,11,0.1,0.001,0.6231
7271,44.67,6,1,6,0.1,0.001,0.6113
7272,56.98,14,1,14,0.1,0.001,0.5697
7273,-32.78,2,0,3,0.1,0.001,0.4055
7274,50.73,10,1,10,0.1,0.001,0.5727
7275,48.67,9,1,9,0.1,0.001,0.519
7276,54.21,12,1,12,0.1,0.001,0.6007
7277,41.18,4,1,4,0.1,0.001,0.5444
7278,-24.26,7,0,8,0.1,0.001,0.5929
7279,52.25,11,1,11,0.1,0.001,0.5682
7280,37.8,2,1,2,0.1,0.001,0.4005
7281,44.02,6,1,6,0.1,0.001,0.5033
7282,42.71,5,1,5,0.1,0.001,0.5425
7283,-23.32,8,0,9,0.1,0.001,0.5203
7284,36.2,1,1,1,0.1,0.001,0.203
7285,-33.09,2,0,3,0.1,0.001,0.3049
7286,47.56,8,1,8,0.1,0.001,0.57
7287,45.54,7,1,7,0.1,0.001,0.5063
7288,47.85,8,1,8,0.1,0.001,0.6061
7289,50.79,10,1,10,0.1,0.001,0.5793
7290,44.42,6,1,6,0.1,0.001,0.5702
7291,-25.73,6,0,7,0.1,0.001,0.6094
7292,-23.65,8,0,9,0.1,0.001,0.4838
7293,41.07,4,1,4,0.1,0.001,0.5181
7294,48.7,9,1,9,0.1,0.001,0.5224
7295,-34.55,1,0,2,0.1,0.001,0.2264
7296,-25.03,7,0,8,0.1,0.001,0.4963
7297,50.34,10,1,10,0.1,0.001,0.5345
7298,-32.95,2,0,3,0.1,0.001,0.3485
7299,37.59,2,1,2,0.1,0.001,0.2949
7300,-23.69,8,0,9,0.1,0.001,0.4792
7301,47.35,8,1,8,0.1,0.001,0.5442
7302,-34.17,1,0,2,0.1,0.001,0.415
7303,-34.42,1,0,2,0.1,0.001,0.2889
7304,59.2,15,1,15,0.1,0.001,0.6132
7305,40.9,4,1,4,0.1,0.001,0.4751
7306,47.28,8,1,8,0.1,0.001,0.5347
7307,47.37,8,1,8,0.1,0.001,0.5465
7308,49.06,9,1,9,0.1,0.001,0.5619
7309,42.26,5,1,5,0.1,0.001,0.4522
7310,-34.48,1,0,2,0.1,0.001,0.2618
7311,-33.05,2,0,3,0.1,0.001,0.3176
7312,-32.45,2,0,3,0.1,0.001,0.5159
7313,-34.12,1,0,2,0.1,0.001,0.4387
7314,41.17,4,1,4,0.1,0.001,0.5431
7315,-34.43,1,0,2,0.1,0.001,0.2846
7316,52.01,11,1,11,0.1,0.001,0.5465
7317,-31.06,3,0,4,0.1,0.001,0.4852
7318,50.31,10,1,10,0.1,0.001,0.5315
7319,43.22,5,1,5,0.1,0.001,0.6441
7320,45.54,7,1,7,0.1,0.001,0.5059
7321,-29.54,4,0,5,0.1,0.001,0.4913
7322,-33.23,2,0,3,0.1,0.001,0.2558
7323,-28.59,5,0,6,0.1,0.001,0.4014
7324,55.9,13,1,13,0.1,0.001,0.6081
7325,45.66,7,1,7,0.1,0.001,0.5225
7326,45.7,7,1,7,0.1,0.001,0.5279
7327,40.54,4,1,4,0.1,0.001,0.3846
7328,40.97,4,1,4,0.1,0.001,0.4929
7329,48.69,9,1,9,0.1,0.001,0.5214
7330,39.52,3,1,3,0.1,0.001,0.5073
7331,-31.05,3,0,4,0.1,0.001,0.4874
7332,39.51,3,1,3,0.1,0.001,0.5031
7333,53.42,11,1,11,0.1,0.001,0.6741
7334,-29.61,4,0,5,0.1,0.001,0.4777
7335,43.17,5,1,5,0.1,0.001,0.6333
7336,-33.06,2,0,3,0.1,0.001,0.3148
7337,57.07,14,1,14,0.1,0.001,0.5767
7338,53.6,11,1,11,0.1,0.001,0.6913
7339,-34.44,1,0,2,0.1,0.001,0.2815
7340,-30.83,3,0,4,0.1,0.001,0.5424
7341,-30.87,3,0,4,0.1,0.001,0.5325
7342,59.37,15,1,15,0.1,0.001,0.6245
7343,45.79,7,1,7,0.1,0.001,0.542
7344,-25.8,6,0,7,0.1,0.001,0.6002
7345,-25.54,6,0,7,0.1,0.001,0.6366
7346,-28.11,5,0,6,0.1,0.001,0.4815
7347,43.22,5,1,5,0.1,0.001,0.6438
7348,45.68,7,1,7,0.1,0.001,0.5258
7349,-17.33,11,0,12,0.1,0.001,0.639
7350,-33.06,2,0,3,0.1,0.001,0.312
7351,47.19,8,1,8,0.1,0.001,0.5234
7352,39.5,3,1,3,0.1,0.001,0.5009
7353,-22.72,8,0,9,0.1,0.001,0.5865
7354,-24.3,7,0,8,0.1,0.001,0.5879
7355,49.13,9,1,9,0.1,0.001,0.5704
7356,-19.44,10,0,11,0.1,0.001,0.5961
7357,40.95,4,1,4,0.1,0.001,0.4878
7358,-19.32,11,0,12,0.1,0.001,0.4735
7359,62.86,17,1,17,0.1,0.001,0.6389
7360,43.97,6,1,6,0.1,0.001,0.4957
7361,57.02,14,1,14,0.1,0.001,0.5732
7362,-28.05,5,0,6,0.1,0.001,0.4917
7363,54.22,13,1,13,0.1,0.001,0.4782
7364,39.2,3,1,3,0.1,0.001,0.4009
7365,-34.52,1,0,2,0.1,0.001,0.2398
7366,-24.71,7,0,8,0.1,0.001,0.5359
7367,39.64,3,1,3,0.1,0.001,0.5467
7368,46.76,8,1,8,0.1,0.001,0.4702
7369,-34.5,1,0,2,0.1,0.001,0.2521
7370,-19.43,11,0,12,0.1,0.001,0.464
7371,-32.63,2,0,3,0.1,0.001,0.4559
7372,42.1,5,1,5,0.1,0.001,0.4198
7373,55.21,13,1,13,0.1,0.001,0.5545
7374,-31.18,3,0,4,0.1,0.001,0.455
7375,43.45,6,1,6,0.1,0.001,0.4079
7376,-23.13,8,0,9,0.1,0.001,0.5414
7377,-29.64,4,0,5,0.1,0.001,0.4717
7378,-31.39,3,0,4,0.1,0.001,0.4034
7379,-34.27,1,0,2,0.1,0.001,0.3651
7380,45.51,7,1,7,0.1,0.001,0.5014
7381,-22.08,8,0,9,0.1,0.001,0.6581
7382,46.7,8,1,8,0.1,0.001,0.4626
7383,39.31,3,1,3,0.1,0.001,0.4358
7384,-34.49,1,0,2,0.1,0.001,0.2535
7385,-31.29,3,0,4,0.1,0.001,0.4263
7386,50.09,9,1,9,0.1,0.001,0.6767
7387,44.32,6,1,6,0.1,0.001,0.5535
7388,-26.56,6,0,7,0.1,0.001,0.491
7389,60.84,16,1,16,0.1,0.001,0.6148
7390,-32.77,2,0,3,0.1,0.001,0.4111
7391,40.68,4,1,4,0.1,0.001,0.4201
7392,-21.89,9,0,10,0.1,0.001,0.5106
7393,39.57,3,1,3,0.1,0.001,0.5238
7394,48.98,9,1,9,0.1,0.001,0.5532
7395,53.32,12,1,12,0.1,0.001,0.5263
7396,48.38,9,1,9,0.1,0.001,0.4864
7397,39.58,3,1,3,0.1,0.001,0.5256
7398,45.25,7,1,7,0.1,0.001,0.4642
7399,44.69,6,1,6,0.1,0.001,0.6145
7400,42.8,5,1,5,0.1,0.001,0.5595
7401,-27.78,5,0,6,0.1,0.001,0.5361
7402,44.52,6,1,6,0.1,0.001,0.5871
7403,48.38,9,1,9,0.1,0.001,0.4862
7404,39.2,3,1,3,0.1,0.001,0.4013
7405,52.98,11,1,11,0.1,0.001,0.6343
7406,55.74,11,1,11,0.1,0.001,0.885
7407,44.27,6,1,6,0.1,0.001,0.5449
7408,40.57,4,1,4,0.1,0.001,0.3922
7409,-24.32,7,0,8,0.1,0.001,0.5853
7410,45.85,7,1,7,0.1,0.001,0.55
7411,-30.69,3,0,4,0.1,0.001,0.5775
7412,-30.69,3,0,4,0.1,0.001,0.5769
7413,59.66,15,1,15,0.1,0.001,0.644
7414,39.31,3,1,3,0.1,0.001,0.4356
7415,-31.31,3,0,4,0.1,0.001,0.4219
7416,-27.42,5,0,6,0.1,0.001,0.5961
7417,44.72,6,1,6,0.1,0.001,0.6198
7418,45.45,7,1,7,0.1,0.001,0.4923
7419,48.41,9,1,9,0.1,0.001,0.4904
7420,51.97,11,1,11,0.1,0.001,0.5426
7421,-24.69,7,0,8,0.1,0.001,0.5382
7422,-24.2,7,0,8,0.1,0.001,0.6005
7423,41.99,5,1,5,0.1,0.001,0.3986
7424,48.76,9,1,9,0.1,0.001,0.5286
7425,-24.45,7,0,8,0.1,0.001,0.5689
7426,42.52,5,1,5,0.1,0.001,0.5031
7427,-34.25,1,0,2,0.1,0.001,0.3766
7428,48.83,9,1,9,0.1,0.001,0.5367
7429,49.74,9,1,9,0.1,0.001,0.6376
7430,44.06,6,1,6,0.1,0.001,0.5103
7431,39.31,3,1,3,0.1,0.001,0.4381
7432,-26.17,6,0,7,0.1,0.001,0.5466
7433,-31.2,3,0,4,0.1,0.001,0.4507
7434,-31.13,3,0,4,0.1,0.001,0.468
7435,-30.8,3,0,4,0.1,0.001,0.5498
7436,-30.75,3,0,4,0.1,0.001,0.5625
7437,-28.21,5,0,6,0.1,0.001,0.4654
7438,-25.23,7,0,8,0.1,0.001,0.4715
7439,-27.57,5,0,6,0.1,0.001,0.571
7440,47.98,8,1,8,0.1,0.001,0.6222
7441,42.57,5,1,5,0.1,0.001,0.5146
7442,-19.05,10,0,11,0.1,0.001,0.6321
7443,56.45,13,1,13,0.1,0.001,0.6499
7444,46.98,8,1,8,0.1,0.001,0.4974
7445,-28.09,5,0,6,0.1,0.001,0.4846
7446,55.65,13,1,13,0.1,0.001,0.5888
7447,-30.91,3,0,4,0.1,0.001,0.5237
7448,-31.52,3,0,4,0.1,0.001,0.37
7449,-20.56,10,0,11,0.1,0.001,0.4946
7450,-32.92,2,0,3,0.1,0.001,0.3595
7451,44.16,6,1,6,0.1,0.001,0.5268
7452,-34.52,1,0,2,0.1,0.001,0.2423
7453,53.67,11,1,11,0.1,0.001,0.6974
7454,58.88,14,1,14,0.1,0.001,0.7056
7455,53.97,11,1,11,0.1,0.001,0.7245
7456,54.87,13,1,13,0.1,0.001,0.5288
7457,43.69,6,1,6,0.1,0.001,0.4485
7458,46.36,8,1,8,0.1,0.001,0.4202
7459,45.91,7,1,7,0.1,0.001,0.5586
7460,40.98,4,1,4,0.1,0.001,0.4957
7461,-31.04,3,0,4,0.1,0.001,0.4898
7462,-34.08,1,0,2,0.1,0.001,0.4603
7463,48.1,8,1,8,0.1,0.001,0.6377
7464,51.04,10,1,10,0.1,0.001,0.6036
7465,50.63,10,1,10,0.1,0.001,0.5629
7466,-22.56,8,0,9,0.1,0.001,0.6047
7467,50.7,10,1,10,0.1,0.001,0.5695
7468,36.18,1,1,1,0.1,0.001,0.1802
7469,-28.08,5,0,6,0.1,0.001,0.4869
7470,46.32,7,1,7,0.1,0.001,0.6173
7471,48.86,9,1,9,0.1,0.001,0.5399
7472,42.58,5,1,5,0.1,0.001,0.5159
7473,43.01,5,1,5,0.1,0.001,0.6023
7474,42.37,5,1,5,0.1,0.001,0.4746
7475,45.79,7,1,7,0.1,0.001,0.5411
7476,-29.7,4,0,5,0.1,0.001,0.4604
7477,-32.72,2,0,3,0.1,0.001,0.4265
7478,-32.86,2,0,3,0.1,0.001,0.3796
7479,46.88,8,1,8,0.1,0.001,0.4848
7480,55.91,13,1,13,0.1,0.001,0.6086
7481,-32.64,2,0,3,0.1,0.001,0.4549
7482,46.61,8,1,8,0.1,0.001,0.4516
7483,47.53,8,1,8,0.1,0.001,0.5667
7484,44.63,6,1,6,0.1,0.001,0.6055
7485,47.43,8,1,8,0.1,0.001,0.5539
7486,-28.25,5,0,6,0.1,0.001,0.4587
7487,-34.35,1,0,2,0.1,0.001,0.3251
7488,-33.08,2,0,3,0.1,0.001,0.3064
7489,-30.61,3,0,4,0.1,0.001,0.5985
7490,50.2,10,1,10,0.1,0.001,0.52
7491,58.37,14,1,14,0.1,0.001,0.6694
7492,46.95,8,1,8,0.1,0.001,0.4942
7493,-34.31,1,0,2,0.1,0.001,0.3443
7494,50.83,10,1,10,0.1,0.001,0.5827
7495,49.5,9,1,9,0.1,0.001,0.6112
7496,-26.87,6,0,7,0.1,0.001,0.4469
7497,49.39,9,1,9,0.1,0.001,0.5989
7498,45.2,7,1,7,0.1,0.001,0.4567
7499,-34.12,1,0,2,0.1,0.001,0.4402
7500,-32.81,2,0,3,0.1,0.001,0.3978
7501,48.66,9,1,9,0.1,0.001,0.5178
7502,45.07,7,1,7,0.1,0.001,0.4383
7503,-33.08,2,0,3,0.1,0.001,0.3053
7504,40.59,4,1,4,0.1,0.001,0.3977
7505,45.45,7,1,7,0.1,0.001,0.4922
7506,-34.33,1,0,2,0.1,0.001,0.3367
7507,-28.17,5,0,6,0.1,0.001,0.4722
7508,39.16,3,1,3,0.1,0.001,0.3856
7509,-26.41,6,0,7,0.1,0.001,0.5132
7510,-34.42,1,0,2,0.1,0.001,0.2876
7511,-24.52,7,0,8,0.1,0.001,0.5602
7512,-34.43,1,0,2,0.1,0.001,0.2851
7513,-27.85,5,0,6,0.1,0.001,0.5246
7514,-26.87,6,0,7,0.1,0.001,0.4469
7515,42.43,5,1,5,0.1,0.001,0.4851
7516,46.84,8,1,8,0.1,0.001,0.4798
7517,-33.24,2,0,3,0.1,0.001,0.2545
7518,45.39,7,1,7,0.1,0.001,0.4838
7519,-22.06,9,0,10,0.1,0.001,0.4943
7520,42.4,5,1,5,0.1,0.001,0.48
7521,-33.07,2,0,3,0.1,0.001,0.3112
7522,-30.05,4,0,5,0.1,0.001,0.3909
7523,45.63,7,1,7,0.1,0.001,0.518
7524,45.04,7,1,7,0.1,0.001,0.4348
7525,40.76,4,1,4,0.1,0.001,0.441
7526,51.55,11,1,11,0.1,0.001,0.5044
7527,63.04,18,1,18,0.1,0.001,0.5578
7528,51.99,10,1,10,0.1,0.001,0.6986
7529,59.01,16,1,16,0.1,0.001,0.5004
7530,-31.24,3,0,4,0.1,0.001,0.4412
7531,-26.23,6,0,7,0.1,0.001,0.5392
7532,60.87,15,1,15,0.1,0.001,0.725
7533,52.06,11,1,11,0.1,0.001,0.5513
7534,48.27,9,1,9,0.1,0.001,0.4747
7535,-34.56,1,0,2,0.1,0.001,0.2194
7536,59.8,16,1,16,0.1,0.001,0.5503
7537,-33.17,2,0,3,0.1,0.001,0.2772
7538,-34.58,1,0,2,0.1,0.001,0.2121
7539,42.96,5,1,5,0.1,0.001,0.5915
7540,-29.23,4,0,5,0.1,0.001,0.5541
7541,47.44,8,1,8,0.1,0.001,0.5544
7542,-31.15,3,0,4,0.1,0.001,0.4616
7543,47.69,9,1,9,0.1,0.001,0.4103
7544,47.42,8,1,8,0.1,0.001,0.5523
7545,39.02,3,1,3,0.1,0.001,0.3416
7546,41.17,4,1,4,0.1,0.001,0.5434
7547,48.73,9,1,9,0.1,0.001,0.5255
7548,51.26,11,1,11,0.1,0.001,0.4782
7549,-23.04,9,0,10,0.1,0.001,0.3957
7550,41.79,5,1,5,0.1,0.001,0.3582
7551,-31.78,3,0,4,0.1,0.001,0.3054
7552,50.8,11,1,11,0.1,0.001,0.4361
7553,-29.18,4,0,5,0.1,0.001,0.5637
7554,50.97,10,1,10,0.1,0.001,0.5973
7555,-34.5,1,0,2,0.1,0.001,0.248
7556,46.16,7,1,7,0.1,0.001,0.5936
7557,46.48,8,1,8,0.1,0.001,0.4345
7558,-34.43,1,0,2,0.1,0.001,0.2843
7559,56.07,14,1,14,0.1,0.001,0.5048
7560,47.72,8,1,8,0.1,0.001,0.5895
7561,43.52,6,1,6,0.1,0.001,0.4202
7562,42.92,5,1,5,0.1,0.001,0.5832
7563,-22.03,9,0,10,0.1,0.001,0.4971
7564,37.73,2,1,2,0.1,0.001,0.3645
7565,-23.87,8,0,9,0.1,0.001,0.4592
7566,46.67,8,1,8,0.1,0.001,0.4586
7567,-30.92,3,0,4,0.1,0.001,0.5194
7568,49.67,10,1,10,0.1,0.001,0.4673
7569,-31.0,3,0,4,0.1,0.001,0.4991
7570,-30.69,3,0,4,0.1,0.001,0.5767
7571,39.16,3,1,3,0.1,0.001,0.3877
7572,45.07,7,1,7,0.1,0.001,0.4391
7573,42.8,5,1,5,0.1,0.001,0.5607
7574,54.55,12,1,12,0.1,0.001,0.6294
7575,-22.2,9,0,10,0.1,0.001,0.48
7576,-28.08,5,0,6,0.1,0.001,0.4861
7577,62.59,17,1,17,0.1,0.001,0.6227
7578,39.22,3,1,3,0.1,0.001,0.4076
7579,37.71,2,1,2,0.1,0.001,0.3544
7580,37.85,2,1,2,0.1,0.001,0.4255
7581,-34.25,1,0,2,0.1,0.001,0.3742
7582,43.92,6,1,6,0.1,0.001,0.4866
7583,45.69,7,1,7,0.1,0.001,0.5273
7584,-29.93,4,0,5,0.1,0.001,0.4135
7585,-29.66,4,0,5,0.1,0.001,0.4675
7586,44.26,6,1,6,0.1,0.001,0.5433
7587,40.86,4,1,4,0.1,0.001,0.4651
7588,59.22,14,1,14,0.1,0.001,0.7299
7589,-34.32,1,0,2,0.1,0.001,0.3418
7590,-21.68,9,0,10,0.1,0.001,0.532
7591,43.37,5,1,5,0.1,0.001,0.6735
7592,40.94,4,1,4,0.1,0.001,0.484
7593,46.61,8,1,8,0.1,0.001,0.4508
7594,-34.16,1,0,2,0.1,0.001,0.4178
7595,50.77,10,1,10,0.1,0.001,0.5768
7596,-19.38,10,0,11,0.1,0.001,0.6014
7597,47.99,8,1,8,0.1,0.001,0.6232
7598,42.51,5,1,5,0.1,0.001,0.503
7599,-32.98,2,0,3,0.1,0.001,0.3415
7600,-34.27,1,0,2,0.1,0.001,0.3672
7601,-34.17,1,0,2,0.1,0.001,0.4136
7602,41.44,4,1,4,0.1,0.001,0.6105
7603,48.8,9,1,9,0.1,0.001,0.5334
7604,51.66,11,1,11,0.1,0.001,0.5147
7605,37.74,2,1,2,0.1,0.001,0.3684
7606,55.47,13,1,13,0.1,0.001,0.5746
7607,42.36,5,1,5,0.1,0.001,0.4712
7608,46.04,7,1,7,0.1,0.001,0.5775
7609,-29.77,4,0,5,0.1,0.001,0.4466
7610,42.64,5,1,5,0.1,0.001,0.5274
7611,50.87,10,1,10,0.1,0.001,0.5869
7612,-34.05,1,0,2,0.1,0.001,0.4765
7613,42.82,5,1,5,0.1,0.001,0.5641
7614,-25.45,7,0,8,0.1,0.001,0.4438
7615,55.79,13,1,13,0.1,0.001,0.5994
7616,42.32,5,1,5,0.1,0.001,0.4647
7617,42.22,5,1,5,0.1,0.001,0.4447
7618,-32.47,2,0,3,0.1,0.001,0.5094
7619,37.71,2,1,2,0.1,0.001,0.353
7620,-31.69,3,0,4,0.1,0.001,0.328
7621,-34.35,1,0,2,0.1,0.001,0.3241
7622,42.47,5,1,5,0.1,0.001,0.4935
7623,39.42,3,1,3,0.1,0.001,0.475
7624,-26.92,6,0,7,0.1,0.001,0.4402
7625,47.25,8,1,8,0.1,0.001,0.5308
7626,-34.46,1,0,2,0.1,0.001,0.2706
7627,52.08,11,1,11,0.1,0.001,0.5529
7628,-34.55,1,0,2,0.1,0.001,0.2261
7629,-17.99,11,0,12,0.1,0.001,0.5843
7630,52.97,11,1,11,0.1,0.001,0.6334
7631,-22.32,8,0,9,0.1,0.001,0.631
7632,46.37,7,1,7,0.1,0.001,0.6236
7633,45.33,7,1,7,0.1,0.001,0.4756
7634,52.9,12,1,12,0.1,0.001,0.4918
7635,46.74,8,1,8,0.1,0.001,0.4672
7636,48.37,9,1,9,0.1,0.001,0.4861
7637,-34.52,1,0,2,0.1,0.001,0.239
7638,48.84,9,1,9,0.1,0.001,0.5379
7639,-34.56,1,0,2,0.1,0.001,0.2187
7640,-31.1,3,0,4,0.1,0.001,0.4751
7641,-24.86,7,0,8,0.1,0.001,0.5169
7642,40.63,4,1,4,0.1,0.001,0.4082
7643,42.65,5,1,5,0.1,0.001,0.529
7644,58.6,15,1,15,0.1,0.001,0.5735
7645,42.35,5,1,5,0.1,0.001,0.4704
7646,44.05,6,1,6,0.1,0.001,0.509
7647,39.56,3,1,3,0.1,0.001,0.5191
7648,59.22,15,1,15,0.1,0.001,0.6148
7649,-29.45,4,0,5,0.1,0.001,0.51
7650,-25.11,7,0,8,0.1,0.001,0.4866
7651,58.37,16,1,16,0.1,0.001,0.4609
7652,37.55,2,1,2,0.1,0.001,0.2731
7653,56.56,14,1,14,0.1,0.001,0.5397
7654,39.55,3,1,3,0.1,0.001,0.5159
7655,-27.58,5,0,6,0.1,0.001,0.5698
7656,-23.59,8,0,9,0.1,0.001,0.4904
7657,-26.98,6,0,7,0.1,0.001,0.4316
7658,43.65,6,1,6,0.1,0.001,0.4415
7659,47.91,9,1,9,0.1,0.001,0.4345
7660,-34.59,1,0,2,0.1,0.001,0.2069
7661,48.08,8,1,8,0.1,0.001,0.6349
7662,48.06,9,1,9,0.1,0.001,0.4508
7663,38.98,3,1,3,0.1,0.001,0.3276
7664,50.51,10,1,10,0.1,0.001,0.5511
7665,-31.71,3,0,4,0.1,0.001,0.3215
7666,40.86,4,1,4,0.1,0.001,0.4642
7667,47.31,8,1,8,0.1,0.001,0.5388
7668,39.35,3,1,3,0.1,0.001,0.4501
7669,47.09,7,1,7,0.1,0.001,0.7278
7670,-34.49,1,0,2,0.1,0.001,0.2564
7671,43.66,6,1,6,0.1,0.001,0.4439
7672,51.98,11,1,11,0.1,0.001,0.5437
7673,-20.49,9,0,10,0.1,0.001,0.6509
7674,46.4,7,1,7,0.1,0.001,0.6279
7675,44.34,6,1,6,0.1,0.001,0.5568
7676,40.67,4,1,4,0.1,0.001,0.4187
7677,-27.71,5,0,6,0.1,0.001,0.5477
7678,42.2,5,1,5,0.1,0.001,0.4404
7679,42.36,5,1,5,0.1,0.001,0.4716
7680,45.2,7,1,7,0.1,0.001,0.4575
7681,42.18,5,1,5,0.1,0.001,0.4365
7682,42.22,5,1,5,0.1,0.001,0.4448
7683,49.16,9,1,9,0.1,0.001,0.5732
7684,-27.13,5,0,6,0.1,0.001,0.6455
7685,-32.82,2,0,3,0.1,0.001,0.3934
7686,46.19,7,1,7,0.1,0.001,0.5983
7687,43.89,6,1,6,0.1,0.001,0.4823
7688,-34.46,1,0,2,0.1,0.001,0.2693
7689,-30.84,3,0,4,0.1,0.001,0.5398
7690,-30.77,3,0,4,0.1,0.001,0.5579
7691,-24.8,7,0,8,0.1,0.001,0.5256
7692,50.27,10,1,10,0.1,0.001,0.5274
7693,54.13,12,1,12,0.1,0.001,0.5944
7694,51.72,11,1,11,0.1,0.001,0.5204
7695,39.44,3,1,3,0.1,0.001,0.4813
7696,-27.28,6,0,7,0.1,0.001,0.3886
7697,48.72,9,1,9,0.1,0.001,0.5239
7698,39.42,3,1,3,0.1,0.001,0.4728
7699,42.18,5,1,5,0.1,0.001,0.4358
7700,49.75,9,1,9,0.1,0.001,0.6386
7701,-28.04,5,0,6,0.1,0.001,0.4929
7702,47.56,8,1,8,0.1,0.001,0.5699
7703,50.67,10,1,10,0.1,0.001,0.5669
7704,48.69,9,1,9,0.1,0.001,0.5211
7705,-29.38,4,0,5,0.1,0.001,0.5245
7706,-34.49,1,0,2,0.1,0.001,0.2526
7707,-22.09,9,0,10,0.1,0.001,0.4913
7708,-34.52,1,0,2,0.1,0.001,0.2391
7709,42.33,5,1,5,0.1,0.001,0.4666
7710,48.29,9,1,9,0.1,0.001,0.477
7711,40.25,4,1,4,0.1,0.001,0.3121
7712,45.83,7,1,7,0.1,0.001,0.5473
7713,41.13,4,1,4,0.1,0.001,0.5321
7714,-26.46,6,0,7,0.1,0.001,0.5052
7715,-26.54,6,0,7,0.1,0.001,0.4947
7716,-33.19,2,0,3,0.1,0.001,0.2708
7717,-29.51,4,0,5,0.1,0.001,0.4984
7718,43.81,6,1,6,0.1,0.001,0.4679
7719,-32.19,2,0,3,0.1,0.001,0.6041
7720,-33.01,2,0,3,0.1,0.001,0.329
7721,-25.36,7,0,8,0.1,0.001,0.4546
7722,49.3,9,1,9,0.1,0.001,0.5891
7723,-30.24,4,0,5,0.1,0.001,0.3527
7724,50.03,7,1,7,0.1,0.001,1.1475
7725,42.47,5,1,5,0.1,0.001,0.4945
7726,43.38,6,1,6,0.1,0.001,0.3967
7727,-29.65,4,0,5,0.1,0.001,0.4707
7728,42.51,5,1,5,0.1,0.001,0.5014
7729,44.92,7,1,7,0.1,0.001,0.417
7730,-20.88,10,0,11,0.1,0.001,0.4651
7731,-25.07,7,0,8,0.1,0.001,0.4914
7732,-33.06,2,0,3,0.1,0.001,0.3142
7733,-34.52,1,0,2,0.1,0.001,0.2393
7734,40.68,4,1,4,0.1,0.001,0.4192
7735,-31.02,3,0,4,0.1,0.001,0.4949
7736,-32.99,2,0,3,0.1,0.001,0.3363
7737,-24.84,7,0,8,0.1,0.001,0.5203
7738,38.98,3,1,3,0.1,0.001,0.327
7739,50.24,10,1,10,0.1,0.001,0.5235
7740,-34.25,1,0,2,0.1,0.001,0.3738
7741,44.42,6,1,6,0.1,0.001,0.5696
7742,39.18,3,1,3,0.1,0.001,0.3932
7743,42.26,5,1,5,0.1,0.001,0.4525
7744,-32.71,2,0,3,0.1,0.001,0.4312
7745,47.11,8,1,8,0.1,0.001,0.5142
7746,59.58,15,1,15,0.1,0.001,0.6389
7747,43.77,6,1,6,0.1,0.001,0.4609
7748,51.48,11,1,11,0.1,0.001,0.4978
7749,-31.38,3,0,4,0.1,0.001,0.4061
7750,47.54,8,1,8,0.1,0.001,0.5673
7751,49.5,10,1,10,0.1,0.001,0.4504
7752,-28.72,5,0,6,0.1,0.001,0.3797
7753,43.89,6,1,6,0.1,0.001,0.4817
7754,-19.38,10,0,11,0.1,0.001,0.6018
7755,56.28,14,1,14,0.1,0.001,0.5202
7756,-26.2,6,0,7,0.1,0.001,0.5435
7757,39.09,3,1,3,0.1,0.001,0.3646
7758,45.66,7,1,7,0.1,0.001,0.5233
7759,-34.3,1,0,2,0.1,0.001,0.3475
7760,-32.6,2,0,3,0.1,0.001,0.4672
7761,37.85,2,1,2,0.1,0.001,0.4234
7762,41.97,5,1,5,0.1,0.001,0.3933
7763,52.83,12,1,12,0.1,0.001,0.4858
7764,45.63,7,1,7,0.1,0.001,0.5184
7765,42.09,5,1,5,0.1,0.001,0.4189
7766,47.05,8,1,8,0.1,0.001,0.5058
7767,-20.86,9,0,10,0.1,0.001,0.6139
7768,46.12,7,1,7,0.1,0.001,0.5883
7769,44.05,6,1,6,0.1,0.001,0.5084
7770,-31.08,3,0,4,0.1,0.001,0.4809
7771,44.46,7,1,7,0.1,0.001,0.3515
7772,-34.57,1,0,2,0.1,0.001,0.2166
7773,36.17,1,1,1,0.1,0.001,0.166
7774,46.74,8,1,8,0.1,0.001,0.467
7775,-26.69,6,0,7,0.1,0.001,0.4734
7776,42.22,5,1,5,0.1,0.001,0.443
7777,-29.45,4,0,5,0.1,0.001,0.5107
7778,-26.77,6,0,7,0.1,0.001,0.462
7779,61.88,16,1,16,0.1,0.001,0.6803
7780,-34.46,1,0,2,0.1,0.001,0.2701
7781,44.31,6,1,6,0.1,0.001,0.5511
7782,-26.29,6,0,7,0.1,0.001,0.5304
7783,44.02,6,1,6,0.1,0.001,0.5035
7784,40.71,4,1,4,0.1,0.001,0.4276
7785,-25.95,6,0,7,0.1,0.001,0.5792
7786,-25.1,7,0,8,0.1,0.001,0.488
7787,42.73,5,1,5,0.1,0.001,0.5453
7788,-30.79,3,0,4,0.1,0.001,0.552
7789,-32.81,2,0,3,0.1,0.001,0.3954
7790,43.49,6,1,6,0.1,0.001,0.4144
7791,-34.05,1,0,2,0.1,0.001,0.4739
7792,43.27,6,1,6,0.1,0.001,0.379
7793,41.46,4,1,4,0.1,0.001,0.6139
7794,45.37,7,1,7,0.1,0.001,0.4816
7795,40.74,4,1,4,0.1,0.001,0.4357
7796,50.3,10,1,10,0.1,0.001,0.5298
7797,-29.62,4,0,5,0.1,0.001,0.4769
7798,46.34,8,1,8,0.1,0.001,0.4175
7799,46.71,8,1,8,0.1,0.001,0.4643
7800,-26.8,5,0,6,0.1,0.001,0.7002
7801,-31.71,3,0,4,0.1,0.001,0.3218
7802,45.13,7,1,7,0.1,0.001,0.4465
7803,-30.99,3,0,4,0.1,0.001,0.5034
7804,54.65,13,1,13,0.1,0.001,0.5118
7805,-34.61,1,0,2,0.1,0.001,0.1928
7806,-32.81,2,0,3,0.1,0.001,0.3959
7807,51.22,11,1,11,0.1,0.001,0.4742
7808,48.97,9,1,9,0.1,0.001,0.5523
7809,45.37,7,1,7,0.1,0.001,0.4817
7810,46.21,7,1,7,0.1,0.001,0.6014
7811,45.89,7,1,7,0.1,0.001,0.5554
7812,-31.76,3,0,4,0.1,0.001,0.3107
7813,42.64,5,1,5,0.1,0.001,0.5287
7814,40.35,4,1,4,0.1,0.001,0.3386
7815,-33.25,2,0,3,0.1,0.001,0.2485
7816,-14.71,13,0,14,0.1,0.001,0.5924
7817,46.68,7,1,7,0.1,0.001,0.668
7818,-26.75,6,0,7,0.1,0.001,0.4639
7819,43.92,6,1,6,0.1,0.001,0.4869
7820,50.7,10,1,10,0.1,0.001,0.5702
7821,-32.8,2,0,3,0.1,0.001,0.4014
7822,-34.46,1,0,2,0.1,0.001,0.2703
7823,-28.18,5,0,6,0.1,0.001,0.4693
7824,-18.2,11,0,12,0.1,0.001,0.5664
7825,47.64,8,1,8,0.1,0.001,0.5801
7826,52.53,12,1,12,0.1,0.001,0.4611
7827,42.42,5,1,5,0.1,0.001,0.4844
7828,-33.22,2,0,3,0.1,0.001,0.2615
7829,-34.55,1,0,2,0.1,0.001,0.2247
7830,-34.55,1,0,2,0.1,0.001,0.2245
7831,-34.55,1,0,2,0.1,0.001,0.2235
7832,50.68,10,1,10,0.1,0.001,0.5677
7833,54.52,13,1,13,0.1,0.001,0.5017
7834,-25.16,7,0,8,0.1,0.001,0.4797
7835,-23.09,8,0,9,0.1,0.001,0.546
7836,42.36,5,1,5,0.1,0.001,0.4718
7837,43.04,5,1,5,0.1,0.001,0.6085
7838,44.22,6,1,6,0.1,0.001,0.5373
7839,-34.57,1,0,2,0.1,0.001,0.217
7840,49.98,10,1,10,0.1,0.001,0.498
7841,-29.55,4,0,5,0.1,0.001,0.4896
7842,52.95,11,1,11,0.1,0.001,0.6319
7843,47.99,9,1,9,0.1,0.001,0.4432
7844,-32.84,2,0,3,0.1,0.001,0.3857
7845,44.34,6,1,6,0.1,0.001,0.5575
7846,-34.56,1,0,2,0.1,0.001,0.2218
7847,45.62,7,1,7,0.1,0.001,0.5172
7848,51.12,11,1,11,0.1,0.001,0.4656
7849,44.45,6,1,6,0.1,0.001,0.5757
7850,48.31,9,1,9,0.1,0.001,0.4785
7851,39.31,3,1,3,0.1,0.001,0.4354
7852,50.58,10,1,10,0.1,0.001,0.5582
7853,-29.37,4,0,5,0.1,0.001,0.5256
7854,42.3,5,1,5,0.1,0.001,0.4594
7855,-30.85,3,0,4,0.1,0.001,0.5387
7856,-24.14,7,0,8,0.1,0.001,0.6074
7857,45.08,6,1,6,0.1,0.001,0.6799
7858,42.4,5,1,5,0.1,0.001,0.4805
7859,41.08,4,1,4,0.1,0.001,0.5193
7860,-28.07,5,0,6,0.1,0.001,0.4888
7861,53.46,6,1,6,0.1,0.001,2.0765
7862,-24.93,7,0,8,0.1,0.001,0.5094
7863,37.67,2,1,2,0.1,0.001,0.3339
7864,41.01,4,1,4,0.1,0.001,0.5015
7865,45.44,7,1,7,0.1,0.001,0.4908
7866,57.84,12,1,12,0.1,0.001,0.9032
7867,44.16,6,1,6,0.1,0.001,0.5262
7868,50.61,10,1,10,0.1,0.001,0.561
7869,-11.34,15,0,16,0.1,0.001,0.6039
7870,-29.48,4,0,5,0.1,0.001,0.5031
7871,44.09,6,1,6,0.1,0.001,0.515
7872,-34.1,1,0,2,0.1,0.001,0.4494
7873,42.66,5,1,5,0.1,0.001,0.5314
7874,41.53,4,1,4,0.1,0.001,0.6321
7875,-25.61,6,0,7,0.1,0.001,0.6268
7876,45.26,7,1,7,0.1,0.001,0.4659
7877,39.21,3,1,3,0.1,0.001,0.403
7878,39.09,3,1,3,0.1,0.001,0.3617
7879,45.44,7,1,7,0.1,0.001,0.4916
7880,58.04,15,1,15,0.1,0.001,0.5361
7881,45.77,7,1,7,0.1,0.001,0.5389
7882,40.61,4,1,4,0.1,0.001,0.4034
7883,44.0,6,1,6,0.1,0.001,0.4995
7884,-34.28,1,0,2,0.1,0.001,0.36
7885,50.06,10,1,10,0.1,0.001,0.5064
7886,46.91,8,1,8,0.1,0.001,0.4893
7887,52.0,10,1,10,0.1,0.001,0.7004
7888,43.6,6,1,6,0.1,0.001,0.4339
7889,45.98,7,1,7,0.1,0.001,0.5679
7890,51.14,10,1,10,0.1,0.001,0.6137
7891,43.99,6,1,6,0.1,0.001,0.4985
7892,48.01,8,1,8,0.1,0.001,0.626
7893,47.11,8,1,8,0.1,0.001,0.5134
7894,49.08,8,1,8,0.1,0.001,0.7599
7895,36.17,1,1,1,0.1,0.001,0.1691
7896,39.36,3,1,3,0.1,0.001,0.4521
7897,44.71,7,1,7,0.1,0.001,0.3877
7898,-21.12,10,0,11,0.1,0.001,0.4439
7899,54.22,13,1,13,0.1,0.001,0.4783
7900,48.1,9,1,9,0.1,0.001,0.4553
7901,-16.75,12,0,13,0.1,0.001,0.558
7902,50.15,10,1,10,0.1,0.001,0.515
7903,50.68,10,1,10,0.1,0.001,0.5681
7904,49.67,9,1,9,0.1,0.001,0.6296
7905,37.55,2,1,2,0.1,0.001,0.2753
7906,50.64,6,1,6,0.1,0.001,1.6058
7907,40.73,4,1,4,0.1,0.001,0.4327
7908,42.79,5,1,5,0.1,0.001,0.5582
7909,51.92,11,1,11,0.1,0.001,0.5378
7910,44.95,7,1,7,0.1,0.001,0.4216
7911,42.24,5,1,5,0.1,0.001,0.4489
7912,39.48,3,1,3,0.1,0.001,0.4919
7913,40.71,4,1,4,0.1,0.001,0.4265
7914,47.23,8,1,8,0.1,0.001,0.5285
7915,50.94,10,1,10,0.1,0.001,0.5938
7916,47.22,8,1,8,0.1,0.001,0.5281
7917,47.75,9,1,9,0.1,0.001,0.4162
7918,55.5,13,1,13,0.1,0.001,0.5766
7919,-32.87,2,0,3,0.1,0.001,0.376
7920,51.59,11,1,11,0.1,0.001,0.5081
7921,48.93,9,1,9,0.1,0.001,0.5477
7922,47.88,8,1,8,0.1,0.001,0.6105
7923,46.94,8,1,8,0.1,0.001,0.4926
7924,57.04,13,1,13,0.1,0.001,0.6953
7925,42.23,5,1,5,0.1,0.001,0.4468
7926,-24.8,7,0,8,0.1,0.001,0.525
7927,-29.42,4,0,5,0.1,0.001,0.5156
7928,-26.3,6,0,7,0.1,0.001,0.5284
7929,39.35,3,1,3,0.1,0.001,0.4492
7930,-29.64,4,0,5,0.1,0.001,0.4718
7931,39.41,3,1,3,0.1,0.001,0.4711
7932,-34.32,1,0,2,0.1,0.001,0.3423
7933,51.43,10,1,10,0.1,0.001,0.6425
7934,44.01,6,1,6,0.1,0.001,0.5016
7935,39.24,3,1,3,0.1,0.001,0.4124
7936,43.95,6,1,6,0.1,0.001,0.4915
7937,40.76,4,1,4,0.1,0.001,0.4394
7938,40.38,4,1,4,0.1,0.001,0.3453
7939,45.9,7,1,7,0.1,0.001,0.5577
7940,44.47,6,1,6,0.1,0.001,0.5776
7941,47.81,8,1,8,0.1,0.001,0.6016
7942,-26.51,6,0,7,0.1,0.001,0.4992
7943,45.54,7,1,7,0.1,0.001,0.5051
7944,40.95,4,1,4,0.1,0.001,0.488
7945,39.44,3,1,3,0.1,0.001,0.4798
7946,-23.33,8,0,9,0.1,0.001,0.5185
7947,48.64,9,1,9,0.1,0.001,0.5159
7948,50.27,9,1,9,0.1,0.001,0.697
7949,46.17,7,1,7,0.1,0.001,0.5958
7950,49.64,6,1,6,0.1,0.001,1.44
7951,-34.44,1,0,2,0.1,0.001,0.2813
7952,44.9,6,1,6,0.1,0.001,0.6502
7953,42.25,5,1,5,0.1,0.001,0.4493
7954,40.74,4,1,4,0.1,0.001,0.4355
7955,-17.58,11,0,12,0.1,0.001,0.6181
7956,-30.07,4,0,5,0.1,0.001,0.385
7957,46.82,8,1,8,0.1,0.001,0.4772
7958,42.58,5,1,5,0.1,0.001,0.5164
7959,44.15,6,1,6,0.1,0.001,0.5251
7960,53.55,12,1,12,0.1,0.001,0.5457
7961,46.87,8,1,8,0.1,0.001,0.4833
7962,48.44,9,1,9,0.1,0.001,0.4938
7963,44.35,6,1,6,0.1,0.001,0.5591
7964,-27.51,5,0,6,0.1,0.001,0.5811
7965,44.3,6,1,6,0.1,0.001,0.5495
7966,-29.46,4,0,5,0.1,0.001,0.5074
7967,41.23,4,1,4,0.1,0.001,0.5571
7968,49.96,9,1,9,0.1,0.001,0.6626
7969,-26.04,6,0,7,0.1,0.001,0.5657
7970,51.23,10,1,10,0.1,0.001,0.6228
7971,37.63,2,1,2,0.1,0.001,0.3164
7972,45.9,7,1,7,0.1,0.001,0.5576
7973,48.9,9,1,9,0.1,0.001,0.5449
7974,-32.85,2,0,3,0.1,0.001,0.3837
7975,43.76,6,1,6,0.1,0.001,0.4596
7976,-16.62,12,0,13,0.1,0.001,0.5674
7977,47.45,8,1,8,0.1,0.001,0.5557
7978,45.98,7,1,7,0.1,0.001,0.5686
7979,41.05,4,1,4,0.1,0.001,0.5119
7980,45.23,7,1,7,0.1,0.001,0.4611
7981,44.6,6,1,6,0.1,0.001,0.6004
7982,49.36,8,1,8,0.1,0.001,0.7956
7983,43.82,6,1,6,0.1,0.001,0.4692
7984,47.42,8,1,8,0.1,0.001,0.552
7985,-25.85,6,0,7,0.1,0.001,0.5926
7986,-26.5,6,0,7,0.1,0.001,0.5002
7987,-31.17,3,0,4,0.1,0.001,0.4575
7988,41.09,4,1,4,0.1,0.001,0.522
7989,-27.99,5,0,6,0.1,0.001,0.5023
7990,43.62,6,1,6,0.1,0.001,0.437
7991,44.02,6,1,6,0.1,0.001,0.5026
7992,44.95,7,1,7,0.1,0.001,0.421
7993,51.54,11,1,11,0.1,0.001,0.5035
7994,40.7,4,1,4,0.1,0.001,0.4243
7995,40.98,4,1,4,0.1,0.001,0.4946
7996,48.9,9,1,9,0.1,0.001,0.544
7997,56.2,14,1,14,0.1,0.001,0.5143
7998,48.85,9,1,9,0.1,0.001,0.5386
7999,-32.58,2,0,3,0.1,0.001,0.475
8000,-30.55,4,0,5,0.1,0.001,0.2909
8001,40.87,4,1,4,0.1,0.001,0.4681
8002,42.38,5,1,5,0.1,0.001,0.4757
8003,55.82,13,1,13,0.1,0.001,0.6019
8004,47.73,8,1,8,0.1,0.001,0.5909
8005,42.61,5,1,5,0.1,0.001,0.5223
8006,45.64,7,1,7,0.1,0.001,0.5199
8007,59.1,15,1,15,0.1,0.001,0.6066
8008,-34.32,1,0,2,0.1,0.001,0.3407
8009,49.03,9,1,9,0.1,0.001,0.5594
8010,42.24,5,1,5,0.1,0.001,0.4475
8011,-31.52,3,0,4,0.1,0.001,0.369
8012,63.07,11,1,11,0.1,0.001,1.5518
8013,39.48,3,1,3,0.1,0.001,0.4938
8014,48.06,9,1,9,0.1,0.001,0.4513
8015,-15.14,12,0,13,0.1,0.001,0.6815
8016,-29.54,4,0,5,0.1,0.001,0.4926
8017,-28.44,5,0,6,0.1,0.001,0.4263
8018,-29.79,4,0,5,0.1,0.001,0.4417
8019,-30.18,4,0,5,0.1,0.001,0.3633
8020,-33.06,2,0,3,0.1,0.001,0.3138
8021,45.14,7,1,7,0.1,0.001,0.4491
8022,47.92,8,1,8,0.1,0.001,0.6153
8023,-29.78,4,0,5,0.1,0.001,0.4439
8024,-32.9,2,0,3,0.1,0.001,0.368
8025,47.46,8,1,8,0.1,0.001,0.5573
8026,46.82,8,1,8,0.1,0.001,0.4774
8027,44.17,6,1,6,0.1,0.001,0.5282
8028,-26.84,6,0,7,0.1,0.001,0.4518
8029,-19.55,10,0,11,0.1,0.001,0.5866
8030,42.18,5,1,5,0.1,0.001,0.4354
8031,43.62,6,1,6,0.1,0.001,0.4363
8032,45.01,7,1,7,0.1,0.001,0.4305
8033,50.7,10,1,10,0.1,0.001,0.5703
8034,42.45,5,1,5,0.1,0.001,0.4895
8035,-29.78,4,0,5,0.1,0.001,0.4449
8036,45.99,7,1,7,0.1,0.001,0.5701
8037,45.99,7,1,7,0.1,0.001,0.5706
8038,-34.33,1,0,2,0.1,0.001,0.3328
8039,-26.82,6,0,7,0.1,0.001,0.4543
8040,44.27,6,1,6,0.1,0.001,0.5454
8041,46.8,8,1,8,0.1,0.001,0.4744
8042,49.85,9,1,9,0.1,0.001,0.6503
8043,-34.43,1,0,2,0.1,0.001,0.2832
8044,40.89,4,1,4,0.1,0.001,0.4737
8045,-32.95,2,0,3,0.1,0.001,0.3488
8046,-30.2,4,0,5,0.1,0.001,0.36
8047,50.22,10,1,10,0.1,0.001,0.5221
8048,-22.62,9,0,10,0.1,0.001,0.4383
8049,37.68,2,1,2,0.1,0.001,0.339
8050,45.67,7,1,7,0.1,0.001,0.5246
8051,37.91,2,1,2,0.1,0.001,0.4572
8052,51.98,11,1,11,0.1,0.001,0.5434
8053,-32.92,2,0,3,0.1,0.001,0.3612
8054,42.83,5,1,5,0.1,0.001,0.5654
8055,48.67,9,1,9,0.1,0.001,0.5184
8056,47.14,8,1,8,0.1,0.001,0.5176
8057,-26.57,6,0,7,0.1,0.001,0.4903
8058,-34.15,1,0,2,0.1,0.001,0.4229
8059,47.12,8,1,8,0.1,0.001,0.515
8060,46.96,8,1,8,0.1,0.001,0.4948
8061,45.42,7,1,7,0.1,0.001,0.4879
8062,44.48,6,1,6,0.1,0.001,0.5807
8063,42.26,5,1,5,0.1,0.001,0.4522
8064,40.97,4,1,4,0.1,0.001,0.4928
8065,44.98,7,1,7,0.1,0.001,0.4254
8066,52.61,8,1,8,0.1,0.001,1.2009
8067,49.43,9,1,9,0.1,0.001,0.6029
8068,-31.46,3,0,4,0.1,0.001,0.3858
8069,42.12,5,1,5,0.1,0.001,0.4242
8070,45.37,7,1,7,0.1,0.001,0.4813
8071,48.75,9,1,9,0.1,0.001,0.528
8072,63.54,18,1,18,0.1,0.001,0.5857
8073,43.05,6,1,6,0.1,0.001,0.3423
8074,-33.17,2,0,3,0.1,0.001,0.2753
8075,45.58,7,1,7,0.1,0.001,0.5118
8076,50.05,10,1,10,0.1,0.001,0.505
8077,-29.9,4,0,5,0.1,0.001,0.4198
8078,42.44,5,1,5,0.1,0.001,0.487
8079,51.83,11,1,11,0.1,0.001,0.5301
8080,45.13,7,1,7,0.1,0.001,0.4477
8081,50.06,10,1,10,0.1,0.001,0.506
8082,45.4,7,1,7,0.1,0.001,0.4859
8083,-31.74,3,0,4,0.1,0.001,0.3144
8084,42.35,5,1,5,0.1,0.001,0.4707
8085,51.97,11,1,11,0.1,0.001,0.5432
8086,37.66,2,1,2,0.1,0.001,0.3313
8087,57.78,14,1,14,0.1,0.001,0.6275
8088,60.66,16,1,16,0.1,0.001,0.604
8089,-31.19,3,0,4,0.1,0.001,0.4536
8090,41.82,5,1,5,0.1,0.001,0.3636
8091,-17.11,12,0,13,0.1,0.001,0.5301
8092,-32.72,2,0,3,0.1,0.001,0.4252
8093,-16.19,12,0,13,0.1,0.001,0.6008
8094,39.39,3,1,3,0.1,0.001,0.465
8095,43.8,6,1,6,0.1,0.001,0.4674
8096,-17.79,11,0,12,0.1,0.001,0.6005
8097,50.53,10,1,10,0.1,0.001,0.5531
8098,-30.66,3,0,4,0.1,0.001,0.585
8099,-23.56,8,0,9,0.1,0.001,0.4929
8100,61.9,17,1,17,0.1,0.001,0.5823
8101,44.05,6,1,6,0.1,0.001,0.5079
8102,51.74,11,1,11,0.1,0.001,0.5218
8103,45.59,7,1,7,0.1,0.001,0.5129
8104,51.19,11,1,11,0.1,0.001,0.4715
8105,46.56,8,1,8,0.1,0.001,0.4451
8106,-32.86,2,0,3,0.1,0.001,0.3813
8107,47.05,8,1,8,0.1,0.001,0.5059
8108,-28.14,5,0,6,0.1,0.001,0.477
8109,42.5,5,1,5,0.1,0.001,0.4993
8110,46.02,7,1,7,0.1,0.001,0.5747
8111,52.09,10,1,10,0.1,0.001,0.7093
8112,50.15,10,1,10,0.1,0.001,0.5153
8113,46.4,6,1,6,0.1,0.001,0.9
8114,45.9,7,1,7,0.1,0.001,0.5567
8115,-33.05,2,0,3,0.1,0.001,0.3167
8116,56.88,14,1,14,0.1,0.001,0.5629
8117,-34.42,1,0,2,0.1,0.001,0.2886
8118,57.86,13,1,13,0.1,0.001,0.7588
8119,37.92,2,1,2,0.1,0.001,0.4592
8120,-34.46,1,0,2,0.1,0.001,0.2694
8121,45.74,7,1,7,0.1,0.001,0.5346
8122,-31.21,3,0,4,0.1,0.001,0.447
8123,-23.51,8,0,9,0.1,0.001,0.4993
8124,-31.31,3,0,4,0.1,0.001,0.4222
8125,41.48,4,1,4,0.1,0.001,0.6198
8126,-33.24,2,0,3,0.1,0.001,0.2545
8127,65.17,18,1,18,0.1,0.001,0.6759
8128,43.86,6,1,6,0.1,0.001,0.4773
8129,50.42,10,1,10,0.1,0.001,0.5422
8130,50.21,9,1,9,0.1,0.001,0.6903
8131,40.43,4,1,4,0.1,0.001,0.3573
8132,41.02,4,1,4,0.1,0.001,0.5054
8133,-29.58,4,0,5,0.1,0.001,0.4844
8134,43.94,6,1,6,0.1,0.001,0.4907
8135,42.21,4,1,4,0.1,0.001,0.8015
8136,42.32,5,1,5,0.1,0.001,0.4644
8137,47.86,9,1,9,0.1,0.001,0.4286
8138,-31.01,3,0,4,0.1,0.001,0.4983
8139,-27.64,5,0,6,0.1,0.001,0.5608
8140,-22.39,9,0,10,0.1,0.001,0.4613
8141,-31.93,3,0,4,0.1,0.001,0.2685
8142,-30.04,4,0,5,0.1,0.001,0.3929
8143,39.38,3,1,3,0.1,0.001,0.4584
8144,39.66,3,1,3,0.1,0.001,0.5549
8145,47.9,8,1,8,0.1,0.001,0.6128
8146,-34.33,1,0,2,0.1,0.001,0.3374
8147,45.03,6,1,6,0.1,0.001,0.6716
8148,51.1,10,1,10,0.1,0.001,0.6096
8149,-27.63,5,0,6,0.1,0.001,0.5623
8150,49.57,10,1,10,0.1,0.001,0.4574
8151,39.11,3,1,3,0.1,0.001,0.3692
8152,40.71,4,1,4,0.1,0.001,0.4269
8153,42.62,5,1,5,0.1,0.001,0.5236
8154,45.25,6,1,6,0.1,0.001,0.7076
8155,42.22,5,1,5,0.1,0.001,0.4448
8156,-32.95,2,0,3,0.1,0.001,0.3497
8157,42.23,5,1,5,0.1,0.001,0.4469
8158,47.73,8,1,8,0.1,0.001,0.5916
8159,-19.91,11,0,12,0.1,0.001,0.4241
8160,-15.2,13,0,14,0.1,0.001,0.557
8161,46.36,8,1,8,0.1,0.001,0.4196
8162,47.12,8,1,8,0.1,0.001,0.5151
8163,-24.96,7,0,8,0.1,0.001,0.5055
8164,-33.16,2,0,3,0.1,0.001,0.2788
8165,42.32,5,1,5,0.1,0.001,0.4648
8166,45.44,7,1,7,0.1,0.001,0.4912
8167,-33.2,2,0,3,0.1,0.001,0.2655
8168,49.71,9,1,9,0.1,0.001,0.6345
8169,56.65,14,1,14,0.1,0.001,0.5463
8170,47.5,8,1,8,0.1,0.001,0.5627
8171,53.85,12,1,12,0.1,0.001,0.5707
8172,46.08,8,1,8,0.1,0.001,0.3845
8173,48.55,9,1,9,0.1,0.001,0.5055
8174,43.74,6,1,6,0.1,0.001,0.4561
8175,-25.19,7,0,8,0.1,0.001,0.4761
8176,46.21,7,1,7,0.1,0.001,0.6018
8177,-28.56,5,0,6,0.1,0.001,0.4069
8178,43.98,6,1,6,0.1,0.001,0.496
8179,48.94,9,1,9,0.1,0.001,0.5486
8180,42.15,5,1,5,0.1,0.001,0.4293
8181,-24.93,7,0,8,0.1,0.001,0.5084
8182,-22.2,9,0,10,0.1,0.001,0.48
8183,45.86,7,1,7,0.1,0.001,0.5516
8184,43.76,6,1,6,0.1,0.001,0.4597
8185,40.54,4,1,4,0.1,0.001,0.3846
8186,52.93,12,1,12,0.1,0.001,0.4938
8187,-20.34,10,0,11,0.1,0.001,0.5145
8188,-26.83,6,0,7,0.1,0.001,0.4526
8189,-22.47,9,0,10,0.1,0.001,0.4529
8190,-29.52,4,0,5,0.1,0.001,0.4956
8191,-33.28,2,0,3,0.1,0.001,0.2411
8192,47.0,8,1,8,0.1,0.001,0.4994
8193,44.93,7,1,7,0.1,0.001,0.4182
8194,-28.78,5,0,6,0.1,0.001,0.3698
8195,44.3,6,1,6,0.1,0.001,0.5503
8196,54.14,12,1,12,0.1,0.001,0.5948
8197,58.11,14,1,14,0.1,0.001,0.6507
8198,63.27,17,1,17,0.1,0.001,0.6629
8199,42.97,5,1,5,0.1,0.001,0.5931
8200,57.5,14,1,14,0.1,0.001,0.6071
8201,40.68,4,1,4,0.1,0.001,0.4209
8202,37.71,2,1,2,0.1,0.001,0.3537
8203,-32.93,2,0,3,0.1,0.001,0.3579
8204,42.16,5,1,5,0.1,0.001,0.433
8205,48.56,9,1,9,0.1,0.001,0.5065
8206,-32.84,2,0,3,0.1,0.001,0.3857
8207,43.66,6,1,6,0.1,0.001,0.4434
8208,39.23,3,1,3,0.1,0.001,0.4096
8209,47.92,8,1,8,0.1,0.001,0.6151
8210,46.7,8,1,8,0.1,0.001,0.463
8211,-34.34,1,0,2,0.1,0.001,0.3322
8212,42.31,5,1,5,0.1,0.001,0.4617
8213,-34.28,1,0,2,0.1,0.001,0.3616
8214,39.13,3,1,3,0.1,0.001,0.3768
8215,45.58,7,1,7,0.1,0.001,0.5116
8216,-30.16,4,0,5,0.1,0.001,0.3685
8217,39.79,3,1,3,0.1,0.001,0.5959
8218,51.82,10,1,10,0.1,0.001,0.6815
8219,43.63,6,1,6,0.1,0.001,0.4375
8220,44.0,6,1,6,0.1,0.001,0.4999
8221,-32.73,2,0,3,0.1,0.001,0.4225
8222,47.97,8,1,8,0.1,0.001,0.6213
8223,44.25,6,1,6,0.1,0.001,0.5412
8224,42.66,5,1,5,0.1,0.001,0.532
8225,54.26,12,1,12,0.1,0.001,0.6052
8226,-24.04,7,0,8,0.1,0.001,0.6204
8227,39.02,3,1,3,0.1,0.001,0.3399
8228,-26.32,6,0,7,0.1,0.001,0.5257
8229,49.78,10,1,10,0.1,0.001,0.4777
8230,-34.35,1,0,2,0.1,0.001,0.3244
8231,44.33,6,1,6,0.1,0.001,0.5549
8232,40.55,4,1,4,0.1,0.001,0.3866
8233,46.94,8,1,8,0.1,0.001,0.4924
8234,45.79,7,1,7,0.1,0.001,0.5419
8235,42.25,5,1,5,0.1,0.001,0.4498
8236,-31.31,3,0,4,0.1,0.001,0.4214
8237,40.55,4,1,4,0.1,0.001,0.3879
8238,42.08,5,1,5,0.1,0.001,0.4159
8239,43.03,5,1,5,0.1,0.001,0.606
8240,-26.97,6,0,7,0.1,0.001,0.4322
8241,-21.59,9,0,10,0.1,0.001,0.5408
8242,-23.5,8,0,9,0.1,0.001,0.4994
8243,-32.84,2,0,3,0.1,0.001,0.3866
8244,48.79,9,1,9,0.1,0.001,0.5328
8245,-26.64,6,0,7,0.1,0.001,0.4801
8246,45.94,7,1,7,0.1,0.001,0.5629
8247,54.87,13,1,13,0.1,0.001,0.5283
8248,47.09,8,1,8,0.1,0.001,0.5114
8249,43.91,6,1,6,0.1,0.001,0.4845
8250,53.6,11,1,11,0.1,0.001,0.6909
8251,46.4,8,1,8,0.1,0.001,0.4244
8252,-31.07,3,0,4,0.1,0.001,0.4825
8253,49.74,10,1,10,0.1,0.001,0.4738
8254,-32.56,2,0,3,0.1,0.001,0.4808
8255,-29.43,4,0,5,0.1,0.001,0.5136
8256,39.35,3,1,3,0.1,0.001,0.4513
8257,42.36,5,1,5,0.1,0.001,0.4717
8258,43.9,6,1,6,0.1,0.001,0.4827
8259,-19.06,10,0,11,0.1,0.001,0.6311
8260,-30.68,3,0,4,0.1,0.001,0.5806
8261,-33.0,2,0,3,0.1,0.001,0.3337
8262,42.55,5,1,5,0.1,0.001,0.5108
8263,49.7,10,1,10,0.1,0.001,0.4702
8264,48.87,9,1,9,0.1,0.001,0.5412
8265,45.39,7,1,7,0.1,0.001,0.4847
8266,-34.49,1,0,2,0.1,0.001,0.257
8267,-31.45,3,0,4,0.1,0.001,0.3865
8268,39.58,3,1,3,0.1,0.001,0.5277
8269,43.59,6,1,6,0.1,0.001,0.4312
8270,49.7,10,1,10,0.1,0.001,0.4703
8271,44.8,7,1,7,0.1,0.001,0.3999
8272,42.55,5,1,5,0.1,0.001,0.5091
8273,52.68,12,1,12,0.1,0.001,0.473
8274,-34.14,1,0,2,0.1,0.001,0.432
8275,39.29,3,1,3,0.1,0.001,0.4317
8276,-34.5,1,0,2,0.1,0.001,0.2508
8277,48.68,9,1,9,0.1,0.001,0.5198
8278,-34.5,1,0,2,0.1,0.001,0.248
8279,40.97,4,1,4,0.1,0.001,0.4934
8280,-29.74,4,0,5,0.1,0.001,0.4511
8281,45.71,6,1,6,0.1,0.001,0.785
8282,43.49,6,1,6,0.1,0.001,0.4147
8283,-34.51,1,0,2,0.1,0.001,0.2445
8284,47.07,8,1,8,0.1,0.001,0.5081
8285,-20.1,10,0,11,0.1,0.001,0.5363
8286,45.45,7,1,7,0.1,0.001,0.4931
8287,46.67,8,1,8,0.1,0.001,0.4592
8288,43.04,5,1,5,0.1,0.001,0.6088
8289,48.24,9,1,9,0.1,0.001,0.4708
8290,44.88,7,1,7,0.1,0.001,0.4112
8291,51.44,10,1,10,0.1,0.001,0.6444
8292,45.21,7,1,7,0.1,0.001,0.4588
8293,48.46,9,1,9,0.1,0.001,0.4953
8294,48.63,9,1,9,0.1,0.001,0.514
8295,48.32,9,1,9,0.1,0.001,0.4803
8296,-34.28,1,0,2,0.1,0.001,0.3598
8297,50.12,10,1,10,0.1,0.001,0.5116
8298,41.02,4,1,4,0.1,0.001,0.5038
8299,48.54,9,1,9,0.1,0.001,0.5048
8300,41.88,5,1,5,0.1,0.001,0.3769
8301,46.74,8,1,8,0.1,0.001,0.4674
8302,46.97,8,1,8,0.1,0.001,0.4965
8303,46.72,8,1,8,0.1,0.001,0.4646
8304,39.33,3,1,3,0.1,0.001,0.4425
8305,49.8,10,1,10,0.1,0.001,0.4803
8306,54.85,13,1,13,0.1,0.001,0.5269
8307,46.54,8,1,8,0.1,0.001,0.4421
8308,-29.53,4,0,5,0.1,0.001,0.4943
8309,37.68,2,1,2,0.1,0.001,0.3382
8310,41.46,4,1,4,0.1,0.001,0.6153
8311,44.9,7,1,7,0.1,0.001,0.4149
8312,-33.1,2,0,3,0.1,0.001,0.2987
8313,46.12,7,1,7,0.1,0.001,0.5882
8314,39.06,3,1,3,0.1,0.001,0.3528
8315,49.17,9,1,9,0.1,0.001,0.5746
8316,-34.5,1,0,2,0.1,0.001,0.2492
8317,-21.77,9,0,10,0.1,0.001,0.5227
8318,44.34,6,1,6,0.1,0.001,0.5574
8319,43.43,6,1,6,0.1,0.001,0.4057
8320,-30.67,3,0,4,0.1,0.001,0.583
8321,-29.78,4,0,5,0.1,0.001,0.4431
8322,45.5,7,1,7,0.1,0.001,0.4997
8323,40.91,4,1,4,0.1,0.001,0.4775
8324,45.04,7,1,7,0.1,0.001,0.4339
8325,-34.5,1,0,2,0.1,0.001,0.251
8326,59.23,16,1,16,0.1,0.001,0.5145
8327,48.31,9,1,9,0.1,0.001,0.4794
8328,53.78,12,1,12,0.1,0.001,0.5654
8329,50.76,10,1,10,0.1,0.001,0.5757
8330,50.31,10,1,10,0.1,0.001,0.5312
8331,45.22,7,1,7,0.1,0.001,0.4602
8332,-27.76,5,0,6,0.1,0.001,0.5403
8333,40.75,4,1,4,0.1,0.001,0.4365
8334,45.15,7,1,7,0.1,0.001,0.4497
8335,47.13,8,1,8,0.1,0.001,0.5165
8336,45.12,7,1,7,0.1,0.001,0.445
8337,49.46,10,1,10,0.1,0.001,0.4458
8338,43.72,6,1,6,0.1,0.001,0.4527
8339,-32.86,2,0,3,0.1,0.001,0.3795
8340,-34.51,1,0,2,0.1,0.001,0.2465
8341,48.88,9,1,9,0.1,0.001,0.5417
8342,39.67,3,1,3,0.1,0.001,0.5571
8343,-25.61,6,0,7,0.1,0.001,0.6265
8344,51.7,11,1,11,0.1,0.001,0.5184
8345,-34.45,1,0,2,0.1,0.001,0.2764
8346,49.04,9,1,9,0.1,0.001,0.56
8347,47.26,8,1,8,0.1,0.001,0.5329
8348,42.34,5,1,5,0.1,0.001,0.4675
8349,54.45,13,1,13,0.1,0.001,0.4959
8350,-26.11,6,0,7,0.1,0.001,0.5555
8351,-22.18,9,0,10,0.1,0.001,0.4824
8352,-30.19,4,0,5,0.1,0.001,0.3611
8353,56.01,14,1,14,0.1,0.001,0.5008
8354,-29.6,4,0,5,0.1,0.001,0.48
8355,45.57,7,1,7,0.1,0.001,0.5102
8356,51.57,7,1,7,0.1,0.001,1.3674
8357,43.38,6,1,6,0.1,0.001,0.3966
8358,42.26,5,1,5,0.1,0.001,0.4512
8359,42.24,5,1,5,0.1,0.001,0.4471
8360,-32.97,2,0,3,0.1,0.001,0.3442
8361,-25.23,7,0,8,0.1,0.001,0.4718
8362,45.3,7,1,7,0.1,0.001,0.4717
8363,-34.2,1,0,2,0.1,0.001,0.3984
8364,-26.86,6,0,7,0.1,0.001,0.4479
8365,47.36,8,1,8,0.1,0.001,0.5445
8366,49.75,10,1,10,0.1,0.001,0.4746
8367,48.4,9,1,9,0.1,0.001,0.4885
8368,-34.56,1,0,2,0.1,0.001,0.2203
8369,53.09,12,1,12,0.1,0.001,0.5075
8370,-28.33,5,0,6,0.1,0.001,0.4447
8371,-33.13,2,0,3,0.1,0.001,0.2913
8372,49.59,10,1,10,0.1,0.001,0.4593
8373,-24.08,8,0,9,0.1,0.001,0.4358
8374,40.85,4,1,4,0.1,0.001,0.4637
8375,39.32,3,1,3,0.1,0.001,0.4412
8376,43.42,6,1,6,0.1,0.001,0.4036
8377,50.76,11,1,11,0.1,0.001,0.4325
8378,50.1,9,1,9,0.1,0.001,0.6775
8379,-34.56,1,0,2,0.1,0.001,0.2198
8380,48.76,9,1,9,0.1,0.001,0.5291
8381,-11.73,16,0,17,0.1,0.001,0.4862
8382,40.6,4,1,4,0.1,0.001,0.3995
8383,-32.64,2,0,3,0.1,0.001,0.4525
8384,51.06,11,1,11,0.1,0.001,0.4604
8385,62.0,16,1,16,0.1,0.001,0.6874
8386,45.03,7,1,7,0.1,0.001,0.4334
8387,41.93,5,1,5,0.1,0.001,0.3855
8388,50.99,10,1,10,0.1,0.001,0.5989
8389,60.89,17,1,17,0.1,0.001,0.523
8390,45.76,7,1,7,0.1,0.001,0.5375
8391,48.86,9,1,9,0.1,0.001,0.5399
8392,42.35,5,1,5,0.1,0.001,0.4701
8393,-34.55,1,0,2,0.1,0.001,0.2255
8394,-27.38,5,0,6,0.1,0.001,0.6037
8395,-34.55,1,0,2,0.1,0.001,0.2258
8396,44.66,6,1,6,0.1,0.001,0.6104
8397,50.61,11,1,11,0.1,0.001,0.419
8398,48.65,9,1,9,0.1,0.001,0.517
8399,40.75,4,1,4,0.1,0.001,0.4365
8400,53.44,12,1,12,0.1,0.001,0.5369
8401,-31.44,3,0,4,0.1,0.001,0.3897
8402,-33.1,2,0,3,0.1,0.001,0.3016
8403,42.23,5,1,5,0.1,0.001,0.4468
8404,50.19,10,1,10,0.1,0.001,0.5185
8405,47.43,8,1,8,0.1,0.001,0.5537
8406,-30.95,3,0,4,0.1,0.001,0.5133
8407,45.58,7,1,7,0.1,0.001,0.5112
8408,42.16,5,1,5,0.1,0.001,0.4327
8409,39.13,3,1,3,0.1,0.001,0.3765
8410,-31.42,3,0,4,0.1,0.001,0.3951
8411,39.41,3,1,3,0.1,0.001,0.4707
8412,-32.99,2,0,3,0.1,0.001,0.3368
8413,41.11,4,1,4,0.1,0.001,0.5275
8414,46.54,8,1,8,0.1,0.001,0.4428
8415,-29.58,4,0,5,0.1,0.001,0.4845
8416,50.17,10,1,10,0.1,0.001,0.5168
8417,-29.23,4,0,5,0.1,0.001,0.5543
8418,39.28,3,1,3,0.1,0.001,0.4269
8419,-23.99,8,0,9,0.1,0.001,0.4453
8420,-34.52,1,0,2,0.1,0.001,0.2417
8421,-23.21,8,0,9,0.1,0.001,0.5325
8422,51.53,11,1,11,0.1,0.001,0.5029
8423,45.74,7,1,7,0.1,0.001,0.5339
8424,49.46,9,1,9,0.1,0.001,0.6069
8425,-32.97,2,0,3,0.1,0.001,0.3436
8426,46.67,8,1,8,0.1,0.001,0.4588
8427,45.77,7,1,7,0.1,0.001,0.539
8428,-32.63,2,0,3,0.1,0.001,0.4567
8429,-34.33,1,0,2,0.1,0.001,0.3344
8430,62.33,18,1,18,0.1,0.001,0.5184
8431,-23.28,8,0,9,0.1,0.001,0.5246
8432,-23.23,8,0,9,0.1,0.001,0.5303
8433,-34.52,1,0,2,0.1,0.001,0.2416
8434,-29.17,4,0,5,0.1,0.001,0.5651
8435,45.15,7,1,7,0.1,0.001,0.4502
8436,-25.84,6,0,7,0.1,0.001,0.5944
8437,-34.51,1,0,2,0.1,0.001,0.2427
8438,-34.54,1,0,2,0.1,0.001,0.2291
8439,54.43,12,1,12,0.1,0.001,0.6189
8440,42.91,5,1,5,0.1,0.001,0.5814
8441,52.22,10,1,10,0.1,0.001,0.7224
8442,-25.69,6,0,7,0.1,0.001,0.6161
8443,-21.72,9,0,10,0.1,0.001,0.5283
8444,48.01,9,1,9,0.1,0.001,0.4459
8445,-34.19,1,0,2,0.1,0.001,0.4028
8446,46.79,8,1,8,0.1,0.001,0.4734
8447,46.35,8,1,8,0.1,0.001,0.4192
8448,-34.53,1,0,2,0.1,0.001,0.2373
8449,-34.53,1,0,2,0.1,0.001,0.2366
8450,41.36,4,1,4,0.1,0.001,0.5893
8451,-29.97,4,0,5,0.1,0.001,0.4054
8452,49.51,9,1,9,0.1,0.001,0.6125
8453,41.03,4,1,4,0.1,0.001,0.5074
8454,40.9,4,1,4,0.1,0.001,0.4738
8455,-31.22,3,0,4,0.1,0.001,0.4445
8456,-34.56,1,0,2,0.1,0.001,0.2215
8457,-34.56,1,0,2,0.1,0.001,0.2214
8458,50.7,10,1,10,0.1,0.001,0.5698
8459,52.94,12,1,12,0.1,0.001,0.4953
8460,-27.52,5,0,6,0.1,0.001,0.5801
8461,-28.5,5,0,6,0.1,0.001,0.4163
8462,46.64,8,1,8,0.1,0.001,0.4548
8463,45.45,7,1,7,0.1,0.001,0.4933
8464,-25.7,6,0,7,0.1,0.001,0.614
8465,41.32,4,1,4,0.1,0.001,0.5806
8466,-27.11,6,0,7,0.1,0.001,0.4129
8467,-28.63,5,0,6,0.1,0.001,0.3953
8468,-27.01,6,0,7,0.1,0.001,0.427
8469,50.02,9,1,9,0.1,0.001,0.6688
8470,48.6,9,1,9,0.1,0.001,0.5115
8471,-34.24,1,0,2,0.1,0.001,0.3783
8472,-31.25,3,0,4,0.1,0.001,0.437
8473,45.65,7,1,7,0.1,0.001,0.5211
8474,46.17,8,1,8,0.1,0.001,0.3956
8475,-27.63,5,0,6,0.1,0.001,0.5609
8476,47.29,8,1,8,0.1,0.001,0.5358
8477,-18.64,10,0,11,0.1,0.001,0.6692
8478,40.56,4,1,4,0.1,0.001,0.3911
8479,43.58,6,1,6,0.1,0.001,0.4293
8480,-28.06,5,0,6,0.1,0.001,0.4894
8481,45.06,7,1,7,0.1,0.001,0.4366
8482,40.87,4,1,4,0.1,0.001,0.4684
8483,40.66,4,1,4,0.1,0.001,0.4153
8484,44.19,6,1,6,0.1,0.001,0.5324
8485,-34.28,1,0,2,0.1,0.001,0.3624
8486,45.05,7,1,7,0.1,0.001,0.4355
8487,43.8,6,1,6,0.1,0.001,0.4662
8488,-31.39,3,0,4,0.1,0.001,0.403
8489,49.54,10,1,10,0.1,0.001,0.4537
8490,40.73,4,1,4,0.1,0.001,0.432
8491,49.41,9,1,9,0.1,0.001,0.6016
8492,-25.65,6,0,7,0.1,0.001,0.6218
8493,53.17,12,1,12,0.1,0.001,0.5144
8494,49.0,9,1,9,0.1,0.001,0.5558
8495,51.42,11,1,11,0.1,0.001,0.4929
8496,46.91,8,1,8,0.1,0.001,0.4891
8497,48.76,9,1,9,0.1,0.001,0.5284
8498,49.02,10,1,10,0.1,0.001,0.4015
8499,44.4,6,1,6,0.1,0.001,0.5664
8500,52.94,12,1,12,0.1,0.001,0.4951
8501,51.52,11,1,11,0.1,0.001,0.5016
8502,-29.35,4,0,5,0.1,0.001,0.53
8503,45.37,7,1,7,0.1,0.001,0.4816
8504,45.54,7,1,7,0.1,0.001,0.5059
8505,53.07,12,1,12,0.1,0.001,0.506
8506,53.28,12,1,12,0.1,0.001,0.5231
8507,40.47,4,1,4,0.1,0.001,0.3671
8508,51.72,11,1,11,0.1,0.001,0.5203
8509,-17.59,11,0,12,0.1,0.001,0.6177
8510,-34.22,1,0,2,0.1,0.001,0.388
8511,-23.94,8,0,9,0.1,0.001,0.451
8512,45.67,7,1,7,0.1,0.001,0.5249
8513,-31.62,3,0,4,0.1,0.001,0.345
8514,-32.01,2,0,3,0.1,0.001,0.6629
8515,45.74,7,1,7,0.1,0.001,0.5346
8516,40.6,4,1,4,0.1,0.001,0.3991
8517,44.44,6,1,6,0.1,0.001,0.5739
8518,47.36,8,1,8,0.1,0.001,0.5456
8519,47.21,8,1,8,0.1,0.001,0.526
8520,-33.17,2,0,3,0.1,0.001,0.2753
8521,45.02,7,1,7,0.1,0.001,0.4318
8522,-30.16,4,0,5,0.1,0.001,0.368
8523,44.15,6,1,6,0.1,0.001,0.5253
8524,43.91,6,1,6,0.1,0.001,0.4852
8525,-31.42,3,0,4,0.1,0.001,0.3957
8526,37.87,2,1,2,0.1,0.001,0.4372
8527,50.26,10,1,10,0.1,0.001,0.5257
8528,-34.56,1,0,2,0.1,0.001,0.2194
8529,50.87,11,1,11,0.1,0.001,0.4425
8530,42.04,5,1,5,0.1,0.001,0.409
8531,39.3,3,1,3,0.1,0.001,0.4323
8532,-31.61,3,0,4,0.1,0.001,0.3482
8533,-32.42,2,0,3,0.1,0.001,0.5252
8534,46.0,7,1,7,0.1,0.001,0.5721
8535,45.31,7,1,7,0.1,0.001,0.4734
8536,43.85,6,1,6,0.1,0.001,0.4752
8537,39.68,3,1,3,0.1,0.001,0.5586
8538,44.45,6,1,6,0.1,0.001,0.575
8539,47.58,8,1,8,0.1,0.001,0.5728
8540,50.67,10,1,10,0.1,0.001,0.5675
8541,42.15,5,1,5,0.1,0.001,0.4297
8542,43.52,6,1,6,0.1,0.001,0.4193
8543,48.95,10,1,10,0.1,0.001,0.3953
8544,-34.58,1,0,2,0.1,0.001,0.2082
8545,47.39,9,1,9,0.1,0.001,0.3767
8546,-29.59,4,0,5,0.1,0.001,0.4814
8547,47.18,8,1,8,0.1,0.001,0.5226
8548,39.09,3,1,3,0.1,0.001,0.3646
8549,57.22,14,1,14,0.1,0.001,0.5871
8550,-27.87,5,0,6,0.1,0.001,0.521
8551,44.21,6,1,6,0.1,0.001,0.5357
8552,44.23,6,1,6,0.1,0.001,0.5391
8553,44.02,6,1,6,0.1,0.001,0.5034
8554,45.17,7,1,7,0.1,0.001,0.4532
8555,-27.41,6,0,7,0.1,0.001,0.3702
8556,50.85,10,1,10,0.1,0.001,0.5852
8557,55.12,12,1,12,0.1,0.001,0.6767
8558,42.02,5,1,5,0.1,0.001,0.4039
8559,-32.9,2,0,3,0.1,0.001,0.3664
8560,48.21,9,1,9,0.1,0.001,0.4675
8561,-32.32,2,0,3,0.1,0.001,0.5614
8562,45.45,7,1,7,0.1,0.001,0.4933
8563,42.48,5,1,5,0.1,0.001,0.4967
8564,45.48,7,1,7,0.1,0.001,0.4973
8565,59.36,15,1,15,0.1,0.001,0.6243
8566,-27.0,6,0,7,0.1,0.001,0.4287
8567,-13.63,14,0,15,0.1,0.001,0.5581
8568,46.83,8,1,8,0.1,0.001,0.4787
8569,46.98,8,1,8,0.1,0.001,0.498
8570,39.48,3,1,3,0.1,0.001,0.4944
8571,48.42,9,1,9,0.1,0.001,0.4913
8572,42.19,5,1,5,0.1,0.001,0.4372
8573,52.95,12,1,12,0.1,0.001,0.4957
8574,55.74,13,1,13,0.1,0.001,0.5952
8575,-31.31,3,0,4,0.1,0.001,0.4228
8576,-23.32,8,0,9,0.1,0.001,0.52
8577,37.84,2,1,2,0.1,0.001,0.4217
8578,-28.08,5,0,6,0.1,0.001,0.4865
8579,-31.37,3,0,4,0.1,0.001,0.4078
8580,39.45,3,1,3,0.1,0.001,0.4835
8581,50.15,10,1,10,0.1,0.001,0.5154
8582,46.79,8,1,8,0.1,0.001,0.4741
8583,45.82,7,1,7,0.1,0.001,0.546
8584,49.91,10,1,10,0.1,0.001,0.491
8585,42.3,5,1,5,0.1,0.001,0.4597
8586,46.29,8,1,8,0.1,0.001,0.4112
8587,-34.21,1,0,2,0.1,0.001,0.3967
8588,-33.14,2,0,3,0.1,0.001,0.2859
8589,-32.95,2,0,3,0.1,0.001,0.3507
8590,44.38,6,1,6,0.1,0.001,0.5633
8591,42.08,5,1,5,0.1,0.001,0.4152
8592,-28.76,5,0,6,0.1,0.001,0.3738
8593,42.34,5,1,5,0.1,0.001,0.4685
8594,46.09,7,1,7,0.1,0.001,0.5847
8595,-30.08,4,0,5,0.1,0.001,0.3842
8596,49.99,10,1,10,0.1,0.001,0.4991
8597,42.3,5,1,5,0.1,0.001,0.4602
8598,40.8,4,1,4,0.1,0.001,0.4501
8599,-31.71,3,0,4,0.1,0.001,0.3218
8600,47.49,8,1,8,0.1,0.001,0.5614
8601,39.13,3,1,3,0.1,0.001,0.3762
8602,-33.14,2,0,3,0.1,0.001,0.2853
8603,43.61,6,1,6,0.1,0.001,0.4354
8604,54.07,12,1,12,0.1,0.001,0.5892
8605,-24.01,8,0,9,0.1,0.001,0.4434
8606,52.97,12,1,12,0.1,0.001,0.4971
8607,45.32,7,1,7,0.1,0.001,0.4742
8608,42.48,5,1,5,0.1,0.001,0.4951
8609,-28.47,5,0,6,0.1,0.001,0.4213
8610,47.33,8,1,8,0.1,0.001,0.5408
8611,-34.43,1,0,2,0.1,0.001,0.2848
8612,37.84,2,1,2,0.1,0.001,0.4195
8613,-34.52,1,0,2,0.1,0.001,0.2384
8614,43.52,6,1,6,0.1,0.001,0.4207
8615,-34.53,1,0,2,0.1,0.001,0.2354
8616,52.07,11,1,11,0.1,0.001,0.5519
8617,43.5,6,1,6,0.1,0.001,0.416
8618,-26.67,6,0,7,0.1,0.001,0.4761
8619,-27.96,5,0,6,0.1,0.001,0.5065
8620,-34.53,1,0,2,0.1,0.001,0.2362
8621,-28.19,5,0,6,0.1,0.001,0.4691
8622,-33.13,2,0,3,0.1,0.001,0.2911
8623,42.55,5,1,5,0.1,0.001,0.5096
8624,-25.66,7,0,8,0.1,0.001,0.4172
8625,-34.44,1,0,2,0.1,0.001,0.2779
8626,52.98,11,1,11,0.1,0.001,0.6342
8627,37.68,2,1,2,0.1,0.001,0.3396
8628,41.1,4,1,4,0.1,0.001,0.5262
8629,45.43,7,1,7,0.1,0.001,0.4898
8630,43.81,6,1,6,0.1,0.001,0.4691
8631,47.92,9,1,9,0.1,0.001,0.435
8632,-24.02,7,0,8,0.1,0.001,0.6231
8633,44.75,6,1,6,0.1,0.001,0.6255
8634,-19.78,9,0,10,0.1,0.001,0.7219
8635,58.44,15,1,15,0.1,0.001,0.5626
8636,42.4,5,1,5,0.1,0.001,0.4798
8637,50.81,10,1,10,0.1,0.001,0.5813
8638,48.74,9,1,9,0.1,0.001,0.5271
8639,-34.22,1,0,2,0.1,0.001,0.3888
8640,43.7,6,1,6,0.1,0.001,0.4501
8641,41.51,5,1,5,0.1,0.001,0.3028
8642,48.42,10,1,10,0.1,0.001,0.3416
8643,52.55,12,1,12,0.1,0.001,0.4622
8644,41.88,5,1,5,0.1,0.001,0.3765
8645,40.68,4,1,4,0.1,0.001,0.4211
8646,-34.18,1,0,2,0.1,0.001,0.4123
8647,-34.58,1,0,2,0.1,0.001,0.2106
8648,-27.37,6,0,7,0.1,0.001,0.3751
8649,45.06,7,1,7,0.1,0.001,0.4374
8650,44.1,6,1,6,0.1,0.001,0.516
8651,42.22,5,1,5,0.1,0.001,0.4436
8652,46.71,8,1,8,0.1,0.001,0.4632
8653,-34.51,1,0,2,0.1,0.001,0.2429
8654,-26.05,6,0,7,0.1,0.001,0.5647
8655,43.61,6,1,6,0.1,0.001,0.4348
8656,39.33,3,1,3,0.1,0.001,0.4433
8657,47.17,8,1,8,0.1,0.001,0.5214
8658,46.0,7,1,7,0.1,0.001,0.5714
8659,45.08,7,1,7,0.1,0.001,0.4394
8660,50.71,10,1,10,0.1,0.001,0.5711
8661,-12.24,15,0,16,0.1,0.001,0.5474
8662,41.85,5,1,5,0.1,0.001,0.3708
8663,40.84,4,1,4,0.1,0.001,0.46
8664,-27.74,5,0,6,0.1,0.001,0.5429
8665,-15.79,13,0,14,0.1,0.001,0.5153
8666,52.73,12,1,12,0.1,0.001,0.4774
8667,-26.73,6,0,7,0.1,0.001,0.4666
8668,-26.7,6,0,7,0.1,0.001,0.4713
8669,50.7,10,1,10,0.1,0.001,0.5703
8670,43.07,5,1,5,0.1,0.001,0.6143
8671,-32.82,2,0,3,0.1,0.001,0.3939
8672,45.63,7,1,7,0.1,0.001,0.5183
8673,47.77,8,1,8,0.1,0.001,0.5961
8674,47.1,8,1,8,0.1,0.001,0.5127
8675,42.02,5,1,5,0.1,0.001,0.4045
8676,-34.45,1,0,2,0.1,0.001,0.2763
8677,48.05,9,1,9,0.1,0.001,0.4502
8678,-31.18,3,0,4,0.1,0.001,0.4547
8679,46.05,7,1,7,0.1,0.001,0.579
8680,42.59,5,1,5,0.1,0.001,0.5171
8681,42.93,5,1,5,0.1,0.001,0.5866
8682,45.24,7,1,7,0.1,0.001,0.4624
8683,-34.44,1,0,2,0.1,0.001,0.2816
8684,47.79,9,1,9,0.1,0.001,0.4208
8685,45.28,7,1,7,0.1,0.001,0.4692
8686,-24.75,7,0,8,0.1,0.001,0.5316
8687,46.55,8,1,8,0.1,0.001,0.444
8688,43.47,6,1,6,0.1,0.001,0.4112
8689,54.78,12,1,12,0.1,0.001,0.6482
8690,-32.97,2,0,3,0.1,0.001,0.3444
8691,56.26,14,1,14,0.1,0.001,0.5187
8692,43.74,6,1,6,0.1,0.001,0.4571
8693,47.4,8,1,8,0.1,0.001,0.5495
8694,43.69,6,1,6,0.1,0.001,0.4482
8695,48.27,8,1,8,0.1,0.001,0.6584
8696,38.02,2,1,2,0.1,0.001,0.5101
8697,42.47,5,1,5,0.1,0.001,0.4943
8698,-22.7,8,0,9,0.1,0.001,0.5885
8699,50.44,10,1,10,0.1,0.001,0.5441
8700,47.18,8,1,8,0.1,0.001,0.522
8701,-17.82,11,0,12,0.1,0.001,0.598
8702,66.03,20,1,20,0.1,0.001,0.5516
8703,50.92,10,1,10,0.1,0.001,0.5925
8704,-33.17,2,0,3,0.1,0.001,0.277
8705,44.03,6,1,6,0.1,0.001,0.5048
8706,-33.12,2,0,3,0.1,0.001,0.2941
8707,45.46,7,1,7,0.1,0.001,0.4946
8708,58.04,14,1,14,0.1,0.001,0.646
8709,-15.31,13,0,14,0.1,0.001,0.5491
8710,-34.21,1,0,2,0.1,0.001,0.3975
8711,41.11,4,1,4,0.1,0.001,0.528
8712,44.12,6,1,6,0.1,0.001,0.5193
8713,-19.29,10,0,11,0.1,0.001,0.61
8714,50.68,10,1,10,0.1,0.001,0.5677
8715,-34.53,1,0,2,0.1,0.001,0.2332
8716,-26.61,6,0,7,0.1,0.001,0.4842
8717,-29.89,4,0,5,0.1,0.001,0.422
8718,-23.75,8,0,9,0.1,0.001,0.4725
8719,45.49,7,1,7,0.1,0.001,0.4982
8720,40.5,4,1,4,0.1,0.001,0.3753
8721,-31.0,3,0,4,0.1,0.001,0.4994
8722,48.02,9,1,9,0.1,0.001,0.4462
8723,-32.71,2,0,3,0.1,0.001,0.4299
8724,-34.23,1,0,2,0.1,0.001,0.3846
8725,42.4,5,1,5,0.1,0.001,0.479
8726,49.4,9,1,9,0.1,0.001,0.5996
8727,49.86,10,1,10,0.1,0.001,0.4861
8728,46.49,8,1,8,0.1,0.001,0.4365
8729,44.15,6,1,6,0.1,0.001,0.5249
8730,47.93,8,1,8,0.1,0.001,0.616
8731,48.35,9,1,9,0.1,0.001,0.4828
8732,-31.57,3,0,4,0.1,0.001,0.3586
8733,-31.64,3,0,4,0.1,0.001,0.3398
8734,43.16,6,1,6,0.1,0.001,0.36
8735,44.68,5,1,5,0.1,0.001,0.9369
8736,70.53,21,1,21,0.1,0.001,0.6919
8737,-34.54,1,0,2,0.1,0.001,0.2301
8738,37.84,2,1,2,0.1,0.001,0.4207
8739,44.45,6,1,6,0.1,0.001,0.5748
8740,-19.15,11,0,12,0.1,0.001,0.4877
8741,-34.56,1,0,2,0.1,0.001,0.2184
8742,-23.62,8,0,9,0.1,0.001,0.487
8743,49.08,9,1,9,0.1,0.001,0.5644
8744,-32.97,2,0,3,0.1,0.001,0.3439
8745,-34.41,1,0,2,0.1,0.001,0.2931
8746,40.69,4,1,4,0.1,0.001,0.4236
8747,56.85,14,1,14,0.1,0.001,0.5608
8748,43.45,6,1,6,0.1,0.001,0.4091
8749,-33.1,2,0,3,0.1,0.001,0.3014
8750,41.1,4,1,4,0.1,0.001,0.5251
8751,40.8,4,1,4,0.1,0.001,0.4501
8752,44.99,7,1,7,0.1,0.001,0.4265
8753,40.98,4,1,4,0.1,0.001,0.4946
8754,-25.59,7,0,8,0.1,0.001,0.4257
8755,-34.56,1,0,2,0.1,0.001,0.2224
8756,52.57,12,1,12,0.1,0.001,0.4641
8757,-20.01,10,0,11,0.1,0.001,0.5441
8758,-34.58,1,0,2,0.1,0.001,0.2122
8759,45.03,7,1,7,0.1,0.001,0.4327
8760,46.79,8,1,8,0.1,0.001,0.4737
8761,44.02,6,1,6,0.1,0.001,0.5029
8762,-32.92,2,0,3,0.1,0.001,0.3584
8763,45.29,7,1,7,0.1,0.001,0.4693
8764,50.26,9,1,9,0.1,0.001,0.695
8765,50.99,11,1,11,0.1,0.001,0.4536
8766,-32.71,2,0,3,0.1,0.001,0.4296
8767,-18.76,11,0,12,0.1,0.001,0.5201
8768,42.33,5,1,5,0.1,0.001,0.4665
8769,45.03,7,1,7,0.1,0.001,0.433
8770,45.03,7,1,7,0.1,0.001,0.4335
8771,-24.5,8,0,9,0.1,0.001,0.3889
8772,46.74,8,1,8,0.1,0.001,0.468
8773,46.2,7,1,7,0.1,0.001,0.5993
8774,58.06,15,1,15,0.1,0.001,0.5377
8775,56.32,14,1,14,0.1,0.001,0.5227
8776,45.38,7,1,7,0.1,0.001,0.4827
8777,-31.69,3,0,4,0.1,0.001,0.3275
8778,42.09,5,1,5,0.1,0.001,0.4181
8779,-32.23,2,0,3,0.1,0.001,0.5906
8780,47.29,8,1,8,0.1,0.001,0.5364
8781,48.85,9,1,9,0.1,0.001,0.5391
8782,-28.4,5,0,6,0.1,0.001,0.433
8783,-27.08,6,0,7,0.1,0.001,0.4165
8784,-32.64,2,0,3,0.1,0.001,0.4547
8785,45.15,7,1,7,0.1,0.001,0.4496
8786,45.22,7,1,7,0.1,0.001,0.4593
8787,48.84,7,1,7,0.1,0.001,0.9773
8788,44.87,7,1,7,0.1,0.001,0.4104
8789,-23.76,8,0,9,0.1,0.001,0.4709
8790,51.68,11,1,11,0.1,0.001,0.516
8791,39.06,3,1,3,0.1,0.001,0.3518
8792,40.73,4,1,4,0.1,0.001,0.4329
8793,-27.12,6,0,7,0.1,0.001,0.4118
8794,39.18,3,1,3,0.1,0.001,0.3939
8795,45.21,7,1,7,0.1,0.001,0.4586
8796,-29.64,4,0,5,0.1,0.001,0.4725
8797,60.04,15,1,15,0.1,0.001,0.6693
8798,55.96,13,1,13,0.1,0.001,0.6125
8799,52.8,12,1,12,0.1,0.001,0.4833
8800,-34.36,1,0,2,0.1,0.001,0.3187
8801,37.68,2,1,2,0.1,0.001,0.338
8802,41.88,5,1,5,0.1,0.001,0.3769
8803,43.73,6,1,6,0.1,0.001,0.4549
8804,46.14,8,1,8,0.1,0.001,0.3926
8805,-33.06,2,0,3,0.1,0.001,0.3136
8806,51.19,10,1,10,0.1,0.001,0.6186
8807,-32.79,2,0,3,0.1,0.001,0.4043
8808,-32.65,2,0,3,0.1,0.001,0.4499
8809,53.82,11,1,11,0.1,0.001,0.7105
8810,42.48,5,1,5,0.1,0.001,0.495
8811,39.52,3,1,3,0.1,0.001,0.5074
8812,43.97,6,1,6,0.1,0.001,0.4946
8813,53.56,12,1,12,0.1,0.001,0.5468
8814,-28.52,5,0,6,0.1,0.001,0.4132
8815,45.46,7,1,7,0.1,0.001,0.494
8816,49.53,10,1,10,0.1,0.001,0.4527
8817,39.38,3,1,3,0.1,0.001,0.4606
8818,-31.33,3,0,4,0.1,0.001,0.4169
8819,-26.35,6,0,7,0.1,0.001,0.5216
8820,46.5,8,1,8,0.1,0.001,0.4379
8821,-34.54,1,0,2,0.1,0.001,0.2322
8822,-34.54,1,0,2,0.1,0.001,0.2295
8823,53.93,13,1,13,0.1,0.001,0.4559
8824,45.18,7,1,7,0.1,0.001,0.4547
8825,49.15,10,1,10,0.1,0.001,0.415
8826,-19.79,10,0,11,0.1,0.001,0.5642
8827,49.01,9,1,9,0.1,0.001,0.5563
8828,47.06,8,1,8,0.1,0.001,0.5076
8829,42.25,5,1,5,0.1,0.001,0.4501
8830,-34.53,1,0,2,0.1,0.001,0.2369
8831,-23.48,8,0,9,0.1,0.001,0.5018
8832,-33.17,2,0,3,0.1,0.001,0.2762
8833,-27.14,6,0,7,0.1,0.001,0.4084
8834,55.92,14,1,14,0.1,0.001,0.4941
8835,42.12,5,1,5,0.1,0.001,0.4233
8836,42.3,5,1,5,0.1,0.001,0.4604
8837,37.44,2,1,2,0.1,0.001,0.2191
8838,-14.07,13,0,14,0.1,0.001,0.6375
8839,39.47,3,1,3,0.1,0.001,0.4904
8840,46.76,8,1,8,0.1,0.001,0.4702
8841,-32.86,2,0,3,0.1,0.001,0.3799
8842,47.4,9,1,9,0.1,0.001,0.3779
8843,40.89,4,1,4,0.1,0.001,0.4718
8844,-28.11,5,0,6,0.1,0.001,0.4824
8845,-34.49,1,0,2,0.1,0.001,0.2526
8846,47.11,8,1,8,0.1,0.001,0.5133
8847,47.11,8,1,8,0.1,0.001,0.5133
8848,-29.58,4,0,5,0.1,0.001,0.4832
8849,42.44,5,1,5,0.1,0.001,0.4885
8850,43.54,6,1,6,0.1,0.001,0.4229
8851,50.15,10,1,10,0.1,0.001,0.5146
8852,40.86,4,1,4,0.1,0.001,0.4638
8853,39.01,3,1,3,0.1,0.001,0.3355
8854,43.96,6,1,6,0.1,0.001,0.4928
8855,-22.36,9,0,10,0.1,0.001,0.4637
8856,-27.52,5,0,6,0.1,0.001,0.5798
8857,38.04,2,1,2,0.1,0.001,0.5198
8858,46.45,8,1,8,0.1,0.001,0.4314
8859,40.42,4,1,4,0.1,0.001,0.3541
8860,45.58,7,1,7,0.1,0.001,0.5108
8861,46.43,7,1,7,0.1,0.001,0.6335
8862,52.28,10,1,10,0.1,0.001,0.7277
8863,-22.02,9,0,10,0.1,0.001,0.4983
8864,43.38,6,1,6,0.1,0.001,0.3962
8865,-26.5,6,0,7,0.1,0.001,0.5
8866,43.78,6,1,6,0.1,0.001,0.4629
8867,59.36,15,1,15,0.1,0.001,0.624
8868,56.85,14,1,14,0.1,0.001,0.5604
8869,39.28,3,1,3,0.1,0.001,0.4259
8870,-34.24,1,0,2,0.1,0.001,0.3785
8871,-28.26,5,0,6,0.1,0.001,0.4561
8872,-31.3,3,0,4,0.1,0.001,0.4248
8873,41.03,4,1,4,0.1,0.001,0.5085
8874,45.76,7,1,7,0.1,0.001,0.5371
8875,-7.43,17,0,18,0.1,0.001,0.6426
8876,51.26,10,1,10,0.1,0.001,0.6256
8877,43.71,6,1,6,0.1,0.001,0.4523
8878,-31.89,3,0,4,0.1,0.001,0.2768
8879,-32.96,2,0,3,0.1,0.001,0.3465
8880,47.21,9,1,9,0.1,0.001,0.3562
8881,48.71,9,1,9,0.1,0.001,0.5231
8882,48.08,9,1,9,0.1,0.001,0.4536
8883,47.9,9,1,9,0.1,0.001,0.4334
8884,40.76,4,1,4,0.1,0.001,0.4398
8885,46.04,7,1,7,0.1,0.001,0.5768
8886,-28.24,5,0,6,0.1,0.001,0.4603
8887,-25.52,7,0,8,0.1,0.001,0.4353
8888,-25.48,7,0,8,0.1,0.001,0.4394
8889,40.96,4,1,4,0.1,0.001,0.4901
8890,-29.79,4,0,5,0.1,0.001,0.4411
8891,-8.69,17,0,18,0.1,0.001,0.5728
8892,46.69,8,1,8,0.1,0.001,0.4617
8893,46.14,8,1,8,0.1,0.001,0.3928
8894,40.98,4,1,4,0.1,0.001,0.4958
8895,-26.68,6,0,7,0.1,0.001,0.4739
8896,-34.51,1,0,2,0.1,0.001,0.2467
8897,45.45,7,1,7,0.1,0.001,0.4927
8898,47.45,8,1,8,0.1,0.001,0.5557
8899,-14.61,13,0,14,0.1,0.001,0.599
8900,43.57,6,1,6,0.1,0.001,0.4278
8901,45.28,7,1,7,0.1,0.001,0.4692
8902,38.99,3,1,3,0.1,0.001,0.3316
8903,44.06,6,1,6,0.1,0.001,0.5101
8904,43.91,6,1,6,0.1,0.001,0.4846
8905,-32.6,2,0,3,0.1,0.001,0.4652
8906,-28.8,5,0,6,0.1,0.001,0.367
8907,-30.23,4,0,5,0.1,0.001,0.3547
8908,-22.05,9,0,10,0.1,0.001,0.4951
8909,-34.49,1,0,2,0.1,0.001,0.2563
8910,46.92,8,1,8,0.1,0.001,0.4902
8911,-32.72,2,0,3,0.1,0.001,0.4255
8912,49.56,10,1,10,0.1,0.001,0.4559
8913,-34.49,1,0,2,0.1,0.001,0.2567
8914,45.75,7,1,7,0.1,0.001,0.5355
8915,-34.49,1,0,2,0.1,0.001,0.2559
8916,46.58,8,1,8,0.1,0.001,0.448
8917,43.35,6,1,6,0.1,0.001,0.3917
8918,63.97,16,1,16,0.1,0.001,0.8105
8919,43.33,6,1,6,0.1,0.001,0.3888
8920,43.85,6,1,6,0.1,0.001,0.4745
8921,47.53,8,1,8,0.1,0.001,0.5659
8922,44.83,7,1,7,0.1,0.001,0.4038
8923,47.59,8,1,8,0.1,0.001,0.5732
8924,-19.84,10,0,11,0.1,0.001,0.5603
8925,50.69,10,1,10,0.1,0.001,0.5693
8926,51.16,10,1,10,0.1,0.001,0.6162
8927,45.7,7,1,7,0.1,0.001,0.5293
8928,-34.5,1,0,2,0.1,0.001,0.25
8929,40.65,4,1,4,0.1,0.001,0.4126
8930,46.18,7,1,7,0.1,0.001,0.5977
8931,49.38,10,1,10,0.1,0.001,0.4382
8932,47.08,8,1,8,0.1,0.001,0.5097
8933,-32.69,2,0,3,0.1,0.001,0.436
8934,40.76,4,1,4,0.1,0.001,0.4389
8935,-32.65,2,0,3,0.1,0.001,0.4483
8936,42.38,5,1,5,0.1,0.001,0.475
8937,43.26,6,1,6,0.1,0.001,0.3764
8938,44.04,6,1,6,0.1,0.001,0.5059
8939,49.95,10,1,10,0.1,0.001,0.4952
8940,-30.06,4,0,5,0.1,0.001,0.3888
8941,50.12,10,1,10,0.1,0.001,0.5124
8942,-26.85,6,0,7,0.1,0.001,0.4493
8943,40.85,4,1,4,0.1,0.001,0.4626
8944,47.48,8,1,8,0.1,0.001,0.5601
8945,45.2,7,1,7,0.1,0.001,0.4568
8946,46.19,7,1,7,0.1,0.001,0.598
8947,52.75,12,1,12,0.1,0.001,0.4791
8948,-24.84,7,0,8,0.1,0.001,0.5204
8949,50.07,10,1,10,0.1,0.001,0.507
8950,-34.5,1,0,2,0.1,0.001,0.2515
8951,51.6,11,1,11,0.1,0.001,0.5094
8952,-24.46,7,0,8,0.1,0.001,0.5678
8953,-26.09,6,0,7,0.1,0.001,0.5587
8954,40.86,4,1,4,0.1,0.001,0.4658
8955,46.29,7,1,7,0.1,0.001,0.6134
8956,-28.14,5,0,6,0.1,0.001,0.4768
8957,-34.38,1,0,2,0.1,0.001,0.309
8958,44.72,6,1,6,0.1,0.001,0.6196
8959,44.56,6,1,6,0.1,0.001,0.5931
8960,42.92,5,1,5,0.1,0.001,0.5831
8961,50.81,10,1,10,0.1,0.001,0.5806
8962,51.98,11,1,11,0.1,0.001,0.5437
8963,44.62,7,1,7,0.1,0.001,0.3748
8964,52.8,11,1,11,0.1,0.001,0.6186
8965,43.74,6,1,6,0.1,0.001,0.4568
8966,-33.06,2,0,3,0.1,0.001,0.3128
8967,39.28,3,1,3,0.1,0.001,0.4262
8968,-34.54,1,0,2,0.1,0.001,0.231
8969,58.21,15,1,15,0.1,0.001,0.5473
8970,53.66,12,1,12,0.1,0.001,0.5547
8971,43.53,6,1,6,0.1,0.001,0.4219
8972,51.31,11,1,11,0.1,0.001,0.4824
8973,-34.17,1,0,2,0.1,0.001,0.4136
8974,-34.38,1,0,2,0.1,0.001,0.3104
8975,-22.01,9,0,10,0.1,0.001,0.4989
8976,-32.15,2,0,3,0.1,0.001,0.6175
8977,48.15,9,1,9,0.1,0.001,0.4608
8978,48.41,9,1,9,0.1,0.001,0.4898
8979,-28.73,5,0,6,0.1,0.001,0.3784
8980,-31.13,3,0,4,0.1,0.001,0.4684
8981,-34.34,1,0,2,0.1,0.001,0.3284
8982,42.52,5,1,5,0.1,0.001,0.5038
8983,36.19,1,1,1,0.1,0.001,0.1922
8984,50.29,9,1,9,0.1,0.001,0.6991
8985,47.83,9,1,9,0.1,0.001,0.426
8986,46.66,8,1,8,0.1,0.001,0.4571
8987,53.12,12,1,12,0.1,0.001,0.5102
8988,39.33,3,1,3,0.1,0.001,0.4435
8989,51.75,11,1,11,0.1,0.001,0.5232
8990,-17.52,12,0,13,0.1,0.001,0.4988
8991,-34.56,1,0,2,0.1,0.001,0.2185
8992,49.6,9,1,9,0.1,0.001,0.6218
8993,42.59,5,1,5,0.1,0.001,0.5181
8994,-19.45,11,0,12,0.1,0.001,0.4624
8995,-31.52,3,0,4,0.1,0.001,0.3698
8996,-25.49,7,0,8,0.1,0.001,0.4394
8997,43.35,6,1,6,0.1,0.001,0.391
8998,-23.85,8,0,9,0.1,0.001,0.4614
8999,55.74,13,1,13,0.1,0.001,0.5951
9000,36.16,1,1,1,0.1,0.001,0.1647
9001,53.46,12,1,12,0.1,0.001,0.5379
9002,47.53,8,1,8,0.1,0.001,0.5657
9003,42.78,5,1,5,0.1,0.001,0.5567
9004,-18.98,8,0,9,0.1,0.001,1.0024
9005,-25.84,7,0,8,0.1,0.001,0.3956
9006,43.79,6,1,6,0.1,0.001,0.4649
9007,-30.1,4,0,5,0.1,0.001,0.3791
9008,-33.09,2,0,3,0.1,0.001,0.3048
9009,46.2,7,1,7,0.1,0.001,0.5994
9010,45.59,7,1,7,0.1,0.001,0.5124
9011,53.57,12,1,12,0.1,0.001,0.5475
9012,44.13,6,1,6,0.1,0.001,0.522
9013,54.44,13,1,13,0.1,0.001,0.4951
9014,55.1,13,1,13,0.1,0.001,0.5464
9015,55.45,13,1,13,0.1,0.001,0.5731
9016,-23.24,8,0,9,0.1,0.001,0.5292
9017,-30.87,3,0,4,0.1,0.001,0.5335
9018,39.89,3,1,3,0.1,0.001,0.6288
9019,41.14,4,1,4,0.1,0.001,0.535
9020,-32.76,2,0,3,0.1,0.001,0.4144
9021,-31.23,3,0,4,0.1,0.001,0.4434
9022,47.29,8,1,8,0.1,0.001,0.5356
9023,39.36,3,1,3,0.1,0.001,0.4538
9024,41.78,5,1,5,0.1,0.001,0.3562
9025,48.04,9,1,9,0.1,0.001,0.4487
9026,45.13,6,1,6,0.1,0.001,0.6882
9027,-32.63,2,0,3,0.1,0.001,0.4579
9028,37.5,2,1,2,0.1,0.001,0.2512
9029,48.09,9,1,9,0.1,0.001,0.4549
9030,45.59,7,1,7,0.1,0.001,0.5132
9031,43.97,6,1,6,0.1,0.001,0.4952
9032,-30.03,4,0,5,0.1,0.001,0.394
9033,66.49,20,1,20,0.1,0.001,0.5745
9034,42.18,5,1,5,0.1,0.001,0.435
9035,47.78,9,1,9,0.1,0.001,0.4198
9036,-33.28,2,0,3,0.1,0.001,0.2406
9037,39.19,3,1,3,0.1,0.001,0.3962
9038,-34.56,1,0,2,0.1,0.001,0.2208
9039,42.38,5,1,5,0.1,0.001,0.4754
9040,-28.56,5,0,6,0.1,0.001,0.4059
9041,-30.19,4,0,5,0.1,0.001,0.3616
9042,43.76,6,1,6,0.1,0.001,0.4605
9043,50.91,11,1,11,0.1,0.001,0.4467
9044,41.91,5,1,5,0.1,0.001,0.3826
9045,43.82,6,1,6,0.1,0.001,0.4699
9046,47.43,7,1,7,0.1,0.001,0.7756
9047,55.31,13,1,13,0.1,0.001,0.5621
9048,-33.1,2,0,3,0.1,0.001,0.2994
9049,49.37,9,1,9,0.1,0.001,0.5966
9050,39.4,3,1,3,0.1,0.001,0.4659
9051,47.11,8,1,8,0.1,0.001,0.5133
9052,49.84,10,1,10,0.1,0.001,0.4837
9053,-28.54,5,0,6,0.1,0.001,0.4094
9054,48.67,9,1,9,0.1,0.001,0.5184
9055,63.31,16,1,16,0.1,0.001,0.7693
9056,47.08,8,1,8,0.1,0.001,0.5106
9057,-34.22,1,0,2,0.1,0.001,0.3895
9058,-32.58,2,0,3,0.1,0.001,0.4746
9059,-29.32,4,0,5,0.1,0.001,0.5358
9060,61.15,17,1,17,0.1,0.001,0.5382
9061,49.6,9,1,9,0.1,0.001,0.6223
9062,39.24,3,1,3,0.1,0.001,0.4145
9063,-12.34,14,0,15,0.1,0.001,0.6441
9064,39.12,3,1,3,0.1,0.001,0.3743
9065,-34.47,1,0,2,0.1,0.001,0.2659
9066,40.7,4,1,4,0.1,0.001,0.4252
9067,-32.71,2,0,3,0.1,0.001,0.4312
9068,41.06,4,1,4,0.1,0.001,0.5145
9069,-34.47,1,0,2,0.1,0.001,0.2648
9070,46.68,7,1,7,0.1,0.001,0.6688
9071,42.18,5,1,5,0.1,0.001,0.437
9072,41.03,4,1,4,0.1,0.001,0.5066
9073,-31.26,3,0,4,0.1,0.001,0.4341
9074,-28.34,5,0,6,0.1,0.001,0.444
9075,-26.74,6,0,7,0.1,0.001,0.4661
9076,40.98,4,1,4,0.1,0.001,0.4945
9077,49.83,10,1,10,0.1,0.001,0.483
9078,-33.13,2,0,3,0.1,0.001,0.2905
9079,-31.74,3,0,4,0.1,0.001,0.3138
9080,-29.86,4,0,5,0.1,0.001,0.427
9081,40.69,4,1,4,0.1,0.001,0.423
9082,48.65,9,1,9,0.1,0.001,0.5165
9083,51.9,11,1,11,0.1,0.001,0.5361
9084,43.37,6,1,6,0.1,0.001,0.3946
9085,51.26,10,1,10,0.1,0.001,0.6259
9086,42.4,5,1,5,0.1,0.001,0.479
9087,-34.49,1,0,2,0.1,0.001,0.2525
9088,49.35,9,1,9,0.1,0.001,0.5939
9089,-34.47,1,0,2,0.1,0.001,0.2661
9090,42.3,5,1,5,0.1,0.001,0.4607
9091,49.64,10,1,10,0.1,0.001,0.464
9092,-31.5,3,0,4,0.1,0.001,0.3739
9093,46.7,8,1,8,0.1,0.001,0.462
9094,48.4,9,1,9,0.1,0.001,0.4892
9095,45.21,7,1,7,0.1,0.001,0.4589
9096,43.76,6,1,6,0.1,0.001,0.46
9097,50.17,10,1,10,0.1,0.001,0.5171
9098,43.37,6,1,6,0.1,0.001,0.3955
9099,38.97,3,1,3,0.1,0.001,0.3248
9100,45.21,7,1,7,0.1,0.001,0.4592
9101,45.66,7,1,7,0.1,0.001,0.5225
9102,45.11,6,1,6,0.1,0.001,0.6851
9103,47.12,8,1,8,0.1,0.001,0.5148
9104,56.92,15,1,15,0.1,0.001,0.4616
9105,-27.69,5,0,6,0.1,0.001,0.5517
9106,41.14,4,1,4,0.1,0.001,0.5348
9107,-29.86,4,0,5,0.1,0.001,0.4279
9108,44.77,7,1,7,0.1,0.001,0.3953
9109,47.69,9,1,9,0.1,0.001,0.4098
9110,54.64,12,1,12,0.1,0.001,0.6365
9111,62.41,18,1,18,0.1,0.001,0.5228
9112,46.65,8,1,8,0.1,0.001,0.456
9113,-34.49,1,0,2,0.1,0.001,0.2557
9114,50.34,10,1,10,0.1,0.001,0.5342
9115,47.37,8,1,8,0.1,0.001,0.5462
9116,44.23,6,1,6,0.1,0.001,0.5385
9117,48.06,9,1,9,0.1,0.001,0.4507
9118,40.8,4,1,4,0.1,0.001,0.4498
9119,36.16,1,1,1,0.1,0.001,0.1627
9120,45.04,7,1,7,0.1,0.001,0.4338
9121,-28.88,4,0,5,0.1,0.001,0.6231
9122,-21.42,9,0,10,0.1,0.001,0.5581
9123,61.57,16,1,16,0.1,0.001,0.6604
9124,51.96,10,1,10,0.1,0.001,0.6958
9125,45.69,7,1,7,0.1,0.001,0.5269
9126,43.96,6,1,6,0.1,0.001,0.4934
9127,58.54,14,1,14,0.1,0.001,0.6817
9128,40.93,4,1,4,0.1,0.001,0.4819
9129,40.76,4,1,4,0.1,0.001,0.44
9130,50.64,11,1,11,0.1,0.001,0.4221
9131,-26.99,5,0,6,0.1,0.001,0.6688
9132,-26.54,6,0,7,0.1,0.001,0.495
9133,47.0,8,1,8,0.1,0.001,0.4997
9134,-34.47,1,0,2,0.1,0.001,0.2638
9135,45.52,7,1,7,0.1,0.001,0.503
9136,42.12,4,1,4,0.1,0.001,0.7809
9137,-26.9,6,0,7,0.1,0.001,0.4426
9138,44.01,6,1,6,0.1,0.001,0.5018
9139,43.67,6,1,6,0.1,0.001,0.4445
9140,48.49,9,1,9,0.1,0.001,0.4983
9141,-31.79,3,0,4,0.1,0.001,0.3015
9142,50.65,10,1,10,0.1,0.001,0.5652
9143,36.2,1,1,1,0.1,0.001,0.196
9144,-31.39,3,0,4,0.1,0.001,0.4014
9145,-33.15,2,0,3,0.1,0.001,0.2819
9146,-34.5,1,0,2,0.1,0.001,0.2505
9147,-33.02,2,0,3,0.1,0.001,0.3259
9148,50.77,11,1,11,0.1,0.001,0.4336
9149,49.83,10,1,10,0.1,0.001,0.4831
9150,46.17,6,1,6,0.1,0.001,0.8612
9151,-31.46,3,0,4,0.1,0.001,0.3849
9152,43.21,6,1,6,0.1,0.001,0.3684
9153,50.25,10,1,10,0.1,0.001,0.5251
9154,43.98,6,1,6,0.1,0.001,0.4967
9155,-28.46,5,0,6,0.1,0.001,0.4239
9156,-34.44,1,0,2,0.1,0.001,0.2777
9157,43.86,6,1,6,0.1,0.001,0.476
9158,-29.7,4,0,5,0.1,0.001,0.4591
9159,42.08,5,1,5,0.1,0.001,0.415
9160,-31.24,3,0,4,0.1,0.001,0.4398
9161,61.65,17,1,17,0.1,0.001,0.5679
9162,-29.21,4,0,5,0.1,0.001,0.5576
9163,37.64,2,1,2,0.1,0.001,0.321
9164,47.36,8,1,8,0.1,0.001,0.545
9165,41.16,4,1,4,0.1,0.001,0.5397
9166,42.36,5,1,5,0.1,0.001,0.472
9167,-31.28,3,0,4,0.1,0.001,0.4311
9168,37.72,2,1,2,0.1,0.001,0.3613
9169,55.75,13,1,13,0.1,0.001,0.5964
9170,48.94,9,1,9,0.1,0.001,0.5484
9171,43.31,6,1,6,0.1,0.001,0.3843
9172,42.22,5,1,5,0.1,0.001,0.4441
9173,-31.56,3,0,4,0.1,0.001,0.3611
9174,-31.5,3,0,4,0.1,0.001,0.3749
9175,51.05,10,1,10,0.1,0.001,0.6046
9176,45.14,7,1,7,0.1,0.001,0.4484
9177,45.47,7,1,7,0.1,0.001,0.4963
9178,53.96,12,1,12,0.1,0.001,0.5802
9179,45.66,7,1,7,0.1,0.001,0.5223
9180,52.07,11,1,11,0.1,0.001,0.5516
9181,-27.28,6,0,7,0.1,0.001,0.3879
9182,40.52,4,1,4,0.1,0.001,0.3811
9183,51.75,10,1,10,0.1,0.001,0.6753
9184,37.82,2,1,2,0.1,0.001,0.4077
9185,-27.78,5,0,6,0.1,0.001,0.537
9186,45.65,7,1,7,0.1,0.001,0.5214
9187,-34.22,1,0,2,0.1,0.001,0.3896
9188,49.41,9,1,9,0.1,0.001,0.6017
9189,58.95,15,1,15,0.1,0.001,0.5967
9190,51.35,10,1,10,0.1,0.001,0.635
9191,47.12,8,1,8,0.1,0.001,0.5148
9192,-34.34,1,0,2,0.1,0.001,0.3304
9193,39.43,3,1,3,0.1,0.001,0.4769
9194,46.22,8,1,8,0.1,0.001,0.4021
9195,46.44,8,1,8,0.1,0.001,0.43
9196,53.22,11,1,11,0.1,0.001,0.6567
9197,46.8,8,1,8,0.1,0.001,0.4747
9198,51.97,11,1,11,0.1,0.001,0.5423
9199,47.63,9,1,9,0.1,0.001,0.4035
9200,42.44,5,1,5,0.1,0.001,0.4889
9201,-34.24,1,0,2,0.1,0.001,0.3782
9202,44.83,7,1,7,0.1,0.001,0.4046
9203,-34.12,1,0,2,0.1,0.001,0.4403
9204,40.73,4,1,4,0.1,0.001,0.4328
9205,39.02,3,1,3,0.1,0.001,0.3393
9206,45.8,7,1,7,0.1,0.001,0.5427
9207,47.57,9,1,9,0.1,0.001,0.3968
9208,40.55,4,1,4,0.1,0.001,0.3881
9209,49.96,10,1,10,0.1,0.001,0.4959
9210,45.16,7,1,7,0.1,0.001,0.4521
9211,39.16,3,1,3,0.1,0.001,0.3862
9212,50.65,10,1,10,0.1,0.001,0.5651
9213,-26.98,6,0,7,0.1,0.001,0.4312
9214,-34.48,1,0,2,0.1,0.001,0.2622
9215,-33.17,2,0,3,0.1,0.001,0.2771
9216,44.11,6,1,6,0.1,0.001,0.518
9217,46.03,7,1,7,0.1,0.001,0.5759
9218,47.94,9,1,9,0.1,0.001,0.4377
9219,39.44,3,1,3,0.1,0.001,0.4797
9220,47.85,9,1,9,0.1,0.001,0.4273
9221,45.24,7,1,7,0.1,0.001,0.4626
9222,51.26,11,1,11,0.1,0.001,0.4778
9223,-30.17,4,0,5,0.1,0.001,0.3651
9224,49.93,10,1,10,0.1,0.001,0.4932
9225,40.96,4,1,4,0.1,0.001,0.4911
9226,43.39,6,1,6,0.1,0.001,0.398
9227,-31.7,3,0,4,0.1,0.001,0.3248
9228,45.41,7,1,7,0.1,0.001,0.4873
9229,-26.8,6,0,7,0.1,0.001,0.4576
9230,-28.03,5,0,6,0.1,0.001,0.4949
9231,-34.48,1,0,2,0.1,0.001,0.2606
9232,50.48,9,1,9,0.1,0.001,0.7199
9233,40.4,4,1,4,0.1,0.001,0.3504
9234,43.4,6,1,6,0.1,0.001,0.3997
9235,51.07,11,1,11,0.1,0.001,0.4613
9236,46.13,8,1,8,0.1,0.001,0.3908
9237,39.24,3,1,3,0.1,0.001,0.4149
9238,52.64,11,1,11,0.1,0.001,0.6032
9239,-25.04,7,0,8,0.1,0.001,0.4946
9240,39.06,3,1,3,0.1,0.001,0.3538
9241,42.29,5,1,5,0.1,0.001,0.457
9242,45.58,7,1,7,0.1,0.001,0.5117
9243,-32.91,2,0,3,0.1,0.001,0.3635
9244,-21.13,10,0,11,0.1,0.001,0.4427
9245,43.79,6,1,6,0.1,0.001,0.4657
9246,-34.58,1,0,2,0.1,0.001,0.2108
9247,43.78,6,1,6,0.1,0.001,0.4636
9248,51.9,11,1,11,0.1,0.001,0.536
9249,42.42,5,1,5,0.1,0.001,0.4833
9250,-28.38,5,0,6,0.1,0.001,0.4371
9251,46.53,8,1,8,0.1,0.001,0.441
9252,52.52,11,1,11,0.1,0.001,0.5927
9253,44.25,6,1,6,0.1,0.001,0.5411
9254,45.57,7,1,7,0.1,0.001,0.5106
9255,40.45,4,1,4,0.1,0.001,0.3628
9256,58.61,14,1,14,0.1,0.001,0.6867
9257,55.33,13,1,13,0.1,0.001,0.5642
9258,42.02,5,1,5,0.1,0.001,0.4038
9259,42.1,5,1,5,0.1,0.001,0.42
9260,49.37,10,1,10,0.1,0.001,0.4374
9261,43.8,6,1,6,0.1,0.001,0.4669
9262,-34.51,1,0,2,0.1,0.001,0.2435
9263,44.24,6,1,6,0.1,0.001,0.5402
9264,36.17,1,1,1,0.1,0.001,0.1661
9265,51.69,11,1,11,0.1,0.001,0.5176
9266,-34.53,1,0,2,0.1,0.001,0.2372
9267,-30.06,4,0,5,0.1,0.001,0.3879
9268,43.26,6,1,6,0.1,0.001,0.3763
9269,44.03,6,1,6,0.1,0.001,0.5056
9270,44.9,7,1,7,0.1,0.001,0.4145
9271,-34.51,1,0,2,0.1,0.001,0.2465
9272,40.58,4,1,4,0.1,0.001,0.3949
9273,-31.45,3,0,4,0.1,0.001,0.3885
9274,54.94,13,1,13,0.1,0.001,0.5335
9275,-21.03,10,0,11,0.1,0.001,0.4516
9276,40.75,4,1,4,0.1,0.001,0.437
9277,-25.12,7,0,8,0.1,0.001,0.4855
9278,42.11,5,1,5,0.1,0.001,0.4224
9279,49.96,10,1,10,0.1,0.001,0.496
9280,56.44,14,1,14,0.1,0.001,0.5318
9281,51.46,11,1,11,0.1,0.001,0.4961
9282,37.76,2,1,2,0.1,0.001,0.3824
9283,49.2,9,1,9,0.1,0.001,0.5775
9284,49.97,10,1,10,0.1,0.001,0.4969
9285,38.98,3,1,3,0.1,0.001,0.3268
9286,52.37,12,1,12,0.1,0.001,0.4473
9287,41.96,5,1,5,0.1,0.001,0.3926
9288,-33.12,2,0,3,0.1,0.001,0.2927
9289,-34.42,1,0,2,0.1,0.001,0.2896
9290,-29.17,4,0,5,0.1,0.001,0.5654
9291,-34.53,1,0,2,0.1,0.001,0.2347
9292,42.0,5,1,5,0.1,0.001,0.4003
9293,-34.27,1,0,2,0.1,0.001,0.3631
9294,47.93,8,1,8,0.1,0.001,0.6166
9295,42.04,5,1,5,0.1,0.001,0.4071
9296,45.31,7,1,7,0.1,0.001,0.4723
9297,-28.36,5,0,6,0.1,0.001,0.4405
9298,44.52,7,1,7,0.1,0.001,0.3604
9299,37.57,2,1,2,0.1,0.001,0.2867
9300,45.45,7,1,7,0.1,0.001,0.4923
9301,44.48,6,1,6,0.1,0.001,0.5795
9302,-29.68,4,0,5,0.1,0.001,0.4632
9303,42.12,5,1,5,0.1,0.001,0.4241
9304,50.39,10,1,10,0.1,0.001,0.5385
9305,-31.52,3,0,4,0.1,0.001,0.3712
9306,45.62,7,1,7,0.1,0.001,0.5175
9307,51.99,11,1,11,0.1,0.001,0.5444
9308,43.9,6,1,6,0.1,0.001,0.4841
9309,48.33,9,1,9,0.1,0.001,0.4807
9310,-32.92,2,0,3,0.1,0.001,0.3607
9311,-29.8,4,0,5,0.1,0.001,0.4406
9312,51.21,11,1,11,0.1,0.001,0.4738
9313,41.39,4,1,4,0.1,0.001,0.5987
9314,46.41,8,1,8,0.1,0.001,0.4261
9315,41.99,5,1,5,0.1,0.001,0.3975
9316,45.46,7,1,7,0.1,0.001,0.4944
9317,-32.86,2,0,3,0.1,0.001,0.3805
9318,43.46,6,1,6,0.1,0.001,0.4106
9319,56.57,14,1,14,0.1,0.001,0.5409
9320,-22.76,8,0,9,0.1,0.001,0.582
9321,52.84,12,1,12,0.1,0.001,0.4865
9322,-28.84,5,0,6,0.1,0.001,0.3602
9323,54.29,13,1,13,0.1,0.001,0.4841
9324,-23.42,8,0,9,0.1,0.001,0.5085
9325,-29.98,4,0,5,0.1,0.001,0.4042
9326,-34.57,1,0,2,0.1,0.001,0.2133
9327,48.74,10,1,10,0.1,0.001,0.3739
9328,-34.57,1,0,2,0.1,0.001,0.2169
9329,47.01,8,1,8,0.1,0.001,0.5007
9330,42.21,5,1,5,0.1,0.001,0.4429
9331,62.68,18,1,18,0.1,0.001,0.5379
9332,44.92,7,1,7,0.1,0.001,0.4173
9333,-32.92,2,0,3,0.1,0.001,0.3585
9334,-33.22,2,0,3,0.1,0.001,0.2592
9335,45.19,7,1,7,0.1,0.001,0.456
9336,-29.72,4,0,5,0.1,0.001,0.4561
9337,51.12,11,1,11,0.1,0.001,0.465
9338,-30.24,4,0,5,0.1,0.001,0.3516
9339,42.24,5,1,5,0.1,0.001,0.4474
9340,42.26,5,1,5,0.1,0.001,0.4528
9341,40.47,4,1,4,0.1,0.001,0.367
9342,45.13,7,1,7,0.1,0.001,0.4473
9343,43.06,6,1,6,0.1,0.001,0.3437
9344,45.15,7,1,7,0.1,0.001,0.4505
9345,48.36,9,1,9,0.1,0.001,0.4844
9346,-25.07,7,0,8,0.1,0.001,0.4907
9347,-18.85,11,0,12,0.1,0.001,0.5122
9348,42.19,5,1,5,0.1,0.001,0.4377
9349,46.28,8,1,8,0.1,0.001,0.4103
9350,45.36,7,1,7,0.1,0.001,0.4797
9351,44.69,6,1,6,0.1,0.001,0.6153
9352,-31.43,3,0,4,0.1,0.001,0.3925
9353,-25.06,7,0,8,0.1,0.001,0.4925
9354,47.05,8,1,8,0.1,0.001,0.5061
9355,-34.57,1,0,2,0.1,0.001,0.2163
9356,-31.49,3,0,4,0.1,0.001,0.3779
9357,40.89,4,1,4,0.1,0.001,0.4731
9358,44.18,6,1,6,0.1,0.001,0.5303
9359,46.76,8,1,8,0.1,0.001,0.4697
9360,43.72,6,1,6,0.1,0.001,0.454
9361,43.1,6,1,6,0.1,0.001,0.3503
9362,-33.18,2,0,3,0.1,0.001,0.2748
9363,-24.49,8,0,9,0.1,0.001,0.3895
9364,-34.55,1,0,2,0.1,0.001,0.2246
9365,-33.19,2,0,3,0.1,0.001,0.269
9366,40.02,3,1,3,0.1,0.001,0.6748
9367,46.51,7,1,7,0.1,0.001,0.6445
9368,48.19,9,1,9,0.1,0.001,0.4657
9369,-34.6,1,0,2,0.1,0.001,0.1991
9370,46.91,8,1,8,0.1,0.001,0.4891
9371,50.32,10,1,10,0.1,0.001,0.5324
9372,42.22,5,1,5,0.1,0.001,0.4434
9373,45.74,8,1,8,0.1,0.001,0.3422
9374,45.66,7,1,7,0.1,0.001,0.5235
9375,-31.57,3,0,4,0.1,0.001,0.3566
9376,-34.27,1,0,2,0.1,0.001,0.3662
9377,51.04,11,1,11,0.1,0.001,0.4585
9378,42.85,5,1,5,0.1,0.001,0.57
9379,49.95,10,1,10,0.1,0.001,0.4955
9380,-30.88,3,0,4,0.1,0.001,0.5309
9381,43.62,6,1,6,0.1,0.001,0.4367
9382,-34.12,1,0,2,0.1,0.001,0.4378
9383,41.9,5,1,5,0.1,0.001,0.3793
9384,45.5,7,1,7,0.1,0.001,0.5006
9385,45.57,7,1,7,0.1,0.001,0.5106
9386,-29.28,4,0,5,0.1,0.001,0.5444
9387,-30.11,4,0,5,0.1,0.001,0.3778
9388,44.72,7,1,7,0.1,0.001,0.3886
9389,39.03,3,1,3,0.1,0.001,0.3446
9390,40.45,4,1,4,0.1,0.001,0.363
9391,50.64,11,1,11,0.1,0.001,0.4215
9392,48.66,9,1,9,0.1,0.001,0.5176
9393,43.52,6,1,6,0.1,0.001,0.4195
9394,43.76,6,1,6,0.1,0.001,0.4602
9395,-31.62,3,0,4,0.1,0.001,0.3443
9396,43.2,6,1,6,0.1,0.001,0.3666
9397,52.35,11,1,11,0.1,0.001,0.5774
9398,-34.44,1,0,2,0.1,0.001,0.2787
9399,-23.56,8,0,9,0.1,0.001,0.4936
9400,-32.67,2,0,3,0.1,0.001,0.445
9401,42.7,5,1,5,0.1,0.001,0.5398
9402,42.17,5,1,5,0.1,0.001,0.4337
9403,41.96,5,1,5,0.1,0.001,0.3928
9404,40.74,4,1,4,0.1,0.001,0.4361
9405,-32.02,3,0,4,0.1,0.001,0.2458
9406,52.32,11,1,11,0.1,0.001,0.5748
9407,-27.72,5,0,6,0.1,0.001,0.5464
9408,42.39,5,1,5,0.1,0.001,0.4783
9409,46.25,8,1,8,0.1,0.001,0.4066
9410,49.86,10,1,10,0.1,0.001,0.4855
9411,-32.75,2,0,3,0.1,0.001,0.4173
9412,-34.56,1,0,2,0.1,0.001,0.2219
9413,44.82,7,1,7,0.1,0.001,0.4034
9414,37.56,2,1,2,0.1,0.001,0.2778
9415,-31.29,3,0,4,0.1,0.001,0.4264
9416,51.85,9,1,9,0.1,0.001,0.8721
9417,40.55,4,1,4,0.1,0.001,0.3887
9418,47.78,9,1,9,0.1,0.001,0.4201
9419,54.58,13,1,13,0.1,0.001,0.506
9420,-27.18,6,0,7,0.1,0.001,0.4033
9421,44.75,7,1,7,0.1,0.001,0.3929
9422,51.44,11,1,11,0.1,0.001,0.4945
9423,-34.56,1,0,2,0.1,0.001,0.2188
9424,-34.57,1,0,2,0.1,0.001,0.2157
9425,-31.39,3,0,4,0.1,0.001,0.4028
9426,46.52,8,1,8,0.1,0.001,0.4394
9427,-25.53,6,0,7,0.1,0.001,0.6385
9428,42.79,5,1,5,0.1,0.001,0.5572
9429,-34.56,1,0,2,0.1,0.001,0.2181
9430,-23.06,8,0,9,0.1,0.001,0.5492
9431,43.73,6,1,6,0.1,0.001,0.4555
9432,43.44,6,1,6,0.1,0.001,0.406
9433,-34.22,1,0,2,0.1,0.001,0.3904
9434,-25.27,7,0,8,0.1,0.001,0.4665
9435,49.62,10,1,10,0.1,0.001,0.4616
9436,42.19,5,1,5,0.1,0.001,0.4386
9437,36.16,1,1,1,0.1,0.001,0.1609
9438,-28.24,5,0,6,0.1,0.001,0.4605
9439,48.67,9,1,9,0.1,0.001,0.5194
9440,53.19,12,1,12,0.1,0.001,0.5161
9441,55.99,14,1,14,0.1,0.001,0.4991
9442,49.4,9,1,9,0.1,0.001,0.6002
9443,43.92,6,1,6,0.1,0.001,0.4861
9444,41.98,5,1,5,0.1,0.001,0.3956
9445,42.14,5,1,5,0.1,0.001,0.4279
9446,-24.06,8,0,9,0.1,0.001,0.4378
9447,42.01,5,1,5,0.1,0.001,0.401
9448,-33.24,2,0,3,0.1,0.001,0.2543
9449,39.07,3,1,3,0.1,0.001,0.3558
9450,-30.46,4,0,5,0.1,0.001,0.3079
9451,50.23,10,1,10,0.1,0.001,0.5226
9452,-31.66,3,0,4,0.1,0.001,0.3343
9453,42.1,5,1,5,0.1,0.001,0.419
9454,36.19,1,1,1,0.1,0.001,0.1933
9455,-33.14,2,0,3,0.1,0.001,0.286
9456,44.98,7,1,7,0.1,0.001,0.4252
9457,45.42,7,1,7,0.1,0.001,0.488
9458,50.17,10,1,10,0.1,0.001,0.5165
9459,48.82,9,1,9,0.1,0.001,0.5354
9460,45.11,7,1,7,0.1,0.001,0.4447
9461,43.83,6,1,6,0.1,0.001,0.4716
9462,42.38,5,1,5,0.1,0.001,0.4751
9463,51.88,11,1,11,0.1,0.001,0.5341
9464,-26.89,6,0,7,0.1,0.001,0.4438
9465,49.14,9,1,9,0.1,0.001,0.5707
9466,52.76,12,1,12,0.1,0.001,0.4802
9467,-29.85,4,0,5,0.1,0.001,0.429
9468,45.97,7,1,7,0.1,0.001,0.5667
9469,42.02,5,1,5,0.1,0.001,0.4048
9470,47.23,7,1,7,0.1,0.001,0.7472
9471,-29.99,4,0,5,0.1,0.001,0.4028
9472,-31.46,3,0,4,0.1,0.001,0.3855
9473,-31.6,3,0,4,0.1,0.001,0.349
9474,43.45,6,1,6,0.1,0.001,0.409
9475,-34.47,1,0,2,0.1,0.001,0.2663
9476,-34.31,1,0,2,0.1,0.001,0.3472
9477,-29.24,4,0,5,0.1,0.001,0.5528
9478,43.88,6,1,6,0.1,0.001,0.4804
9479,39.35,3,1,3,0.1,0.001,0.4503
9480,40.42,4,1,4,0.1,0.001,0.3543
9481,-28.56,5,0,6,0.1,0.001,0.4065
9482,-33.18,2,0,3,0.1,0.001,0.2726
9483,-31.74,3,0,4,0.1,0.001,0.3153
9484,-31.75,3,0,4,0.1,0.001,0.3123
9485,42.35,5,1,5,0.1,0.001,0.4699
9486,48.37,9,1,9,0.1,0.001,0.4852
9487,43.58,6,1,6,0.1,0.001,0.4304
9488,-18.61,12,0,13,0.1,0.001,0.415
9489,-22.9,8,0,9,0.1,0.001,0.5672
9490,51.48,11,1,11,0.1,0.001,0.4986
9491,53.06,12,1,12,0.1,0.001,0.505
9492,43.0,5,1,5,0.1,0.001,0.5999
9493,46.08,7,1,7,0.1,0.001,0.5823
9494,43.49,5,1,5,0.1,0.001,0.6982
9495,-27.41,6,0,7,0.1,0.001,0.3694
9496,52.94,12,1,12,0.1,0.001,0.4947
9497,-34.28,1,0,2,0.1,0.001,0.3613
9498,50.28,10,1,10,0.1,0.001,0.5281
9499,40.97,4,1,4,0.1,0.001,0.493
9500,47.95,9,1,9,0.1,0.001,0.439
9501,-34.19,1,0,2,0.1,0.001,0.4066
9502,-32.81,2,0,3,0.1,0.001,0.3975
9503,43.82,6,1,6,0.1,0.001,0.4692
9504,49.37,10,1,10,0.1,0.001,0.4373
9505,-28.61,5,0,6,0.1,0.001,0.3989
9506,40.4,4,1,4,0.1,0.001,0.3488
9507,53.77,12,1,12,0.1,0.001,0.564
9508,49.76,10,1,10,0.1,0.001,0.4758
9509,51.49,11,1,11,0.1,0.001,0.4995
9510,40.68,4,1,4,0.1,0.001,0.4197
9511,-32.83,2,0,3,0.1,0.001,0.3901
9512,48.42,9,1,9,0.1,0.001,0.4907
9513,51.05,10,1,10,0.1,0.001,0.6052
9514,41.17,4,1,4,0.1,0.001,0.5417
9515,38.98,3,1,3,0.1,0.001,0.3276
9516,47.0,8,1,8,0.1,0.001,0.5
9517,-24.96,7,0,8,0.1,0.001,0.5054
9518,53.39,12,1,12,0.1,0.001,0.5327
9519,51.11,11,1,11,0.1,0.001,0.4646
9520,52.82,12,1,12,0.1,0.001,0.4853
9521,-21.7,9,0,10,0.1,0.001,0.5303
9522,-32.98,2,0,3,0.1,0.001,0.3406
9523,-34.18,1,0,2,0.1,0.001,0.4103
9524,46.42,7,1,7,0.1,0.001,0.631
9525,44.81,7,1,7,0.1,0.001,0.402
9526,68.15,21,1,21,0.1,0.001,0.5787
9527,43.91,6,1,6,0.1,0.001,0.4856
9528,52.67,11,1,11,0.1,0.001,0.6064
9529,53.72,12,1,12,0.1,0.001,0.5596
9530,45.55,7,1,7,0.1,0.001,0.5075
9531,49.57,10,1,10,0.1,0.001,0.4573
9532,-33.03,2,0,3,0.1,0.001,0.3222
9533,-31.41,3,0,4,0.1,0.001,0.3976
9534,45.31,7,1,7,0.1,0.001,0.4726
9535,46.63,7,1,7,0.1,0.001,0.661
9536,40.69,4,1,4,0.1,0.001,0.4215
9537,52.04,11,1,11,0.1,0.001,0.5493
9538,46.6,8,1,8,0.1,0.001,0.4501
9539,44.07,6,1,6,0.1,0.001,0.5109
9540,-21.99,9,0,10,0.1,0.001,0.5008
9541,38.94,3,1,3,0.1,0.001,0.3128
9542,48.92,10,1,10,0.1,0.001,0.3918
9543,44.64,7,1,7,0.1,0.001,0.3777
9544,43.74,6,1,6,0.1,0.001,0.4573
9545,-26.25,6,0,7,0.1,0.001,0.5355
9546,-31.5,3,0,4,0.1,0.001,0.3761
9547,39.33,3,1,3,0.1,0.001,0.4439
9548,49.57,10,1,10,0.1,0.001,0.4574
9549,40.94,4,1,4,0.1,0.001,0.4858
9550,-27.13,6,0,7,0.1,0.001,0.41
9551,44.07,6,1,6,0.1,0.001,0.5121
9552,-28.91,5,0,6,0.1,0.001,0.348
9553,46.73,8,1,8,0.1,0.001,0.4657
9554,54.62,13,1,13,0.1,0.001,0.5092
9555,56.53,14,1,14,0.1,0.001,0.5378
9556,53.84,12,1,12,0.1,0.001,0.5699
9557,40.52,4,1,4,0.1,0.001,0.3809
9558,42.0,5,1,5,0.1,0.001,0.3994
9559,50.36,11,1,11,0.1,0.001,0.3966
9560,37.64,2,1,2,0.1,0.001,0.3215
9561,-33.07,2,0,3,0.1,0.001,0.3086
9562,50.47,11,1,11,0.1,0.001,0.4059
9563,-34.56,1,0,2,0.1,0.001,0.2215
9564,-29.76,4,0,5,0.1,0.001,0.4471
9565,50.81,11,1,11,0.1,0.001,0.4376
9566,51.37,11,1,11,0.1,0.001,0.4884
9567,-24.42,8,0,9,0.1,0.001,0.3983
9568,-30.3,4,0,5,0.1,0.001,0.3408
9569,46.1,8,1,8,0.1,0.001,0.3876
9570,43.31,6,1,6,0.1,0.001,0.3852
9571,-28.72,5,0,6,0.1,0.001,0.3799
9572,-33.1,2,0,3,0.1,0.001,0.2998
9573,52.6,12,1,12,0.1,0.001,0.4663
9574,43.44,6,1,6,0.1,0.001,0.4072
9575,-31.72,3,0,4,0.1,0.001,0.319
9576,44.87,6,1,6,0.1,0.001,0.6451
9577,43.55,6,1,6,0.1,0.001,0.4245
9578,43.66,6,1,6,0.1,0.001,0.4436
9579,-27.54,6,0,7,0.1,0.001,0.3509
9580,-33.3,2,0,3,0.1,0.001,0.2325
9581,43.85,6,1,6,0.1,0.001,0.4743
9582,49.04,10,1,10,0.1,0.001,0.404
9583,45.0,7,1,7,0.1,0.001,0.429
9584,-34.14,1,0,2,0.1,0.001,0.4297
9585,59.52,15,1,15,0.1,0.001,0.6345
9586,42.01,5,1,5,0.1,0.001,0.4022
9587,43.82,6,1,6,0.1,0.001,0.4693
9588,51.11,10,1,10,0.1,0.001,0.6113
9589,48.13,9,1,9,0.1,0.001,0.4589
9590,-33.27,2,0,3,0.1,0.001,0.2435
9591,-33.27,2,0,3,0.1,0.001,0.2439
9592,42.24,5,1,5,0.1,0.001,0.4479
9593,48.03,9,1,9,0.1,0.001,0.448
9594,46.06,8,1,8,0.1,0.001,0.3826
9595,41.76,5,1,5,0.1,0.001,0.3526
9596,46.52,8,1,8,0.1,0.001,0.4399
9597,47.08,8,1,8,0.1,0.001,0.5101
9598,49.34,10,1,10,0.1,0.001,0.4339
9599,-31.11,3,0,4,0.1,0.001,0.4723
9600,44.07,6,1,6,0.1,0.001,0.5111
9601,-29.67,4,0,5,0.1,0.001,0.467
9602,50.1,9,1,9,0.1,0.001,0.6776
9603,49.59,10,1,10,0.1,0.001,0.459
9604,-34.47,1,0,2,0.1,0.001,0.2634
9605,-34.33,1,0,2,0.1,0.001,0.3364
9606,42.99,5,1,5,0.1,0.001,0.5977
9607,47.66,8,1,8,0.1,0.001,0.5824
9608,44.71,7,1,7,0.1,0.001,0.3865
9609,55.5,13,1,13,0.1,0.001,0.577
9610,-34.16,1,0,2,0.1,0.001,0.4224
9611,47.67,9,1,9,0.1,0.001,0.4076
9612,44.48,6,1,6,0.1,0.001,0.5807
9613,48.01,9,1,9,0.1,0.001,0.4452
9614,43.75,6,1,6,0.1,0.001,0.4578
9615,43.98,6,1,6,0.1,0.001,0.4963
9616,48.54,9,1,9,0.1,0.001,0.504
9617,49.84,10,1,10,0.1,0.001,0.4837
9618,40.71,4,1,4,0.1,0.001,0.4268
9619,-28.54,5,0,6,0.1,0.001,0.4106
9620,58.09,14,1,14,0.1,0.001,0.6493
9621,54.2,12,1,12,0.1,0.001,0.6002
9622,39.23,3,1,3,0.1,0.001,0.4104
9623,43.62,6,1,6,0.1,0.001,0.4359
9624,64.28,18,1,18,0.1,0.001,0.6265
9625,48.42,9,1,9,0.1,0.001,0.4906
9626,-32.51,2,0,3,0.1,0.001,0.4953
9627,56.15,13,1,13,0.1,0.001,0.6272
9628,44.7,7,1,7,0.1,0.001,0.3857
9629,-26.26,6,0,7,0.1,0.001,0.5339
9630,-29.72,4,0,5,0.1,0.001,0.457
9631,43.75,6,1,6,0.1,0.001,0.4576
9632,42.42,5,1,5,0.1,0.001,0.4846
9633,-23.47,8,0,9,0.1,0.001,0.5035
9634,-32.81,2,0,3,0.1,0.001,0.397
9635,46.9,8,1,8,0.1,0.001,0.4874
9636,44.32,6,1,6,0.1,0.001,0.5539
9637,50.45,10,1,10,0.1,0.001,0.5447
9638,51.37,11,1,11,0.1,0.001,0.4885
9639,42.45,5,1,5,0.1,0.001,0.4901
9640,42.1,5,1,5,0.1,0.001,0.4209
9641,47.61,8,1,8,0.1,0.001,0.5765
9642,47.94,9,1,9,0.1,0.001,0.4373
9643,61.9,17,1,17,0.1,0.001,0.5821
9644,-33.04,2,0,3,0.1,0.001,0.3212
9645,-34.49,1,0,2,0.1,0.001,0.2536
9646,42.5,5,1,5,0.1,0.001,0.4991
9647,-34.48,1,0,2,0.1,0.001,0.2589
9648,40.97,4,1,4,0.1,0.001,0.4917
9649,-23.59,8,0,9,0.1,0.001,0.4896
9650,44.93,7,1,7,0.1,0.001,0.4191
9651,-28.56,5,0,6,0.1,0.001,0.4067
9652,46.76,8,1,8,0.1,0.001,0.4706
9653,-31.16,3,0,4,0.1,0.001,0.4597
9654,48.15,9,1,9,0.1,0.001,0.461
9655,43.76,6,1,6,0.1,0.001,0.4598
9656,-34.23,1,0,2,0.1,0.001,0.3842
9657,49.32,9,1,9,0.1,0.001,0.5914
9658,49.35,9,1,9,0.1,0.001,0.5939
9659,43.65,6,1,6,0.1,0.001,0.4413
9660,-28.61,5,0,6,0.1,0.001,0.3978
9661,43.79,6,1,6,0.1,0.001,0.4644
9662,48.67,9,1,9,0.1,0.001,0.5184
9663,40.66,4,1,4,0.1,0.001,0.4143
9664,-32.69,2,0,3,0.1,0.001,0.4358
9665,46.52,8,1,8,0.1,0.001,0.4397
9666,-34.07,1,0,2,0.1,0.001,0.4658
9667,-34.48,1,0,2,0.1,0.001,0.2624
9668,48.07,9,1,9,0.1,0.001,0.4524
9669,-32.72,2,0,3,0.1,0.001,0.4269
9670,-23.22,8,0,9,0.1,0.001,0.5316
9671,50.95,11,1,11,0.1,0.001,0.4498
9672,49.48,10,1,10,0.1,0.001,0.448
9673,40.46,4,1,4,0.1,0.001,0.364
9674,43.77,6,1,6,0.1,0.001,0.4615
9675,46.44,7,1,7,0.1,0.001,0.6345
9676,43.94,6,1,6,0.1,0.001,0.4907
9677,-31.6,3,0,4,0.1,0.001,0.3505
9678,50.59,11,1,11,0.1,0.001,0.4174
9679,51.25,11,1,11,0.1,0.001,0.4773
9680,-34.47,1,0,2,0.1,0.001,0.2629
9681,-31.29,3,0,4,0.1,0.001,0.4283
9682,45.6,7,1,7,0.1,0.001,0.5144
9683,-33.06,2,0,3,0.1,0.001,0.3146
9684,37.66,2,1,2,0.1,0.001,0.3287
9685,42.16,5,1,5,0.1,0.001,0.4328
9686,-14.85,14,0,15,0.1,0.001,0.4769
9687,-31.72,3,0,4,0.1,0.001,0.3209
9688,44.96,7,1,7,0.1,0.001,0.4228
9689,48.56,9,1,9,0.1,0.001,0.507
9690,-28.98,4,0,5,0.1,0.001,0.604
9691,47.63,9,1,9,0.1,0.001,0.4035
9692,-18.24,11,0,12,0.1,0.001,0.5631
9693,44.77,6,1,6,0.1,0.001,0.6287
9694,40.5,4,1,4,0.1,0.001,0.374
9695,-16.0,10,0,11,0.1,0.001,0.909
9696,40.63,4,1,4,0.1,0.001,0.4065
9697,48.66,9,1,9,0.1,0.001,0.5179
9698,41.85,5,1,5,0.1,0.001,0.3702
9699,48.51,9,1,9,0.1,0.001,0.5014
9700,-34.53,1,0,2,0.1,0.001,0.2331
9701,-27.64,5,0,6,0.1,0.001,0.5607
9702,46.43,8,1,8,0.1,0.001,0.4286
9703,43.75,6,1,6,0.1,0.001,0.4591
9704,-33.26,2,0,3,0.1,0.001,0.2475
9705,-27.64,6,0,7,0.1,0.001,0.3368
9706,45.15,7,1,7,0.1,0.001,0.4501
9707,43.29,6,1,6,0.1,0.001,0.3813
9708,54.59,13,1,13,0.1,0.001,0.5066
9709,-34.47,1,0,2,0.1,0.001,0.2646
9710,-34.47,1,0,2,0.1,0.001,0.2626
9711,55.78,13,1,13,0.1,0.001,0.5984
9712,50.1,10,1,10,0.1,0.001,0.5104
9713,44.15,6,1,6,0.1,0.001,0.5244
9714,48.17,9,1,9,0.1,0.001,0.4633
9715,-18.24,11,0,12,0.1,0.001,0.5636
9716,50.28,10,1,10,0.1,0.001,0.5281
9717,36.18,1,1,1,0.1,0.001,0.1785
9718,-34.23,1,0,2,0.1,0.001,0.387
9719,-25.55,7,0,8,0.1,0.001,0.4307
9720,-25.0,7,0,8,0.1,0.001,0.4997
9721,48.27,9,1,9,0.1,0.001,0.4747
9722,47.83,9,1,9,0.1,0.001,0.4253
9723,-34.3,1,0,2,0.1,0.001,0.3511
9724,45.01,7,1,7,0.1,0.001,0.4305
9725,58.01,15,1,15,0.1,0.001,0.5342
9726,39.02,3,1,3,0.1,0.001,0.3389
9727,50.37,10,1,10,0.1,0.001,0.5373
9728,-28.83,5,0,6,0.1,0.001,0.3611
9729,43.27,6,1,6,0.1,0.001,0.3783
9730,47.64,9,1,9,0.1,0.001,0.4048
9731,47.64,9,1,9,0.1,0.001,0.4044
9732,39.12,3,1,3,0.1,0.001,0.3727
9733,46.17,7,1,7,0.1,0.001,0.5963
9734,45.1,7,1,7,0.1,0.001,0.4433
9735,-33.28,2,0,3,0.1,0.001,0.2407
9736,46.56,8,1,8,0.1,0.001,0.4456
9737,-19.78,10,0,11,0.1,0.001,0.5657
9738,47.46,8,1,8,0.1,0.001,0.5581
9739,-29.25,4,0,5,0.1,0.001,0.5494
9740,-14.86,14,0,15,0.1,0.001,0.4758
9741,65.79,19,1,19,0.1,0.001,0.6208
9742,-25.15,7,0,8,0.1,0.001,0.4817
9743,48.13,9,1,9,0.1,0.001,0.459
9744,40.58,4,1,4,0.1,0.001,0.395
9745,45.14,7,1,7,0.1,0.001,0.4492
9746,44.95,7,1,7,0.1,0.001,0.4216
9747,43.69,6,1,6,0.1,0.001,0.4475
9748,-26.82,6,0,7,0.1,0.001,0.454
9749,65.99,17,1,17,0.1,0.001,0.8227
9750,-32.88,2,0,3,0.1,0.001,0.3745
9751,-33.06,2,0,3,0.1,0.001,0.3149
9752,-29.82,4,0,5,0.1,0.001,0.4365
9753,43.06,6,1,6,0.1,0.001,0.3439
9754,44.48,7,1,7,0.1,0.001,0.3548
9755,47.94,9,1,9,0.1,0.001,0.4379
9756,47.98,9,1,9,0.1,0.001,0.442
9757,46.47,8,1,8,0.1,0.001,0.4342
9758,-31.56,3,0,4,0.1,0.001,0.3612
9759,-23.05,8,0,9,0.1,0.001,0.5497
9760,49.4,10,1,10,0.1,0.001,0.4402
9761,39.08,3,1,3,0.1,0.001,0.3592
9762,-26.14,6,0,7,0.1,0.001,0.5508
9763,53.49,13,1,13,0.1,0.001,0.4226
9764,49.68,10,1,10,0.1,0.001,0.4683
9765,47.19,9,1,9,0.1,0.001,0.3545
9766,-25.25,7,0,8,0.1,0.001,0.4689
9767,-31.85,3,0,4,0.1,0.001,0.2887
9768,-25.48,7,0,8,0.1,0.001,0.4404
9769,37.6,2,1,2,0.1,0.001,0.3014
9770,-34.52,1,0,2,0.1,0.001,0.2425
9771,51.24,11,1,11,0.1,0.001,0.4763
9772,47.15,8,1,8,0.1,0.001,0.5185
9773,-27.87,5,0,6,0.1,0.001,0.5216
9774,43.88,6,1,6,0.1,0.001,0.4794
9775,-28.84,5,0,6,0.1,0.001,0.3603
9776,55.34,13,1,13,0.1,0.001,0.5648
9777,43.96,6,1,6,0.1,0.001,0.4937
9778,45.57,7,1,7,0.1,0.001,0.5093
9779,49.5,10,1,10,0.1,0.001,0.4498
9780,46.9,8,1,8,0.1,0.001,0.4875
9781,55.75,12,1,12,0.1,0.001,0.7293
9782,51.16,11,1,11,0.1,0.001,0.4693
9783,60.53,16,1,16,0.1,0.001,0.5958
9784,-32.73,2,0,3,0.1,0.001,0.4236
9785,-34.26,1,0,2,0.1,0.001,0.3676
9786,37.48,2,1,2,0.1,0.001,0.2422
9787,-29.4,4,0,5,0.1,0.001,0.5192
9788,-26.83,6,0,7,0.1,0.001,0.4535
9789,48.82,9,1,9,0.1,0.001,0.5354
9790,-19.93,10,0,11,0.1,0.001,0.5515
9791,-28.01,5,0,6,0.1,0.001,0.4984
9792,-34.46,1,0,2,0.1,0.001,0.269
9793,-34.44,1,0,2,0.1,0.001,0.2817
9794,49.92,10,1,10,0.1,0.001,0.4921
9795,46.77,8,1,8,0.1,0.001,0.4709
9796,46.65,7,1,7,0.1,0.001,0.6644
9797,44.36,7,1,7,0.1,0.001,0.3373
9798,-25.13,7,0,8,0.1,0.001,0.4836
9799,47.99,9,1,9,0.1,0.001,0.443
9800,-34.52,1,0,2,0.1,0.001,0.2413
9801,42.41,5,1,5,0.1,0.001,0.483
9802,-34.43,1,0,2,0.1,0.001,0.2859
9803,55.33,12,1,12,0.1,0.001,0.6939
9804,-25.8,7,0,8,0.1,0.001,0.3999
9805,45.0,7,1,7,0.1,0.001,0.4286
9806,39.29,3,1,3,0.1,0.001,0.4308
9807,46.25,8,1,8,0.1,0.001,0.4064
9808,40.67,4,1,4,0.1,0.001,0.4182
9809,42.21,5,1,5,0.1,0.001,0.4425
9810,48.06,9,1,9,0.1,0.001,0.4515
9811,50.07,10,1,10,0.1,0.001,0.5065
9812,40.65,4,1,4,0.1,0.001,0.4129
9813,40.9,4,1,4,0.1,0.001,0.4758
9814,43.94,6,1,6,0.1,0.001,0.4902
9815,-28.14,5,0,6,0.1,0.001,0.4771
9816,-24.62,7,0,8,0.1,0.001,0.5481
9817,52.59,12,1,12,0.1,0.001,0.466
9818,-26.87,6,0,7,0.1,0.001,0.4467
9819,-34.39,1,0,2,0.1,0.001,0.3067
9820,47.04,8,1,8,0.1,0.001,0.5049
9821,-28.0,5,0,6,0.1,0.001,0.5004
9822,-29.66,4,0,5,0.1,0.001,0.468
9823,41.09,4,1,4,0.1,0.001,0.5233
9824,49.39,10,1,10,0.1,0.001,0.4387
9825,58.33,14,1,14,0.1,0.001,0.6661
9826,39.28,3,1,3,0.1,0.001,0.4259
9827,47.74,9,1,9,0.1,0.001,0.4161
9828,-31.47,3,0,4,0.1,0.001,0.3836
9829,47.16,8,1,8,0.1,0.001,0.5203
9830,-34.44,1,0,2,0.1,0.001,0.2815
9831,40.47,4,1,4,0.1,0.001,0.3685
9832,-24.91,7,0,8,0.1,0.001,0.5119
9833,45.77,7,1,7,0.1,0.001,0.5389
9834,-32.89,2,0,3,0.1,0.001,0.3716
9835,-29.95,4,0,5,0.1,0.001,0.4095
9836,36.17,1,1,1,0.1,0.001,0.1708
9837,37.8,2,1,2,0.1,0.001,0.4
9838,47.19,8,1,8,0.1,0.001,0.5243
9839,40.83,4,1,4,0.1,0.001,0.4579
9840,41.23,4,1,4,0.1,0.001,0.5586
9841,48.65,9,1,9,0.1,0.001,0.5165
9842,40.91,4,1,4,0.1,0.001,0.4775
9843,44.24,6,1,6,0.1,0.001,0.5405
9844,40.62,4,1,4,0.1,0.001,0.4062
9845,37.68,2,1,2,0.1,0.001,0.342
9846,-25.35,7,0,8,0.1,0.001,0.4557
9847,40.66,4,1,4,0.1,0.001,0.4145
9848,36.17,1,1,1,0.1,0.001,0.1744
9849,50.26,10,1,10,0.1,0.001,0.5259
9850,42.64,5,1,5,0.1,0.001,0.5288
9851,-28.91,4,0,5,0.1,0.001,0.6174
9852,43.56,6,1,6,0.1,0.001,0.426
9853,42.32,5,1,5,0.1,0.001,0.4645
9854,50.65,10,1,10,0.1,0.001,0.565
9855,55.23,13,1,13,0.1,0.001,0.5559
9856,43.98,6,1,6,0.1,0.001,0.4964
9857,-30.85,3,0,4,0.1,0.001,0.5383
9858,44.9,7,1,7,0.1,0.001,0.4148
9859,48.42,9,1,9,0.1,0.001,0.4912
9860,42.61,5,1,5,0.1,0.001,0.523
9861,45.18,7,1,7,0.1,0.001,0.455
9862,-23.85,8,0,9,0.1,0.001,0.4607
9863,-33.05,2,0,3,0.1,0.001,0.3158
9864,48.64,9,1,9,0.1,0.001,0.5153
9865,42.42,5,1,5,0.1,0.001,0.4834
9866,43.38,6,1,6,0.1,0.001,0.3971
9867,51.07,10,1,10,0.1,0.001,0.6074
9868,51.26,11,1,11,0.1,0.001,0.4785
9869,46.23,7,1,7,0.1,0.001,0.6046
9870,48.03,9,1,9,0.1,0.001,0.4478
9871,64.21,18,1,18,0.1,0.001,0.6229
9872,-25.7,7,0,8,0.1,0.001,0.4122
9873,45.14,7,1,7,0.1,0.001,0.4485
9874,43.61,6,1,6,0.1,0.001,0.4353
9875,-25.52,7,0,8,0.1,0.001,0.4355
9876,39.01,3,1,3,0.1,0.001,0.3379
9877,-33.12,2,0,3,0.1,0.001,0.2926
9878,45.11,7,1,7,0.1,0.001,0.4437
9879,-34.29,1,0,2,0.1,0.001,0.3574
9880,43.53,6,1,6,0.1,0.001,0.4211
9881,-29.58,4,0,5,0.1,0.001,0.4845
9882,50.54,10,1,10,0.1,0.001,0.5538
9883,47.2,8,1,8,0.1,0.001,0.5255
9884,-34.51,1,0,2,0.1,0.001,0.2453
9885,48.13,9,1,9,0.1,0.001,0.4588
9886,53.89,12,1,12,0.1,0.001,0.5738
9887,-25.58,7,0,8,0.1,0.001,0.4278
9888,-23.65,8,0,9,0.1,0.001,0.483
9889,45.51,7,1,7,0.1,0.001,0.5009
9890,45.63,7,1,7,0.1,0.001,0.5186
9891,50.82,11,1,11,0.1,0.001,0.4379
9892,-32.74,2,0,3,0.1,0.001,0.4195
9893,48.57,9,1,9,0.1,0.001,0.5082
9894,50.37,10,1,10,0.1,0.001,0.5369
9895,51.75,11,1,11,0.1,0.001,0.5227
9896,-34.26,1,0,2,0.1,0.001,0.3704
9897,46.89,7,1,7,0.1,0.001,0.6985
9898,49.53,10,1,10,0.1,0.001,0.4534
9899,47.38,8,1,8,0.1,0.001,0.5475
9900,58.19,15,1,15,0.1,0.001,0.5462
9901,55.04,14,1,14,0.1,0.001,0.4315
9902,-19.86,10,0,11,0.1,0.001,0.5579
9903,46.05,8,1,8,0.1,0.001,0.3807
9904,-26.57,6,0,7,0.1,0.001,0.4897
9905,44.11,6,1,6,0.1,0.001,0.5186
9906,46.65,8,1,8,0.1,0.001,0.4565
9907,48.4,9,1,9,0.1,0.001,0.4884
9908,40.61,4,1,4,0.1,0.001,0.4027
9909,-32.54,2,0,3,0.1,0.001,0.4868
9910,47.0,8,1,8,0.1,0.001,0.5004
9911,50.12,10,1,10,0.1,0.001,0.5119
9912,-30.3,4,0,5,0.1,0.001,0.3402
9913,-28.32,5,0,6,0.1,0.001,0.4468
9914,42.29,5,1,5,0.1,0.001,0.4576
9915,46.65,8,1,8,0.1,0.001,0.4562
9916,-34.58,1,0,2,0.1,0.001,0.2115
9917,48.48,9,1,9,0.1,0.001,0.4983
9918,50.31,11,1,11,0.1,0.001,0.3921
9919,-29.5,4,0,5,0.1,0.001,0.4991
9920,43.97,6,1,6,0.1,0.001,0.4954
9921,51.09,11,1,11,0.1,0.001,0.4627
9922,53.66,12,1,12,0.1,0.001,0.5548
9923,-28.29,5,0,6,0.1,0.001,0.4522
9924,-34.28,1,0,2,0.1,0.001,0.3594
9925,43.8,6,1,6,0.1,0.001,0.4669
9926,-34.52,1,0,2,0.1,0.001,0.2407
9927,43.22,6,1,6,0.1,0.001,0.3705
9928,39.3,3,1,3,0.1,0.001,0.4333
9929,45.77,7,1,7,0.1,0.001,0.5383
9930,44.86,7,1,7,0.1,0.001,0.4079
9931,45.62,7,1,7,0.1,0.001,0.5168
9932,51.29,11,1,11,0.1,0.001,0.4806
9933,41.0,4,1,4,0.1,0.001,0.5004
9934,-26.64,6,0,7,0.1,0.001,0.4805
9935,51.36,11,1,11,0.1,0.001,0.4877
9936,42.04,5,1,5,0.1,0.001,0.4073
9937,-28.63,5,0,6,0.1,0.001,0.3948
9938,-33.03,2,0,3,0.1,0.001,0.3218
9939,-22.33,8,0,9,0.1,0.001,0.6301
9940,-27.5,5,0,6,0.1,0.001,0.5826
9941,51.98,11,1,11,0.1,0.001,0.5434
9942,46.19,8,1,8,0.1,0.001,0.3985
9943,37.5,2,1,2,0.1,0.001,0.2512
9944,-32.99,2,0,3,0.1,0.001,0.3374
9945,-32.91,2,0,3,0.1,0.001,0.3631
9946,-34.52,1,0,2,0.1,0.001,0.2386
9947,43.67,6,1,6,0.1,0.001,0.4448
9948,37.72,2,1,2,0.1,0.001,0.3583
9949,-28.17,5,0,6,0.1,0.001,0.4723
9950,56.36,13,1,13,0.1,0.001,0.6431
9951,46.38,8,1,8,0.1,0.001,0.422
9952,40.4,4,1,4,0.1,0.001,0.3494
9953,47.93,8,1,8,0.1,0.001,0.6161
9954,-34.44,1,0,2,0.1,0.001,0.2814
9955,-31.47,3,0,4,0.1,0.001,0.383
9956,56.64,14,1,14,0.1,0.001,0.5456
9957,56.29,14,1,14,0.1,0.001,0.5209
9958,44.02,6,1,6,0.1,0.001,0.5027
9959,56.4,14,1,14,0.1,0.001,0.5289
9960,-30.17,4,0,5,0.1,0.001,0.3669
9961,45.11,7,1,7,0.1,0.001,0.444
9962,38.99,3,1,3,0.1,0.001,0.331
9963,-33.2,2,0,3,0.1,0.001,0.2664
9964,48.31,9,1,9,0.1,0.001,0.479
9965,-31.54,3,0,4,0.1,0.001,0.3656
9966,40.72,4,1,4,0.1,0.001,0.4293
9967,-24.4,7,0,8,0.1,0.001,0.5747
9968,-32.94,2,0,3,0.1,0.001,0.352
9969,45.07,7,1,7,0.1,0.001,0.4386
9970,43.88,6,1,6,0.1,0.001,0.4803
9971,43.93,6,1,6,0.1,0.001,0.488
9972,54.01,12,1,12,0.1,0.001,0.5844
9973,46.39,7,1,7,0.1,0.001,0.6268
9974,42.21,5,1,5,0.1,0.001,0.4418
9975,-33.07,2,0,3,0.1,0.001,0.3115
9976,44.85,7,1,7,0.1,0.001,0.4072
9977,43.58,6,1,6,0.1,0.001,0.4297
9978,44.07,6,1,6,0.1,0.001,0.5123
9979,42.01,5,1,5,0.1,0.001,0.4022
9980,40.31,4,1,4,0.1,0.001,0.3265
9981,-31.15,3,0,4,0.1,0.001,0.4617
9982,41.94,5,1,5,0.1,0.001,0.3886
9983,-22.4,9,0,10,0.1,0.001,0.4602
9984,36.17,1,1,1,0.1,0.001,0.1656
9985,-26.56,6,0,7,0.1,0.001,0.4912
9986,47.04,8,1,8,0.1,0.001,0.5049
9987,-22.14,9,0,10,0.1,0.001,0.4858
9988,48.91,9,1,9,0.1,0.001,0.5452
9989,49.66,10,1,10,0.1,0.001,0.4661
9990,47.2,8,1,8,0.1,0.001,0.5244
9991,49.23,9,1,9,0.1,0.001,0.5807
9992,-34.53,1,0,2,0.1,0.001,0.2333
9993,44.93,7,1,7,0.1,0.001,0.4186
9994,-26.82,6,0,7,0.1,0.001,0.4539
9995,39.08,3,1,3,0.1,0.001,0.359
9996,-24.95,7,0,8,0.1,0.001,0.5059
9997,38.87,3,1,3,0.1,0.001,0.2898
9998,43.82,6,1,6,0.1,0.001,0.4699
9999,-28.46,5,0,6,0.1,0.001,0.4234
10000,51.54,11,1,11,0.1,0.001,0.5039
10001,44.92,7,1,7,0.1,0.001,0.4167
10002,44.91,7,1,7,0.1,0.001,0.4151
10003,-33.04,2,0,3,0.1,0.001,0.3212
10004,37.72,2,1,2,0.1,0.001,0.3609
10005,48.13,9,1,9,0.1,0.001,0.459
10006,43.56,6,1,6,0.1,0.001,0.4269
10007,-21.89,9,0,10,0.1,0.001,0.5114
10008,50.34,9,1,9,0.1,0.001,0.7049
10009,-32.87,2,0,3,0.1,0.001,0.375
10010,39.12,3,1,3,0.1,0.001,0.3744
10011,-23.17,8,0,9,0.1,0.001,0.5365
10012,-31.2,3,0,4,0.1,0.001,0.4496
10013,41.89,5,1,5,0.1,0.001,0.3784
10014,41.88,5,1,5,0.1,0.001,0.3766
10015,50.77,10,1,10,0.1,0.001,0.5769
10016,-32.99,2,0,3,0.1,0.001,0.3354
10017,47.96,9,1,9,0.1,0.001,0.44
10018,43.43,6,1,6,0.1,0.001,0.4048
10019,43.49,6,1,6,0.1,0.001,0.4147
10020,43.86,6,1,6,0.1,0.001,0.4769
10021,46.85,8,1,8,0.1,0.001,0.4816
10022,62.92,17,1,17,0.1,0.001,0.6423
10023,44.95,7,1,7,0.1,0.001,0.4218
10024,-34.5,1,0,2,0.1,0.001,0.2518
10025,58.14,15,1,15,0.1,0.001,0.543
10026,-32.69,2,0,3,0.1,0.001,0.4365
10027,51.02,10,1,10,0.1,0.001,0.6023
10028,52.29,12,1,12,0.1,0.001,0.4412
10029,54.64,12,1,12,0.1,0.001,0.6363
10030,44.23,6,1,6,0.1,0.001,0.5382
10031,44.86,7,1,7,0.1,0.001,0.4084
10032,-18.62,11,0,12,0.1,0.001,0.5314
10033,50.56,10,1,10,0.1,0.001,0.5557
10034,-23.48,8,0,9,0.1,0.001,0.5025
10035,47.01,8,1,8,0.1,0.001,0.5009
10036,40.6,4,1,4,0.1,0.001,0.4011
10037,42.46,5,1,5,0.1,0.001,0.4913
10038,44.91,7,1,7,0.1,0.001,0.4154
10039,-31.35,3,0,4,0.1,0.001,0.4137
10040,-33.18,2,0,3,0.1,0.001,0.2748
10041,46.45,8,1,8,0.1,0.001,0.4311
10042,-33.18,2,0,3,0.1,0.001,0.2732
10043,68.63,22,1,22,0.1,0.001,0.5289
10044,-34.51,1,0,2,0.1,0.001,0.2466
10045,41.03,4,1,4,0.1,0.001,0.5083
10046,43.92,6,1,6,0.1,0.001,0.4864
10047,-32.95,2,0,3,0.1,0.001,0.3485
10048,43.39,6,1,6,0.1,0.001,0.3991
10049,46.99,8,1,8,0.1,0.001,0.4983
10050,53.34,12,1,12,0.1,0.001,0.528
10051,-34.36,1,0,2,0.1,0.001,0.3195
10052,48.96,10,1,10,0.1,0.001,0.3957
10053,-30.49,4,0,5,0.1,0.001,0.3024
10054,42.51,5,1,5,0.1,0.001,0.5028
10055,40.73,4,1,4,0.1,0.001,0.4315
10056,44.78,7,1,7,0.1,0.001,0.3974
10057,-22.05,9,0,10,0.1,0.001,0.4946
10058,48.45,9,1,9,0.1,0.001,0.495
10059,45.69,8,1,8,0.1,0.001,0.3361
10060,48.21,9,1,9,0.1,0.001,0.4675
10061,58.91,16,1,16,0.1,0.001,0.4943
10062,-29.5,4,0,5,0.1,0.001,0.4994
10063,-27.71,5,0,6,0.1,0.001,0.5483
10064,49.32,9,1,9,0.1,0.001,0.5913
10065,45.12,7,1,7,0.1,0.001,0.4461
10066,40.31,4,1,4,0.1,0.001,0.3275
10067,50.72,11,1,11,0.1,0.001,0.429
10068,50.1,10,1,10,0.1,0.001,0.5102
10069,44.83,7,1,7,0.1,0.001,0.4047
10070,42.21,5,1,5,0.1,0.001,0.4428
10071,46.27,8,1,8,0.1,0.001,0.409
10072,49.57,10,1,10,0.1,0.001,0.4566
10073,-33.02,2,0,3,0.1,0.001,0.3267
10074,45.54,7,1,7,0.1,0.001,0.5057
10075,48.64,9,1,9,0.1,0.001,0.5159
10076,43.59,6,1,6,0.1,0.001,0.432
10077,43.49,6,1,6,0.1,0.001,0.4155
10078,39.15,3,1,3,0.1,0.001,0.3828
10079,51.66,11,1,11,0.1,0.001,0.5141
10080,49.25,10,1,10,0.1,0.001,0.4255
10081,41.91,5,1,5,0.1,0.001,0.3828
10082,-26.76,6,0,7,0.1,0.001,0.4629
10083,40.31,4,1,4,0.1,0.001,0.3263
10084,-18.41,11,0,12,0.1,0.001,0.5489
10085,-24.56,8,0,9,0.1,0.001,0.3817
10086,41.63,4,1,4,0.1,0.001,0.6569
10087,-31.36,3,0,4,0.1,0.001,0.4109
10088,42.02,5,1,5,0.1,0.001,0.4041
10089,-29.23,4,0,5,0.1,0.001,0.5548
10090,55.99,14,1,14,0.1,0.001,0.4992
10091,-33.24,2,0,3,0.1,0.001,0.2533
10092,52.41,12,1,12,0.1,0.001,0.4508
10093,-24.64,7,0,8,0.1,0.001,0.5448
10094,-31.3,3,0,4,0.1,0.001,0.4242
10095,43.16,6,1,6,0.1,0.001,0.3606
10096,47.41,9,1,9,0.1,0.001,0.3793
10097,-31.68,3,0,4,0.1,0.001,0.3301
10098,-27.48,6,0,7,0.1,0.001,0.3601
10099,43.85,6,1,6,0.1,0.001,0.4755
10100,44.35,6,1,6,0.1,0.001,0.5582
10101,-22.09,8,0,9,0.1,0.001,0.6564
10102,55.21,14,1,14,0.1,0.001,0.4437
10103,47.53,9,1,9,0.1,0.001,0.3927
10104,51.47,11,1,11,0.1,0.001,0.497
10105,47.09,8,1,8,0.1,0.001,0.5111
10106,-29.95,4,0,5,0.1,0.001,0.4091
10107,47.38,9,1,9,0.1,0.001,0.3758
10108,50.9,10,1,10,0.1,0.001,0.5901
10109,44.84,7,1,7,0.1,0.001,0.4055
10110,-33.27,2,0,3,0.1,0.001,0.2426
10111,43.81,6,1,6,0.1,0.001,0.4691
10112,-34.5,1,0,2,0.1,0.001,0.2495
10113,-34.55,1,0,2,0.1,0.001,0.2266
10114,49.77,10,1,10,0.1,0.001,0.4773
10115,42.31,5,1,5,0.1,0.001,0.4624
10116,42.18,5,1,5,0.1,0.001,0.4367
10117,39.4,3,1,3,0.1,0.001,0.4654
10118,51.18,10,1,10,0.1,0.001,0.618
10119,43.61,6,1,6,0.1,0.001,0.4351
10120,-27.28,6,0,7,0.1,0.001,0.3879
10121,40.72,4,1,4,0.1,0.001,0.4301
10122,38.95,3,1,3,0.1,0.001,0.3166
10123,43.22,6,1,6,0.1,0.001,0.3694
10124,43.47,6,1,6,0.1,0.001,0.4112
10125,-33.12,2,0,3,0.1,0.001,0.2932
10126,39.15,3,1,3,0.1,0.001,0.3824
10127,46.2,8,1,8,0.1,0.001,0.3999
10128,55.81,13,1,13,0.1,0.001,0.6009
10129,-24.52,7,0,8,0.1,0.001,0.5595
10130,-22.94,8,0,9,0.1,0.001,0.5627
10131,48.29,9,1,9,0.1,0.001,0.4764
10132,42.22,5,1,5,0.1,0.001,0.4432
10133,43.16,5,1,5,0.1,0.001,0.6324
10134,44.82,7,1,7,0.1,0.001,0.4022
10135,40.72,4,1,4,0.1,0.001,0.4312
10136,43.35,6,1,6,0.1,0.001,0.3923
10137,47.94,9,1,9,0.1,0.001,0.4376
10138,-33.1,2,0,3,0.1,0.001,0.2995
10139,48.08,9,1,9,0.1,0.001,0.453
10140,-31.48,3,0,4,0.1,0.001,0.3797
10141,42.44,5,1,5,0.1,0.001,0.4879
10142,-30.19,4,0,5,0.1,0.001,0.3614
10143,42.08,5,1,5,0.1,0.001,0.4157
10144,40.63,4,1,4,0.1,0.001,0.4075
10145,-28.67,5,0,6,0.1,0.001,0.3879
10146,-30.41,4,0,5,0.1,0.001,0.3171
10147,44.95,7,1,7,0.1,0.001,0.4214
10148,45.2,7,1,7,0.1,0.001,0.4577
10149,57.97,15,1,15,0.1,0.001,0.531
10150,46.56,8,1,8,0.1,0.001,0.4455
10151,-22.5,9,0,10,0.1,0.001,0.4502
10152,-30.04,4,0,5,0.1,0.001,0.3921
10153,45.4,7,1,7,0.1,0.001,0.4851
10154,57.66,14,1,14,0.1,0.001,0.6188
10155,-34.51,1,0,2,0.1,0.001,0.243
10156,55.56,13,1,13,0.1,0.001,0.5814
10157,53.01,12,1,12,0.1,0.001,0.5011
10158,50.77,11,1,11,0.1,0.001,0.4332
10159,-28.74,5,0,6,0.1,0.001,0.3771
10160,40.85,4,1,4,0.1,0.001,0.4613
10161,-23.83,8,0,9,0.1,0.001,0.4631
10162,47.67,9,1,9,0.1,0.001,0.4079
10163,51.18,11,1,11,0.1,0.001,0.4711
10164,-34.33,1,0,2,0.1,0.001,0.3354
10165,44.31,7,1,7,0.1,0.001,0.3307
10166,52.72,12,1,12,0.1,0.001,0.4768
10167,43.69,6,1,6,0.1,0.001,0.4491
10168,37.85,2,1,2,0.1,0.001,0.4265
10169,48.2,9,1,9,0.1,0.001,0.467
10170,51.31,11,1,11,0.1,0.001,0.4828
10171,37.56,2,1,2,0.1,0.001,0.2779
10172,-29.22,4,0,5,0.1,0.001,0.5562
10173,39.15,3,1,3,0.1,0.001,0.3844
10174,55.35,13,1,13,0.1,0.001,0.5657
10175,45.92,7,1,7,0.1,0.001,0.5604
10176,49.78,10,1,10,0.1,0.001,0.4781
10177,40.54,4,1,4,0.1,0.001,0.3857
10178,46.42,8,1,8,0.1,0.001,0.4278
10179,40.7,4,1,4,0.1,0.001,0.4238
10180,62.2,17,1,17,0.1,0.001,0.6
10181,44.6,7,1,7,0.1,0.001,0.3712
10182,40.46,4,1,4,0.1,0.001,0.3655
10183,55.91,14,1,14,0.1,0.001,0.4934
10184,-23.38,8,0,9,0.1,0.001,0.5137
10185,-34.59,1,0,2,0.1,0.001,0.2057
10186,-23.52,8,0,9,0.1,0.001,0.4976
10187,42.29,5,1,5,0.1,0.001,0.4587
10188,52.28,12,1,12,0.1,0.001,0.4399
10189,42.39,5,1,5,0.1,0.001,0.4781
10190,-25.08,7,0,8,0.1,0.001,0.4899
10191,-11.39,14,0,15,0.1,0.001,0.7071
10192,-34.38,1,0,2,0.1,0.001,0.3097
10193,48.18,9,1,9,0.1,0.001,0.4643
10194,41.91,5,1,5,0.1,0.001,0.3811
10195,-33.05,2,0,3,0.1,0.001,0.3181
10196,44.89,7,1,7,0.1,0.001,0.4124
10197,47.8,8,1,8,0.1,0.001,0.6001
10198,39.14,3,1,3,0.1,0.001,0.3787
10199,40.35,4,1,4,0.1,0.001,0.3369
10200,51.66,11,1,11,0.1,0.001,0.5141
10201,41.83,5,1,5,0.1,0.001,0.3661
10202,-25.8,7,0,8,0.1,0.001,0.4004
10203,53.91,12,1,12,0.1,0.001,0.576
10204,-30.02,4,0,5,0.1,0.001,0.3962
10205,40.38,4,1,4,0.1,0.001,0.3458
10206,48.11,9,1,9,0.1,0.001,0.4568
10207,46.45,8,1,8,0.1,0.001,0.4308
10208,46.68,8,1,8,0.1,0.001,0.4595
10209,-33.13,2,0,3,0.1,0.001,0.2896
10210,45.57,7,1,7,0.1,0.001,0.5105
10211,46.47,8,1,8,0.1,0.001,0.4331
10212,53.89,13,1,13,0.1,0.001,0.4532
10213,-34.49,1,0,2,0.1,0.001,0.2553
10214,-19.94,10,0,11,0.1,0.001,0.5512
10215,-22.69,9,0,10,0.1,0.001,0.4308
10216,-31.23,3,0,4,0.1,0.001,0.4428
10217,42.01,5,1,5,0.1,0.001,0.4015
10218,57.6,14,1,14,0.1,0.001,0.614
10219,53.53,12,1,12,0.1,0.001,0.5445
10220,51.34,11,1,11,0.1,0.001,0.4855
10221,44.01,6,1,6,0.1,0.001,0.5018
10222,44.76,7,1,7,0.1,0.001,0.3938
10223,46.96,8,1,8,0.1,0.001,0.4945
10224,51.56,11,1,11,0.1,0.001,0.5052
10225,49.73,10,1,10,0.1,0.001,0.4731
10226,51.45,11,1,11,0.1,0.001,0.4956
10227,-34.52,1,0,2,0.1,0.001,0.2393
10228,-34.4,1,0,2,0.1,0.001,0.302
10229,40.3,4,1,4,0.1,0.001,0.3262
10230,-27.5,6,0,7,0.1,0.001,0.3576
10231,-34.55,1,0,2,0.1,0.001,0.2272
10232,-30.71,3,0,4,0.1,0.001,0.5737
10233,48.9,10,1,10,0.1,0.001,0.39
10234,-32.91,2,0,3,0.1,0.001,0.3623
10235,-32.85,2,0,3,0.1,0.001,0.3831
10236,46.37,8,1,8,0.1,0.001,0.4211
10237,-34.42,1,0,2,0.1,0.001,0.2908
10238,44.06,6,1,6,0.1,0.001,0.51
10239,39.19,3,1,3,0.1,0.001,0.3953
10240,39.16,3,1,3,0.1,0.001,0.3867
10241,49.34,10,1,10,0.1,0.001,0.4339
10242,41.84,5,1,5,0.1,0.001,0.3689
10243,-31.83,3,0,4,0.1,0.001,0.2915
10244,41.99,5,1,5,0.1,0.001,0.3974
10245,55.47,13,1,13,0.1,0.001,0.5742
10246,-22.61,9,0,10,0.1,0.001,0.4392
10247,51.31,11,1,11,0.1,0.001,0.4823
10248,50.71,10,1,10,0.1,0.001,0.571
10249,53.49,11,1,11,0.1,0.001,0.6805
10250,46.51,8,1,8,0.1,0.001,0.4393
10251,42.11,5,1,5,0.1,0.001,0.4224
10252,43.9,6,1,6,0.1,0.001,0.4839
10253,50.35,10,1,10,0.1,0.001,0.5347
10254,41.95,5,1,5,0.1,0.001,0.3892
10255,43.31,6,1,6,0.1,0.001,0.3855
10256,49.81,10,1,10,0.1,0.001,0.4806
10257,42.5,5,1,5,0.1,0.001,0.5009
10258,-34.54,1,0,2,0.1,0.001,0.2307
10259,42.32,5,1,5,0.1,0.001,0.4649
10260,48.86,10,1,10,0.1,0.001,0.3858
10261,46.78,8,1,8,0.1,0.001,0.4729
10262,50.02,10,1,10,0.1,0.001,0.5023
10263,48.4,9,1,9,0.1,0.001,0.489
10264,49.26,9,1,9,0.1,0.001,0.585
10265,61.24,17,1,17,0.1,0.001,0.5433
10266,45.35,7,1,7,0.1,0.001,0.478
10267,53.53,12,1,12,0.1,0.001,0.5438
10268,51.84,11,1,11,0.1,0.001,0.531
10269,49.31,10,1,10,0.1,0.001,0.4306
10270,42.09,5,1,5,0.1,0.001,0.4188
10271,45.76,7,1,7,0.1,0.001,0.5367
10272,48.71,9,1,9,0.1,0.001,0.5235
10273,44.96,7,1,7,0.1,0.001,0.423
10274,41.68,5,1,5,0.1,0.001,0.3352
10275,45.56,7,1,7,0.1,0.001,0.5092
10276,-34.39,1,0,2,0.1,0.001,0.3035
10277,44.86,7,1,7,0.1,0.001,0.4083
10278,-26.98,6,0,7,0.1,0.001,0.4318
10279,71.01,22,1,22,0.1,0.001,0.6368
10280,36.15,1,1,1,0.1,0.001,0.1547
10281,40.84,4,1,4,0.1,0.001,0.4598
10282,-24.34,8,0,9,0.1,0.001,0.4071
10283,41.69,5,1,5,0.1,0.001,0.3386
10284,40.58,4,1,4,0.1,0.001,0.3953
10285,-33.23,2,0,3,0.1,0.001,0.256
10286,48.1,9,1,9,0.1,0.001,0.455
10287,52.24,12,1,12,0.1,0.001,0.4365
10288,39.07,3,1,3,0.1,0.001,0.3557
10289,-23.32,8,0,9,0.1,0.001,0.5198
10290,36.17,1,1,1,0.1,0.001,0.1746
10291,-15.87,13,0,14,0.1,0.001,0.5094
10292,54.4,13,1,13,0.1,0.001,0.4926
10293,-34.43,1,0,2,0.1,0.001,0.2832
10294,45.53,7,1,7,0.1,0.001,0.5038
10295,45.2,7,1,7,0.1,0.001,0.4574
10296,-26.09,6,0,7,0.1,0.001,0.5587
10297,38.98,3,1,3,0.1,0.001,0.3268
10298,50.9,11,1,11,0.1,0.001,0.4458
10299,-24.08,8,0,9,0.1,0.001,0.436
10300,-31.6,3,0,4,0.1,0.001,0.3508
10301,42.63,5,1,5,0.1,0.001,0.5257
10302,49.7,10,1,10,0.1,0.001,0.4702
10303,43.21,6,1,6,0.1,0.001,0.3686
10304,57.33,15,1,15,0.1,0.001,0.4885
10305,43.29,6,1,6,0.1,0.001,0.382
10306,42.02,5,1,5,0.1,0.001,0.4033
10307,44.9,7,1,7,0.1,0.001,0.4139
10308,53.72,13,1,13,0.1,0.001,0.4399
10309,40.55,4,1,4,0.1,0.001,0.3871
10310,40.68,4,1,4,0.1,0.001,0.4211
10311,39.03,3,1,3,0.1,0.001,0.3448
10312,45.13,7,1,7,0.1,0.001,0.4474
10313,39.09,3,1,3,0.1,0.001,0.3631
10314,42.96,6,1,6,0.1,0.001,0.3266
10315,46.57,8,1,8,0.1,0.001,0.4465
10316,41.92,5,1,5,0.1,0.001,0.3836
10317,43.28,6,1,6,0.1,0.001,0.3802
10318,-32.96,2,0,3,0.1,0.001,0.3459
10319,-34.45,1,0,2,0.1,0.001,0.275
10320,43.85,6,1,6,0.1,0.001,0.4743
10321,45.11,7,1,7,0.1,0.001,0.4442
10322,50.23,10,1,10,0.1,0.001,0.5229
10323,-30.81,3,0,4,0.1,0.001,0.5463
10324,46.53,7,1,7,0.1,0.001,0.6467
10325,-34.4,1,0,2,0.1,0.001,0.2988
10326,-27.8,6,0,7,0.1,0.001,0.3142
10327,45.1,7,1,7,0.1,0.001,0.4431
10328,53.91,13,1,13,0.1,0.001,0.4549
10329,54.46,13,1,13,0.1,0.001,0.4972
10330,42.49,5,1,5,0.1,0.001,0.4984
10331,58.47,15,1,15,0.1,0.001,0.5648
10332,-31.63,3,0,4,0.1,0.001,0.3425
10333,49.69,10,1,10,0.1,0.001,0.4693
10334,43.66,6,1,6,0.1,0.001,0.444
10335,46.96,8,1,8,0.1,0.001,0.4946
10336,42.21,5,1,5,0.1,0.001,0.4423
10337,45.56,7,1,7,0.1,0.001,0.5087
10338,47.64,9,1,9,0.1,0.001,0.4046
10339,-17.17,12,0,13,0.1,0.001,0.5257
10340,49.43,10,1,10,0.1,0.001,0.4433
10341,-34.45,1,0,2,0.1,0.001,0.2745
10342,-29.83,4,0,5,0.1,0.001,0.4341
10343,43.08,6,1,6,0.1,0.001,0.3471
10344,43.3,6,1,6,0.1,0.001,0.384
10345,-20.72,10,0,11,0.1,0.001,0.4802
10346,43.65,6,1,6,0.1,0.001,0.4417
10347,-33.34,2,0,3,0.1,0.001,0.2205
10348,-24.21,8,0,9,0.1,0.001,0.421
10349,48.81,9,1,9,0.1,0.001,0.5346
10350,44.98,7,1,7,0.1,0.001,0.4258
10351,-34.59,1,0,2,0.1,0.001,0.2035
10352,44.93,7,1,7,0.1,0.001,0.4192
10353,-27.1,6,0,7,0.1,0.001,0.4144
10354,-29.97,4,0,5,0.1,0.001,0.4063
10355,-20.18,10,0,11,0.1,0.001,0.529
10356,56.06,14,1,14,0.1,0.001,0.5045
10357,-23.0,8,0,9,0.1,0.001,0.5561
10358,43.13,5,1,5,0.1,0.001,0.6263
10359,50.14,10,1,10,0.1,0.001,0.5138
10360,50.72,11,1,11,0.1,0.001,0.4295
10361,40.46,4,1,4,0.1,0.001,0.3653
10362,43.93,6,1,6,0.1,0.001,0.4884
10363,48.82,9,1,9,0.1,0.001,0.536
10364,45.24,7,1,7,0.1,0.001,0.4629
10365,43.89,6,1,6,0.1,0.001,0.4812
10366,50.84,10,1,10,0.1,0.001,0.5835
10367,39.29,3,1,3,0.1,0.001,0.4308
10368,51.84,11,1,11,0.1,0.001,0.5313
10369,-26.0,6,0,7,0.1,0.001,0.5708
10370,-30.12,4,0,5,0.1,0.001,0.3769
10371,42.08,5,1,5,0.1,0.001,0.4155
10372,-30.25,4,0,5,0.1,0.001,0.3498
10373,37.78,2,1,2,0.1,0.001,0.3921
10374,-28.19,5,0,6,0.1,0.001,0.4676
10375,41.1,4,1,4,0.1,0.001,0.5243
10376,44.9,7,1,7,0.1,0.001,0.4141
10377,-19.55,11,0,12,0.1,0.001,0.4543
10378,40.43,4,1,4,0.1,0.001,0.3566
10379,39.07,3,1,3,0.1,0.001,0.3568
10380,52.84,13,1,13,0.1,0.001,0.3726
10381,-34.54,1,0,2,0.1,0.001,0.2284
10382,50.77,11,1,11,0.1,0.001,0.4339
10383,43.79,6,1,6,0.1,0.001,0.4654
10384,-31.96,3,0,4,0.1,0.001,0.2597
10385,-34.59,1,0,2,0.1,0.001,0.205
10386,-33.19,2,0,3,0.1,0.001,0.2685
10387,54.7,13,1,13,0.1,0.001,0.5155
10388,-30.04,4,0,5,0.1,0.001,0.3925
10389,-31.49,3,0,4,0.1,0.001,0.3785
10390,46.84,8,1,8,0.1,0.001,0.4797
10391,50.21,11,1,11,0.1,0.001,0.3824
10392,-23.32,8,0,9,0.1,0.001,0.5204
10393,42.07,5,1,5,0.1,0.001,0.4136
10394,49.73,10,1,10,0.1,0.001,0.4734
10395,-34.54,1,0,2,0.1,0.001,0.2292
10396,43.62,6,1,6,0.1,0.001,0.4375
10397,45.4,7,1,7,0.1,0.001,0.4864
10398,40.52,4,1,4,0.1,0.001,0.3803
10399,40.29,4,1,4,0.1,0.001,0.3222
10400,43.53,6,1,6,0.1,0.001,0.422
10401,-30.46,4,0,5,0.1,0.001,0.307
10402,45.01,7,1,7,0.1,0.001,0.4299
10403,51.93,11,1,11,0.1,0.001,0.5388
10404,52.36,12,1,12,0.1,0.001,0.4468
10405,45.44,7,1,7,0.1,0.001,0.4908
10406,40.83,4,1,4,0.1,0.001,0.4577
10407,41.65,5,1,5,0.1,0.001,0.3294
10408,-32.98,2,0,3,0.1,0.001,0.3398
10409,41.88,5,1,5,0.1,0.001,0.3769
10410,42.14,5,1,5,0.1,0.001,0.4283
10411,46.58,8,1,8,0.1,0.001,0.4479
10412,45.66,7,1,7,0.1,0.001,0.5227
10413,48.02,9,1,9,0.1,0.001,0.4469
10414,50.0,10,1,10,0.1,0.001,0.5004
10415,60.01,16,1,16,0.1,0.001,0.5633
10416,47.35,8,1,8,0.1,0.001,0.5437
10417,42.32,5,1,5,0.1,0.001,0.4633
10418,-25.4,7,0,8,0.1,0.001,0.45
10419,54.5,12,1,12,0.1,0.001,0.625
10420,-34.61,1,0,2,0.1,0.001,0.1969
10421,39.41,3,1,3,0.1,0.001,0.47
10422,39.27,3,1,3,0.1,0.001,0.4248
10423,-33.35,2,0,3,0.1,0.001,0.2175
10424,53.75,13,1,13,0.1,0.001,0.4421
10425,39.01,3,1,3,0.1,0.001,0.3375
10426,-29.57,4,0,5,0.1,0.001,0.487
10427,-31.51,3,0,4,0.1,0.001,0.3734
10428,56.18,14,1,14,0.1,0.001,0.5126
10429,56.94,14,1,14,0.1,0.001,0.5674
10430,59.92,17,1,17,0.1,0.001,0.4661
10431,48.16,9,1,9,0.1,0.001,0.4619
10432,-28.02,5,0,6,0.1,0.001,0.4961
10433,44.51,6,1,6,0.1,0.001,0.5851
10434,39.32,3,1,3,0.1,0.001,0.4408
10435,45.84,7,1,7,0.1,0.001,0.5479
10436,41.85,5,1,5,0.1,0.001,0.3693
10437,63.27,18,1,18,0.1,0.001,0.5707
10438,43.81,6,1,6,0.1,0.001,0.4687
10439,-31.12,3,0,4,0.1,0.001,0.4688
10440,-31.95,3,0,4,0.1,0.001,0.2633
10441,52.18,12,1,12,0.1,0.001,0.4314
10442,-26.8,6,0,7,0.1,0.001,0.4571
10443,42.35,5,1,5,0.1,0.001,0.4693
10444,39.25,3,1,3,0.1,0.001,0.4155
10445,44.86,7,1,7,0.1,0.001,0.409
10446,45.69,7,1,7,0.1,0.001,0.5268
10447,-34.43,1,0,2,0.1,0.001,0.2836
10448,-14.55,13,0,14,0.1,0.001,0.6036
10449,-30.78,3,0,4,0.1,0.001,0.5549
10450,41.94,5,1,5,0.1,0.001,0.3877
10451,45.0,7,1,7,0.1,0.001,0.4281
10452,42.18,5,1,5,0.1,0.001,0.4366
10453,52.73,12,1,12,0.1,0.001,0.4776
10454,40.69,4,1,4,0.1,0.001,0.4214
10455,39.27,3,1,3,0.1,0.001,0.4245
10456,39.66,3,1,3,0.1,0.001,0.5529
10457,54.8,14,1,14,0.1,0.001,0.4142
10458,47.58,8,1,8,0.1,0.001,0.5723
10459,41.74,5,1,5,0.1,0.001,0.3485
10460,45.28,7,1,7,0.1,0.001,0.4692
10461,40.87,4,1,4,0.1,0.001,0.4683
10462,51.11,11,1,11,0.1,0.001,0.4645
10463,48.12,9,1,9,0.1,0.001,0.4573
10464,40.39,4,1,4,0.1,0.001,0.3483
10465,48.78,9,1,9,0.1,0.001,0.5309
10466,-31.5,3,0,4,0.1,0.001,0.3741
10467,42.31,5,1,5,0.1,0.001,0.4621
10468,44.74,7,1,7,0.1,0.001,0.3909
10469,50.81,11,1,11,0.1,0.001,0.4371
10470,45.22,7,1,7,0.1,0.001,0.4599
10471,46.12,7,1,7,0.1,0.001,0.5881
10472,50.04,10,1,10,0.1,0.001,0.5036
10473,44.13,6,1,6,0.1,0.001,0.5217
10474,47.72,9,1,9,0.1,0.001,0.4139
10475,46.0,7,1,7,0.1,0.001,0.5708
10476,52.52,11,1,11,0.1,0.001,0.5927
10477,43.33,6,1,6,0.1,0.001,0.3876
10478,55.87,13,1,13,0.1,0.001,0.6053
10479,45.38,7,1,7,0.1,0.001,0.4823
10480,47.0,8,1,8,0.1,0.001,0.5005
10481,38.96,3,1,3,0.1,0.001,0.3192
10482,49.18,10,1,10,0.1,0.001,0.4178
10483,43.33,6,1,6,0.1,0.001,0.3889
10484,-27.93,5,0,6,0.1,0.001,0.5111
10485,48.26,9,1,9,0.1,0.001,0.4736
10486,44.21,7,1,7,0.1,0.001,0.316
10487,-30.12,4,0,5,0.1,0.001,0.3753
10488,49.92,10,1,10,0.1,0.001,0.4923
10489,39.46,3,1,3,0.1,0.001,0.4883
10490,47.26,8,1,8,0.1,0.001,0.5321
10491,44.59,7,1,7,0.1,0.001,0.3706
10492,40.62,4,1,4,0.1,0.001,0.4053
10493,-33.12,2,0,3,0.1,0.001,0.2919
10494,-34.59,1,0,2,0.1,0.001,0.204
10495,49.41,9,1,9,0.1,0.001,0.6008
10496,57.09,14,1,14,0.1,0.001,0.578
10497,-31.16,3,0,4,0.1,0.001,0.4606
10498,40.14,4,1,4,0.1,0.001,0.2848
10499,41.82,5,1,5,0.1,0.001,0.3645
10500,45.88,7,1,7,0.1,0.001,0.5539
10501,-34.59,1,0,2,0.1,0.001,0.2028
10502,46.07,8,1,8,0.1,0.001,0.3835
10503,49.86,10,1,10,0.1,0.001,0.486
10504,40.46,4,1,4,0.1,0.001,0.3658
10505,43.24,6,1,6,0.1,0.001,0.3735
10506,40.33,4,1,4,0.1,0.001,0.3325
10507,41.63,5,1,5,0.1,0.001,0.3262
10508,-32.63,2,0,3,0.1,0.001,0.4557
10509,43.65,6,1,6,0.1,0.001,0.4413
10510,43.19,6,1,6,0.1,0.001,0.3656
10511,51.74,10,1,10,0.1,0.001,0.6735
10512,41.99,5,1,5,0.1,0.001,0.3988
10513,-33.04,2,0,3,0.1,0.001,0.3195
10514,40.31,4,1,4,0.1,0.001,0.3277
10515,40.53,4,1,4,0.1,0.001,0.3836
10516,-34.22,1,0,2,0.1,0.001,0.3923
10517,46.61,8,1,8,0.1,0.001,0.4517
10518,-25.04,7,0,8,0.1,0.001,0.4955
10519,43.4,6,1,6,0.1,0.001,0.4004
10520,49.77,10,1,10,0.1,0.001,0.4766
10521,49.32,10,1,10,0.1,0.001,0.4315
10522,-30.06,4,0,5,0.1,0.001,0.3879
10523,42.09,5,1,5,0.1,0.001,0.4171
10524,42.16,5,1,5,0.1,0.001,0.4324
10525,-24.86,7,0,8,0.1,0.001,0.518
10526,46.2,8,1,8,0.1,0.001,0.4006
10527,47.85,9,1,9,0.1,0.001,0.428
10528,-34.59,1,0,2,0.1,0.001,0.2043
10529,49.19,10,1,10,0.1,0.001,0.4191
10530,38.86,3,1,3,0.1,0.001,0.2851
10531,43.59,6,1,6,0.1,0.001,0.432
10532,37.55,2,1,2,0.1,0.001,0.2773
10533,-31.64,3,0,4,0.1,0.001,0.3389
10534,46.2,8,1,8,0.1,0.001,0.4001
10535,44.57,7,1,7,0.1,0.001,0.3671
10536,-14.33,13,0,14,0.1,0.001,0.6192
10537,46.55,8,1,8,0.1,0.001,0.444
10538,-32.73,2,0,3,0.1,0.001,0.4227
10539,48.62,9,1,9,0.1,0.001,0.5134
10540,42.0,5,1,5,0.1,0.001,0.4
10541,44.87,7,1,7,0.1,0.001,0.4096
10542,58.43,15,1,15,0.1,0.001,0.562
10543,46.64,8,1,8,0.1,0.001,0.4551
10544,40.54,4,1,4,0.1,0.001,0.3843
10545,41.83,5,1,5,0.1,0.001,0.3651
10546,-21.63,9,0,10,0.1,0.001,0.5374
10547,-32.76,2,0,3,0.1,0.001,0.4125
10548,46.68,8,1,8,0.1,0.001,0.4597
10549,42.07,5,1,5,0.1,0.001,0.4145
10550,-33.11,2,0,3,0.1,0.001,0.2974
10551,40.4,4,1,4,0.1,0.001,0.351
10552,50.2,10,1,10,0.1,0.001,0.5204
10553,-34.54,1,0,2,0.1,0.001,0.2302
10554,-18.75,11,0,12,0.1,0.001,0.5207
10555,43.59,6,1,6,0.1,0.001,0.4315
10556,-33.16,2,0,3,0.1,0.001,0.2812
10557,-24.88,8,0,9,0.1,0.001,0.3464
10558,41.66,5,1,5,0.1,0.001,0.332
10559,-24.07,8,0,9,0.1,0.001,0.4372
10560,39.0,3,1,3,0.1,0.001,0.3318
10561,42.52,5,1,5,0.1,0.001,0.5036
10562,53.11,12,1,12,0.1,0.001,0.5094
10563,38.89,3,1,3,0.1,0.001,0.2958
10564,42.22,5,1,5,0.1,0.001,0.4431
10565,41.93,5,1,5,0.1,0.001,0.3851
10566,45.39,7,1,7,0.1,0.001,0.4839
10567,51.64,11,1,11,0.1,0.001,0.5131
10568,44.78,7,1,7,0.1,0.001,0.3966
10569,48.47,9,1,9,0.1,0.001,0.497
10570,49.48,10,1,10,0.1,0.001,0.4478
10571,44.14,6,1,6,0.1,0.001,0.5231
10572,58.17,14,1,14,0.1,0.001,0.6549
10573,46.64,8,1,8,0.1,0.001,0.4553
10574,47.55,9,1,9,0.1,0.001,0.3945
10575,-33.2,2,0,3,0.1,0.001,0.2678
10576,48.32,9,1,9,0.1,0.001,0.4801
10577,-20.5,10,0,11,0.1,0.001,0.4997
10578,47.43,8,1,8,0.1,0.001,0.5543
10579,42.31,5,1,5,0.1,0.001,0.4628
10580,47.74,9,1,9,0.1,0.001,0.4158
10581,-32.77,2,0,3,0.1,0.001,0.4105
10582,41.1,4,1,4,0.1,0.001,0.5243
10583,37.62,2,1,2,0.1,0.001,0.3114
10584,-34.36,1,0,2,0.1,0.001,0.3208
10585,44.81,7,1,7,0.1,0.001,0.4018
10586,40.64,4,1,4,0.1,0.001,0.4112
10587,48.19,9,1,9,0.1,0.001,0.4657
10588,42.24,5,1,5,0.1,0.001,0.4485
10589,44.68,7,1,7,0.1,0.001,0.3828
10590,-31.36,3,0,4,0.1,0.001,0.4098
10591,48.37,9,1,9,0.1,0.001,0.486
10592,46.34,8,1,8,0.1,0.001,0.4181
10593,41.87,5,1,5,0.1,0.001,0.3736
10594,-17.23,12,0,13,0.1,0.001,0.5207
10595,50.14,10,1,10,0.1,0.001,0.5142
10596,45.15,7,1,7,0.1,0.001,0.4502
10597,46.44,8,1,8,0.1,0.001,0.43
10598,-29.93,4,0,5,0.1,0.001,0.4136
10599,-34.61,1,0,2,0.1,0.001,0.1934
10600,-29.55,4,0,5,0.1,0.001,0.4903
10601,40.44,4,1,4,0.1,0.001,0.3588
10602,40.43,4,1,4,0.1,0.001,0.3583
10603,-31.59,3,0,4,0.1,0.001,0.352
10604,-34.57,1,0,2,0.1,0.001,0.2153
10605,-26.67,6,0,7,0.1,0.001,0.4754
10606,-26.67,6,0,7,0.1,0.001,0.4759
10607,37.63,2,1,2,0.1,0.001,0.3143
10608,43.78,6,1,6,0.1,0.001,0.4636
10609,-34.61,1,0,2,0.1,0.001,0.1948
10610,-27.21,6,0,7,0.1,0.001,0.3983
10611,42.17,5,1,5,0.1,0.001,0.4341
10612,53.12,12,1,12,0.1,0.001,0.5102
10613,47.24,8,1,8,0.1,0.001,0.5305
10614,45.69,8,1,8,0.1,0.001,0.3361
10615,54.06,12,1,12,0.1,0.001,0.5883
10616,52.65,11,1,11,0.1,0.001,0.6048
10617,-34.56,1,0,2,0.1,0.001,0.2222
10618,42.12,5,1,5,0.1,0.001,0.423
10619,-34.55,1,0,2,0.1,0.001,0.2238
10620,48.31,9,1,9,0.1,0.001,0.4785
10621,37.58,2,1,2,0.1,0.001,0.2917
10622,46.01,8,1,8,0.1,0.001,0.3763
10623,-26.8,6,0,7,0.1,0.001,0.4565
10624,49.76,10,1,10,0.1,0.001,0.4758
10625,46.44,8,1,8,0.1,0.001,0.4306
10626,46.52,8,1,8,0.1,0.001,0.4401
10627,-32.82,2,0,3,0.1,0.001,0.3945
10628,47.26,9,1,9,0.1,0.001,0.3617
10629,39.17,3,1,3,0.1,0.001,0.3905
10630,43.8,6,1,6,0.1,0.001,0.4672
10631,-31.71,3,0,4,0.1,0.001,0.3225
10632,45.17,7,1,7,0.1,0.001,0.4523
10633,-31.68,3,0,4,0.1,0.001,0.3292
10634,45.09,7,1,7,0.1,0.001,0.4412
10635,41.71,5,1,5,0.1,0.001,0.3413
10636,44.99,7,1,7,0.1,0.001,0.4272
10637,-34.6,1,0,2,0.1,0.001,0.1983
10638,43.16,6,1,6,0.1,0.001,0.3602
10639,47.56,9,1,9,0.1,0.001,0.3958
10640,45.83,8,1,8,0.1,0.001,0.3533
10641,45.16,7,1,7,0.1,0.001,0.4514
10642,39.1,3,1,3,0.1,0.001,0.3653
10643,44.85,7,1,7,0.1,0.001,0.4072
10644,47.85,8,1,8,0.1,0.001,0.6061
10645,44.95,7,1,7,0.1,0.001,0.4212
10646,54.52,12,1,12,0.1,0.001,0.6264
10647,46.64,8,1,8,0.1,0.001,0.4547
10648,48.29,9,1,9,0.1,0.001,0.4761
10649,-34.61,1,0,2,0.1,0.001,0.1961
10650,-34.26,1,0,2,0.1,0.001,0.3685
10651,49.69,10,1,10,0.1,0.001,0.4689
10652,-32.8,2,0,3,0.1,0.001,0.4015
10653,40.47,4,1,4,0.1,0.001,0.3673
10654,47.48,9,1,9,0.1,0.001,0.3865
10655,54.64,13,1,13,0.1,0.001,0.5109
10656,40.56,4,1,4,0.1,0.001,0.39
10657,-32.9,2,0,3,0.1,0.001,0.368
10658,42.04,5,1,5,0.1,0.001,0.4084
10659,51.4,12,1,12,0.1,0.001,0.3663
10660,44.51,6,1,6,0.1,0.001,0.585
10661,48.09,9,1,9,0.1,0.001,0.4544
10662,44.59,7,1,7,0.1,0.001,0.3702
10663,47.39,9,1,9,0.1,0.001,0.3767
10664,40.61,4,1,4,0.1,0.001,0.4035
10665,41.95,5,1,5,0.1,0.001,0.3896
10666,45.83,8,1,8,0.1,0.001,0.3539
10667,41.52,5,1,5,0.1,0.001,0.3047
10668,-32.99,2,0,3,0.1,0.001,0.3373
10669,50.78,11,1,11,0.1,0.001,0.4346
10670,-24.61,8,0,9,0.1,0.001,0.3765
10671,50.05,9,1,9,0.1,0.001,0.6724
10672,48.62,8,1,8,0.1,0.001,0.7023
10673,42.74,5,1,5,0.1,0.001,0.5482
10674,-34.63,1,0,2,0.1,0.001,0.1857
10675,44.92,7,1,7,0.1,0.001,0.4165
10676,43.26,6,1,6,0.1,0.001,0.377
10677,43.61,6,1,6,0.1,0.001,0.4346
10678,52.59,12,1,12,0.1,0.001,0.4656
10679,44.92,7,1,7,0.1,0.001,0.4174
10680,49.2,9,1,9,0.1,0.001,0.5772
10681,53.39,13,1,13,0.1,0.001,0.4143
10682,45.22,7,1,7,0.1,0.001,0.4593
10683,-34.4,1,0,2,0.1,0.001,0.3022
10684,47.05,8,1,8,0.1,0.001,0.5058
10685,46.07,8,1,8,0.1,0.001,0.3835
10686,45.73,8,1,8,0.1,0.001,0.3408
10687,48.19,9,1,9,0.1,0.001,0.4658
10688,45.76,8,1,8,0.1,0.001,0.3448
10689,-30.89,3,0,4,0.1,0.001,0.5269
10690,50.82,11,1,11,0.1,0.001,0.4385
10691,-34.28,1,0,2,0.1,0.001,0.3594
10692,51.68,12,1,12,0.1,0.001,0.3902
10693,41.82,5,1,5,0.1,0.001,0.3633
10694,-26.18,6,0,7,0.1,0.001,0.5453
10695,-33.01,2,0,3,0.1,0.001,0.3308
10696,42.24,5,1,5,0.1,0.001,0.4488
10697,-29.89,4,0,5,0.1,0.001,0.4217
10698,45.51,7,1,7,0.1,0.001,0.5021
10699,-34.46,1,0,2,0.1,0.001,0.2717
10700,-31.84,3,0,4,0.1,0.001,0.2905
10701,-25.35,6,0,7,0.1,0.001,0.6637
10702,45.43,7,1,7,0.1,0.001,0.4894
10703,47.63,9,1,9,0.1,0.001,0.4037
10704,41.86,5,1,5,0.1,0.001,0.3729
10705,45.18,7,1,7,0.1,0.001,0.4543
10706,44.87,7,1,7,0.1,0.001,0.4099
10707,43.25,6,1,6,0.1,0.001,0.3748
10708,40.9,4,1,4,0.1,0.001,0.4758
10709,48.61,9,1,9,0.1,0.001,0.5123
10710,-24.02,8,0,9,0.1,0.001,0.4421
10711,48.71,10,1,10,0.1,0.001,0.3707
10712,42.15,5,1,5,0.1,0.001,0.4305
10713,43.0,6,1,6,0.1,0.001,0.3342
10714,40.6,4,1,4,0.1,0.001,0.4006
10715,45.08,7,1,7,0.1,0.001,0.4403
10716,-29.47,4,0,5,0.1,0.001,0.5068
10717,49.07,9,1,9,0.1,0.001,0.5631
10718,-15.44,14,0,15,0.1,0.001,0.4376
10719,50.49,10,1,10,0.1,0.001,0.5493
10720,42.42,5,1,5,0.1,0.001,0.4832
10721,45.66,7,1,7,0.1,0.001,0.5229
10722,45.19,7,1,7,0.1,0.001,0.4551
10723,-34.49,1,0,2,0.1,0.001,0.2562
10724,51.75,11,1,11,0.1,0.001,0.5228
10725,54.55,13,1,13,0.1,0.001,0.504
10726,45.79,8,1,8,0.1,0.001,0.3491
10727,-34.59,1,0,2,0.1,0.001,0.2073
10728,-25.9,7,0,8,0.1,0.001,0.3881
10729,43.7,6,1,6,0.1,0.001,0.4508
10730,50.36,11,1,11,0.1,0.001,0.3963
10731,40.34,4,1,4,0.1,0.001,0.3361
10732,-30.19,4,0,5,0.1,0.001,0.3613
10733,-22.63,9,0,10,0.1,0.001,0.4365
10734,50.98,11,1,11,0.1,0.001,0.453
10735,53.45,13,1,13,0.1,0.001,0.4192
10736,-34.47,1,0,2,0.1,0.001,0.2671
10737,-34.53,1,0,2,0.1,0.001,0.2355
10738,47.86,9,1,9,0.1,0.001,0.4286
10739,53.57,12,1,12,0.1,0.001,0.5474
10740,-28.46,5,0,6,0.1,0.001,0.4236
10741,45.27,7,1,7,0.1,0.001,0.4678
10742,-29.68,4,0,5,0.1,0.001,0.4647
10743,37.62,2,1,2,0.1,0.001,0.3088
10744,-31.36,3,0,4,0.1,0.001,0.4102
10745,54.35,13,1,13,0.1,0.001,0.4888
10746,-34.49,1,0,2,0.1,0.001,0.2574
10747,-31.41,3,0,4,0.1,0.001,0.3985
10748,43.48,6,1,6,0.1,0.001,0.413
10749,-27.77,5,0,6,0.1,0.001,0.5376
10750,47.37,8,1,8,0.1,0.001,0.5465
10751,47.41,9,1,9,0.1,0.001,0.3789
10752,48.32,9,1,9,0.1,0.001,0.4795
10753,40.81,4,1,4,0.1,0.001,0.4523
10754,48.33,9,1,9,0.1,0.001,0.4807
10755,-21.05,9,0,10,0.1,0.001,0.5952
10756,-29.98,4,0,5,0.1,0.001,0.4047
10757,43.1,6,1,6,0.1,0.001,0.3502
10758,54.62,13,1,13,0.1,0.001,0.5089
10759,45.38,7,1,7,0.1,0.001,0.4835
10760,42.14,5,1,5,0.1,0.001,0.4281
10761,45.03,7,1,7,0.1,0.001,0.4322
10762,47.01,8,1,8,0.1,0.001,0.5013
10763,-33.36,2,0,3,0.1,0.001,0.2132
10764,-32.95,2,0,3,0.1,0.001,0.3487
10765,45.75,7,1,7,0.1,0.001,0.5352
10766,-26.03,7,0,8,0.1,0.001,0.3713
10767,41.85,5,1,5,0.1,0.001,0.3695
10768,45.44,7,1,7,0.1,0.001,0.4915
10769,44.46,7,1,7,0.1,0.001,0.352
10770,46.54,8,1,8,0.1,0.001,0.4431
10771,-28.43,5,0,6,0.1,0.001,0.4279
10772,39.02,3,1,3,0.1,0.001,0.3396
10773,-33.31,2,0,3,0.1,0.001,0.231
10774,53.98,12,1,12,0.1,0.001,0.5816
10775,49.02,10,1,10,0.1,0.001,0.4022
10776,47.17,8,1,8,0.1,0.001,0.5209
10777,41.48,5,1,5,0.1,0.001,0.2956
10778,48.86,9,1,9,0.1,0.001,0.5401
10779,40.53,4,1,4,0.1,0.001,0.3813
10780,-34.25,1,0,2,0.1,0.001,0.3747
10781,44.64,7,1,7,0.1,0.001,0.3771
10782,55.1,13,1,13,0.1,0.001,0.5463
10783,-27.14,6,0,7,0.1,0.001,0.4086
10784,43.36,6,1,6,0.1,0.001,0.3929
10785,44.91,7,1,7,0.1,0.001,0.4156
10786,-28.42,5,0,6,0.1,0.001,0.4304
10787,38.92,3,1,3,0.1,0.001,0.3059
10788,42.45,5,1,5,0.1,0.001,0.491
10789,42.5,5,1,5,0.1,0.001,0.4996
10790,43.64,6,1,6,0.1,0.001,0.4395
10791,41.9,5,1,5,0.1,0.001,0.3802
10792,39.04,3,1,3,0.1,0.001,0.3469
10793,43.56,6,1,6,0.1,0.001,0.4262
10794,45.18,7,1,7,0.1,0.001,0.4541
10795,-31.53,3,0,4,0.1,0.001,0.368
10796,47.88,9,1,9,0.1,0.001,0.4311
10797,48.35,9,1,9,0.1,0.001,0.4838
10798,42.23,5,1,5,0.1,0.001,0.4455
10799,46.47,7,1,7,0.1,0.001,0.6386
10800,54.57,13,1,13,0.1,0.001,0.5054
10801,-21.57,9,0,10,0.1,0.001,0.5434
10802,-20.7,9,0,10,0.1,0.001,0.6302
10803,43.88,6,1,6,0.1,0.001,0.4806
10804,-32.72,2,0,3,0.1,0.001,0.4278
10805,-28.21,5,0,6,0.1,0.001,0.4646
10806,42.65,5,1,5,0.1,0.001,0.5307
10807,49.76,10,1,10,0.1,0.001,0.4761
10808,43.74,6,1,6,0.1,0.001,0.4567
10809,49.79,10,1,10,0.1,0.001,0.4793
10810,53.57,12,1,12,0.1,0.001,0.5475
10811,-29.79,4,0,5,0.1,0.001,0.4425
10812,39.12,3,1,3,0.1,0.001,0.374
10813,41.75,5,1,5,0.1,0.001,0.3505
10814,43.65,6,1,6,0.1,0.001,0.4424
10815,39.14,3,1,3,0.1,0.001,0.3789
10816,51.44,11,1,11,0.1,0.001,0.4948
10817,41.89,5,1,5,0.1,0.001,0.3779
10818,-25.54,7,0,8,0.1,0.001,0.4325
10819,47.71,9,1,9,0.1,0.001,0.4124
10820,-34.39,1,0,2,0.1,0.001,0.3057
10821,-23.63,8,0,9,0.1,0.001,0.4855
10822,-34.49,1,0,2,0.1,0.001,0.257
10823,38.92,3,1,3,0.1,0.001,0.3051
10824,43.79,6,1,6,0.1,0.001,0.465
10825,43.49,6,1,6,0.1,0.001,0.4154
10826,42.14,5,1,5,0.1,0.001,0.4284
10827,52.24,11,1,11,0.1,0.001,0.5676
10828,-30.41,4,0,5,0.1,0.001,0.3187
10829,51.75,12,1,12,0.1,0.001,0.3959
10830,41.18,4,1,4,0.1,0.001,0.5454
10831,52.39,11,1,11,0.1,0.001,0.5811
10832,-31.39,3,0,4,0.1,0.001,0.4024
10833,-34.15,1,0,2,0.1,0.001,0.4257
10834,47.47,8,1,8,0.1,0.001,0.5591
10835,-24.78,7,0,8,0.1,0.001,0.5276
10836,47.94,9,1,9,0.1,0.001,0.4373
10837,45.35,7,1,7,0.1,0.001,0.4789
10838,46.42,8,1,8,0.1,0.001,0.4272
10839,50.71,10,1,10,0.1,0.001,0.5713
10840,-26.2,6,0,7,0.1,0.001,0.5432
10841,40.7,4,1,4,0.1,0.001,0.4242
10842,-34.35,1,0,2,0.1,0.001,0.3247
10843,42.4,5,1,5,0.1,0.001,0.4801
10844,46.86,8,1,8,0.1,0.001,0.483
10845,43.17,6,1,6,0.1,0.001,0.3617
10846,-33.17,2,0,3,0.1,0.001,0.2754
10847,-31.3,3,0,4,0.1,0.001,0.4244
10848,46.29,8,1,8,0.1,0.001,0.4111
10849,52.26,11,1,11,0.1,0.001,0.5693
10850,53.79,13,1,13,0.1,0.001,0.4455
10851,52.77,13,1,13,0.1,0.001,0.3672
10852,42.26,5,1,5,0.1,0.001,0.4528
10853,37.59,2,1,2,0.1,0.001,0.2952
10854,52.64,12,1,12,0.1,0.001,0.47
10855,-34.22,1,0,2,0.1,0.001,0.3914
10856,47.02,8,1,8,0.1,0.001,0.5023
10857,51.36,11,1,11,0.1,0.001,0.4871
10858,45.74,7,1,7,0.1,0.001,0.5336
10859,-26.2,6,0,7,0.1,0.001,0.5423
10860,41.75,5,1,5,0.1,0.001,0.3504
10861,41.7,5,1,5,0.1,0.001,0.3392
10862,48.54,9,1,9,0.1,0.001,0.5046
10863,-25.77,7,0,8,0.1,0.001,0.4043
10864,-30.06,4,0,5,0.1,0.001,0.3876
10865,48.25,9,1,9,0.1,0.001,0.4722
10866,-34.3,1,0,2,0.1,0.001,0.3495
10867,42.36,5,1,5,0.1,0.001,0.4725
10868,51.12,11,1,11,0.1,0.001,0.4658
10869,-33.1,2,0,3,0.1,0.001,0.2992
10870,46.61,8,1,8,0.1,0.001,0.4512
10871,-27.34,6,0,7,0.1,0.001,0.38
10872,43.3,6,1,6,0.1,0.001,0.3826
10873,46.2,8,1,8,0.1,0.001,0.3997
10874,40.55,4,1,4,0.1,0.001,0.3872
10875,48.49,9,1,9,0.1,0.001,0.4992
10876,-34.62,1,0,2,0.1,0.001,0.1924
10877,-34.62,1,0,2,0.1,0.001,0.1924
10878,54.86,13,1,13,0.1,0.001,0.5274
10879,38.98,3,1,3,0.1,0.001,0.326
10880,44.95,7,1,7,0.1,0.001,0.4209
10881,50.57,10,1,10,0.1,0.001,0.5569
10882,-31.48,3,0,4,0.1,0.001,0.3804
10883,50.85,11,1,11,0.1,0.001,0.4409
10884,38.97,3,1,3,0.1,0.001,0.322
10885,44.75,7,1,7,0.1,0.001,0.3931
10886,40.97,4,1,4,0.1,0.001,0.4933
10887,48.32,9,1,9,0.1,0.001,0.4804
10888,-25.99,7,0,8,0.1,0.001,0.3762
10889,61.9,17,1,17,0.1,0.001,0.5823
10890,-34.23,1,0,2,0.1,0.001,0.3865
10891,-23.57,8,0,9,0.1,0.001,0.4919
10892,42.48,5,1,5,0.1,0.001,0.4954
10893,43.54,6,1,6,0.1,0.001,0.4229
10894,-34.23,1,0,2,0.1,0.001,0.384
10895,-28.23,5,0,6,0.1,0.001,0.4617
10896,37.52,2,1,2,0.1,0.001,0.2606
10897,-34.43,1,0,2,0.1,0.001,0.2828
10898,46.19,8,1,8,0.1,0.001,0.399
10899,43.23,6,1,6,0.1,0.001,0.3708
10900,38.8,3,1,3,0.1,0.001,0.268
10901,39.34,3,1,3,0.1,0.001,0.4482
10902,41.95,5,1,5,0.1,0.001,0.3897
10903,44.47,7,1,7,0.1,0.001,0.3532
10904,53.72,13,1,13,0.1,0.001,0.44
10905,50.15,10,1,10,0.1,0.001,0.5153
10906,52.6,11,1,11,0.1,0.001,0.6002
10907,43.59,6,1,6,0.1,0.001,0.432
10908,-28.66,5,0,6,0.1,0.001,0.3898
10909,-27.07,6,0,7,0.1,0.001,0.4193
10910,48.78,9,1,9,0.1,0.001,0.5313
10911,51.29,11,1,11,0.1,0.001,0.4811
10912,42.0,5,1,5,0.1,0.001,0.3993
10913,43.15,6,1,6,0.1,0.001,0.3584
10914,41.96,5,1,5,0.1,0.001,0.3914
10915,40.83,4,1,4,0.1,0.001,0.4571
10916,-34.59,1,0,2,0.1,0.001,0.2048
10917,46.32,8,1,8,0.1,0.001,0.4144
10918,49.84,10,1,10,0.1,0.001,0.4843
10919,55.63,13,1,13,0.1,0.001,0.5868
10920,-34.47,1,0,2,0.1,0.001,0.2648
10921,44.83,7,1,7,0.1,0.001,0.4039
10922,39.08,3,1,3,0.1,0.001,0.359
10923,51.94,12,1,12,0.1,0.001,0.412
10924,41.91,5,1,5,0.1,0.001,0.3811
10925,-22.28,8,0,9,0.1,0.001,0.6354
10926,43.57,6,1,6,0.1,0.001,0.4285
10927,-20.74,10,0,11,0.1,0.001,0.4785
10928,41.66,5,1,5,0.1,0.001,0.3323
10929,-34.29,1,0,2,0.1,0.001,0.3567
10930,37.39,2,1,2,0.1,0.001,0.1971
10931,-34.47,1,0,2,0.1,0.001,0.2629
10932,49.35,10,1,10,0.1,0.001,0.435
10933,-34.47,1,0,2,0.1,0.001,0.2649
10934,36.15,1,1,1,0.1,0.001,0.1514
10935,43.79,6,1,6,0.1,0.001,0.4646
10936,51.27,11,1,11,0.1,0.001,0.4791
10937,-18.8,11,0,12,0.1,0.001,0.5167
10938,43.33,6,1,6,0.1,0.001,0.3884
10939,-30.14,4,0,5,0.1,0.001,0.3721
10940,44.97,7,1,7,0.1,0.001,0.4246
10941,-34.29,1,0,2,0.1,0.001,0.3562
10942,-30.13,4,0,5,0.1,0.001,0.375
10943,43.46,6,1,6,0.1,0.001,0.4094
10944,41.87,5,1,5,0.1,0.001,0.3736
10945,-29.74,4,0,5,0.1,0.001,0.4522
10946,49.13,9,1,9,0.1,0.001,0.5704
10947,-30.4,4,0,5,0.1,0.001,0.3194
10948,-28.77,5,0,6,0.1,0.001,0.3716
10949,51.24,11,1,11,0.1,0.001,0.4767
10950,-28.68,5,0,6,0.1,0.001,0.3868
10951,-34.2,1,0,2,0.1,0.001,0.3981
10952,48.71,10,1,10,0.1,0.001,0.371
10953,-33.33,2,0,3,0.1,0.001,0.2232
10954,-19.27,11,0,12,0.1,0.001,0.4771
10955,42.14,5,1,5,0.1,0.001,0.4276
10956,43.84,6,1,6,0.1,0.001,0.4737
10957,43.61,6,1,6,0.1,0.001,0.4349
10958,40.72,4,1,4,0.1,0.001,0.43
10959,44.79,7,1,7,0.1,0.001,0.3981
10960,-32.85,2,0,3,0.1,0.001,0.3839
10961,53.33,12,1,12,0.1,0.001,0.5274
10962,-31.68,3,0,4,0.1,0.001,0.3304
10963,-33.39,2,0,3,0.1,0.001,0.2049
10964,38.85,3,1,3,0.1,0.001,0.2841
10965,-33.12,2,0,3,0.1,0.001,0.2942
10966,43.16,6,1,6,0.1,0.001,0.3602
10967,-23.43,9,0,10,0.1,0.001,0.3565
10968,-31.97,3,0,4,0.1,0.001,0.2583
10969,45.8,7,1,7,0.1,0.001,0.5431
10970,-29.03,5,0,6,0.1,0.001,0.3282
10971,42.93,6,1,6,0.1,0.001,0.3219
10972,-19.01,11,0,12,0.1,0.001,0.4993
10973,45.73,8,1,8,0.1,0.001,0.3409
10974,-34.6,1,0,2,0.1,0.001,0.2014
10975,56.32,15,1,15,0.1,0.001,0.4216
10976,47.15,8,1,8,0.1,0.001,0.5192
10977,43.19,6,1,6,0.1,0.001,0.3652
10978,-33.25,2,0,3,0.1,0.001,0.2502
10979,43.34,6,1,6,0.1,0.001,0.3901
10980,53.73,12,1,12,0.1,0.001,0.5612
10981,39.3,3,1,3,0.1,0.001,0.4338
10982,49.88,10,1,10,0.1,0.001,0.4877
10983,45.12,7,1,7,0.1,0.001,0.4456
10984,-29.95,4,0,5,0.1,0.001,0.4098
10985,-31.52,3,0,4,0.1,0.001,0.3695
10986,-34.53,1,0,2,0.1,0.001,0.2367
10987,-29.65,4,0,5,0.1,0.001,0.4702
10988,-29.78,4,0,5,0.1,0.001,0.445
10989,-34.29,1,0,2,0.1,0.001,0.3538
10990,48.08,9,1,9,0.1,0.001,0.4533
10991,49.24,10,1,10,0.1,0.001,0.4237
10992,40.57,4,1,4,0.1,0.001,0.3937
10993,47.54,9,1,9,0.1,0.001,0.393
10994,49.99,10,1,10,0.1,0.001,0.4987
10995,45.54,7,1,7,0.1,0.001,0.5055
10996,-34.6,1,0,2,0.1,0.001,0.2018
10997,-31.44,3,0,4,0.1,0.001,0.3898
10998,-34.26,1,0,2,0.1,0.001,0.369
10999,47.21,8,1,8,0.1,0.001,0.5257
11000,39.17,3,1,3,0.1,0.001,0.3891
11001,48.99,10,1,10,0.1,0.001,0.3986
11002,48.72,9,1,9,0.1,0.001,0.5241
11003,-34.59,1,0,2,0.1,0.001,0.2032
11004,44.78,7,1,7,0.1,0.001,0.3967
11005,50.96,11,1,11,0.1,0.001,0.4505
11006,49.11,10,1,10,0.1,0.001,0.411
11007,-32.83,2,0,3,0.1,0.001,0.3913
11008,-32.86,2,0,3,0.1,0.001,0.3789
11009,-25.06,7,0,8,0.1,0.001,0.493
11010,-27.16,6,0,7,0.1,0.001,0.4053
11011,39.51,3,1,3,0.1,0.001,0.5048
11012,51.22,12,1,12,0.1,0.001,0.3518
11013,40.15,4,1,4,0.1,0.001,0.2879
11014,42.89,6,1,6,0.1,0.001,0.3155
11015,47.84,9,1,9,0.1,0.001,0.4268
11016,46.89,8,1,8,0.1,0.001,0.4864
11017,40.4,4,1,4,0.1,0.001,0.3508
11018,-31.37,3,0,4,0.1,0.001,0.4065
11019,43.84,6,1,6,0.1,0.001,0.4725
11020,46.59,8,1,8,0.1,0.001,0.4493
11021,-34.5,1,0,2,0.1,0.001,0.2491
11022,48.13,9,1,9,0.1,0.001,0.4589
11023,-21.29,10,0,11,0.1,0.001,0.4278
11024,41.84,5,1,5,0.1,0.001,0.3678
11025,52.9,12,1,12,0.1,0.001,0.4919
11026,43.24,6,1,6,0.1,0.001,0.3734
11027,46.68,8,1,8,0.1,0.001,0.4595
11028,42.25,5,1,5,0.1,0.001,0.4503
11029,42.05,5,1,5,0.1,0.001,0.4094
11030,44.99,7,1,7,0.1,0.001,0.4269
11031,47.69,9,1,9,0.1,0.001,0.4099
11032,41.66,5,1,5,0.1,0.001,0.3325
11033,53.07,12,1,12,0.1,0.001,0.5054
11034,47.03,8,1,8,0.1,0.001,0.5038
11035,44.95,7,1,7,0.1,0.001,0.4219
11036,55.26,13,1,13,0.1,0.001,0.5588
11037,43.75,6,1,6,0.1,0.001,0.4578
11038,56.91,15,1,15,0.1,0.001,0.4607
11039,-31.97,3,0,4,0.1,0.001,0.2586
11040,43.09,6,1,6,0.1,0.001,0.3488
11041,45.3,7,1,7,0.1,0.001,0.4714
11042,-21.25,10,0,11,0.1,0.001,0.4319
11043,-26.31,6,0,7,0.1,0.001,0.5273
11044,-34.58,1,0,2,0.1,0.001,0.2111
11045,46.91,8,1,8,0.1,0.001,0.4889
11046,45.82,8,1,8,0.1,0.001,0.3519
11047,51.17,11,1,11,0.1,0.001,0.4697
11048,44.82,7,1,7,0.1,0.001,0.4035
11049,-31.33,3,0,4,0.1,0.001,0.4182
11050,37.65,2,1,2,0.1,0.001,0.3273
11051,-31.35,3,0,4,0.1,0.001,0.4126
11052,45.07,7,1,7,0.1,0.001,0.4383
11053,48.91,9,1,9,0.1,0.001,0.545
11054,-32.81,2,0,3,0.1,0.001,0.3961
11055,41.84,5,1,5,0.1,0.001,0.3688
11056,-20.68,9,0,10,0.1,0.001,0.6322
11057,45.07,7,1,7,0.1,0.001,0.4383
11058,42.03,5,1,5,0.1,0.001,0.406
11059,53.54,12,1,12,0.1,0.001,0.5452
11060,45.67,7,1,7,0.1,0.001,0.5243
11061,43.33,6,1,6,0.1,0.001,0.3884
11062,46.63,8,1,8,0.1,0.001,0.4536
11063,-34.53,1,0,2,0.1,0.001,0.233
11064,46.08,8,1,8,0.1,0.001,0.3854
11065,-17.54,11,0,12,0.1,0.001,0.6219
11066,-28.08,5,0,6,0.1,0.001,0.4873
11067,49.67,10,1,10,0.1,0.001,0.4668
11068,-19.58,11,0,12,0.1,0.001,0.4519
11069,-34.34,1,0,2,0.1,0.001,0.3296
11070,47.47,9,1,9,0.1,0.001,0.3861
11071,44.53,7,1,7,0.1,0.001,0.3611
11072,53.25,13,1,13,0.1,0.001,0.4042
11073,40.83,4,1,4,0.1,0.001,0.4565
11074,43.84,6,1,6,0.1,0.001,0.4738
11075,44.89,7,1,7,0.1,0.001,0.4132
11076,43.91,6,1,6,0.1,0.001,0.4857
11077,47.82,9,1,9,0.1,0.001,0.425
11078,60.43,16,1,16,0.1,0.001,0.5895
11079,41.88,5,1,5,0.1,0.001,0.3761
11080,58.13,16,1,16,0.1,0.001,0.4454
11081,43.34,6,1,6,0.1,0.001,0.3893
11082,43.03,6,1,6,0.1,0.001,0.3383
11083,43.8,6,1,6,0.1,0.001,0.4663
11084,40.63,4,1,4,0.1,0.001,0.4076
11085,53.07,12,1,12,0.1,0.001,0.5057
11086,-33.1,2,0,3,0.1,0.001,0.2996
11087,40.44,4,1,4,0.1,0.001,0.359
11088,48.51,9,1,9,0.1,0.001,0.5016
11089,-23.0,9,0,10,0.1,0.001,0.4003
11090,-34.64,1,0,2,0.1,0.001,0.1805
11091,42.1,5,1,5,0.1,0.001,0.4203
11092,45.63,7,1,7,0.1,0.001,0.5183
11093,-31.72,3,0,4,0.1,0.001,0.321
11094,47.66,8,1,8,0.1,0.001,0.5822
11095,44.97,7,1,7,0.1,0.001,0.4242
11096,-18.76,11,0,12,0.1,0.001,0.5197
11097,46.29,8,1,8,0.1,0.001,0.4118
11098,41.98,5,1,5,0.1,0.001,0.3952
11099,44.69,7,1,7,0.1,0.001,0.3838
11100,47.44,9,1,9,0.1,0.001,0.3822
11101,48.12,9,1,9,0.1,0.001,0.4581
11102,44.96,7,1,7,0.1,0.001,0.4232
11103,46.54,8,1,8,0.1,0.001,0.4423
11104,-30.19,4,0,5,0.1,0.001,0.362
11105,43.39,6,1,6,0.1,0.001,0.3989
11106,44.8,7,1,7,0.1,0.001,0.3996
11107,40.4,4,1,4,0.1,0.001,0.3504
11108,44.68,7,1,7,0.1,0.001,0.3829
11109,-27.18,6,0,7,0.1,0.001,0.4022
11110,43.11,6,1,6,0.1,0.001,0.3516
11111,42.18,5,1,5,0.1,0.001,0.4358
11112,48.56,9,1,9,0.1,0.001,0.5071
11113,42.66,5,1,5,0.1,0.001,0.5311
11114,45.16,7,1,7,0.1,0.001,0.451
11115,47.52,9,1,9,0.1,0.001,0.3915
11116,48.87,9,1,9,0.1,0.001,0.541
11117,-32.75,2,0,3,0.1,0.001,0.4177
11118,39.64,3,1,3,0.1,0.001,0.5452
11119,-33.03,2,0,3,0.1,0.001,0.3229
11120,44.78,7,1,7,0.1,0.001,0.397
11121,39.05,3,1,3,0.1,0.001,0.3505
11122,40.31,4,1,4,0.1,0.001,0.3279
11123,56.22,15,1,15,0.1,0.001,0.4145
11124,45.0,7,1,7,0.1,0.001,0.4291
11125,-29.83,4,0,5,0.1,0.001,0.4337
11126,49.44,10,1,10,0.1,0.001,0.4439
11127,38.87,3,1,3,0.1,0.001,0.2893
11128,-31.68,3,0,4,0.1,0.001,0.331
11129,46.78,8,1,8,0.1,0.001,0.4726
11130,46.89,8,1,8,0.1,0.001,0.4867
11131,46.67,8,1,8,0.1,0.001,0.4584
11132,42.13,5,1,5,0.1,0.001,0.4259
11133,38.89,3,1,3,0.1,0.001,0.2957
11134,42.2,5,1,5,0.1,0.001,0.4408
11135,-31.3,3,0,4,0.1,0.001,0.424
11136,45.03,7,1,7,0.1,0.001,0.4326
11137,-34.53,1,0,2,0.1,0.001,0.237
11138,47.34,8,1,8,0.1,0.001,0.5428
11139,-31.6,3,0,4,0.1,0.001,0.3503
11140,39.07,3,1,3,0.1,0.001,0.3567
11141,45.2,7,1,7,0.1,0.001,0.4574
11142,44.76,7,1,7,0.1,0.001,0.3941
11143,54.49,13,1,13,0.1,0.001,0.499
11144,57.33,14,1,14,0.1,0.001,0.595
11145,-23.03,9,0,10,0.1,0.001,0.3967
11146,48.36,9,1,9,0.1,0.001,0.4846
11147,-29.62,4,0,5,0.1,0.001,0.4765
11148,51.43,11,1,11,0.1,0.001,0.4934
11149,-27.11,6,0,7,0.1,0.001,0.4122
11150,44.29,7,1,7,0.1,0.001,0.3267
11151,59.74,17,1,17,0.1,0.001,0.4555
11152,57.16,14,1,14,0.1,0.001,0.5828
11153,-33.08,2,0,3,0.1,0.001,0.3058
11154,-28.36,5,0,6,0.1,0.001,0.4399
11155,-31.02,3,0,4,0.1,0.001,0.4951
11156,51.65,11,1,11,0.1,0.001,0.5135
11157,42.16,5,1,5,0.1,0.001,0.432
11158,48.91,10,1,10,0.1,0.001,0.3908
11159,-23.37,8,0,9,0.1,0.001,0.5145
11160,46.68,8,1,8,0.1,0.001,0.4601
11161,48.49,9,1,9,0.1,0.001,0.4991
11162,58.19,16,1,16,0.1,0.001,0.4497
11163,43.11,6,1,6,0.1,0.001,0.3519
11164,43.55,6,1,6,0.1,0.001,0.4242
11165,52.02,12,1,12,0.1,0.001,0.4187
11166,-32.98,2,0,3,0.1,0.001,0.3396
11167,43.18,6,1,6,0.1,0.001,0.3626
11168,44.48,7,1,7,0.1,0.001,0.3541
11169,43.64,6,1,6,0.1,0.001,0.4396
11170,50.14,10,1,10,0.1,0.001,0.5143
11171,40.55,4,1,4,0.1,0.001,0.3881
11172,41.72,5,1,5,0.1,0.001,0.3432
11173,37.75,2,1,2,0.1,0.001,0.3729
11174,52.99,12,1,12,0.1,0.001,0.499
11175,45.07,7,1,7,0.1,0.001,0.4389
11176,-30.16,4,0,5,0.1,0.001,0.3687
11177,-24.73,8,0,9,0.1,0.001,0.3628
11178,42.07,5,1,5,0.1,0.001,0.4147
11179,41.6,5,1,5,0.1,0.001,0.3195
11180,43.23,6,1,6,0.1,0.001,0.3719
11181,40.41,4,1,4,0.1,0.001,0.3525
11182,37.56,2,1,2,0.1,0.001,0.2822
11183,45.34,7,1,7,0.1,0.001,0.4775
11184,41.84,5,1,5,0.1,0.001,0.3673
11185,51.54,11,1,11,0.1,0.001,0.5036
11186,37.58,2,1,2,0.1,0.001,0.2918
11187,43.53,6,1,6,0.1,0.001,0.4209
11188,56.22,14,1,14,0.1,0.001,0.5154
11189,-25.51,7,0,8,0.1,0.001,0.4364
11190,-31.15,3,0,4,0.1,0.001,0.4634
11191,-31.83,3,0,4,0.1,0.001,0.2914
11192,42.82,6,1,6,0.1,0.001,0.3027
11193,46.0,8,1,8,0.1,0.001,0.3751
11194,-27.33,6,0,7,0.1,0.001,0.3816
11195,40.05,4,1,4,0.1,0.001,0.2621
11196,-34.63,1,0,2,0.1,0.001,0.1842
11197,-34.26,1,0,2,0.1,0.001,0.3681
11198,44.32,7,1,7,0.1,0.001,0.3308
11199,45.91,8,1,8,0.1,0.001,0.3633
11200,44.34,7,1,7,0.1,0.001,0.3345
11201,-24.03,8,0,9,0.1,0.001,0.4408
11202,62.85,18,1,18,0.1,0.001,0.5472
11203,-26.88,6,0,7,0.1,0.001,0.4452
11204,50.19,10,1,10,0.1,0.001,0.519
11205,42.93,6,1,6,0.1,0.001,0.3216
11206,41.95,5,1,5,0.1,0.001,0.3893
11207,49.98,10,1,10,0.1,0.001,0.4976
11208,42.51,5,1,5,0.1,0.001,0.5026
11209,41.86,5,1,5,0.1,0.001,0.3723
11210,46.14,8,1,8,0.1,0.001,0.3928
11211,-34.63,1,0,2,0.1,0.001,0.1838
11212,46.01,8,1,8,0.1,0.001,0.3765
11213,-31.93,3,0,4,0.1,0.001,0.2684
11214,51.77,11,1,11,0.1,0.001,0.5245
11215,-34.62,1,0,2,0.1,0.001,0.1882
11216,41.46,5,1,5,0.1,0.001,0.2925
11217,57.39,14,1,14,0.1,0.001,0.5995
11218,56.9,15,1,15,0.1,0.001,0.4599
11219,40.74,4,1,4,0.1,0.001,0.4356
11220,49.65,10,1,10,0.1,0.001,0.4645
11221,48.82,9,1,9,0.1,0.001,0.5351
11222,49.32,9,1,9,0.1,0.001,0.5911
11223,-34.63,1,0,2,0.1,0.001,0.1857
11224,45.05,7,1,7,0.1,0.001,0.4362
11225,-28.73,5,0,6,0.1,0.001,0.3781
11226,-34.61,1,0,2,0.1,0.001,0.1948
11227,48.69,10,1,10,0.1,0.001,0.3689
11228,38.8,3,1,3,0.1,0.001,0.2678
11229,44.56,6,1,6,0.1,0.001,0.5932
11230,-25.0,7,0,8,0.1,0.001,0.5006
11231,40.89,4,1,4,0.1,0.001,0.4731
11232,45.15,7,1,7,0.1,0.001,0.4504
11233,-31.93,3,0,4,0.1,0.001,0.2679
11234,47.7,9,1,9,0.1,0.001,0.4114
11235,43.29,6,1,6,0.1,0.001,0.3815
11236,-26.64,6,0,7,0.1,0.001,0.4802
11237,50.21,10,1,10,0.1,0.001,0.5211
11238,41.67,5,1,5,0.1,0.001,0.3338
11239,-34.12,1,0,2,0.1,0.001,0.4398
11240,40.47,4,1,4,0.1,0.001,0.3681
11241,46.04,8,1,8,0.1,0.001,0.3804
11242,43.7,6,1,6,0.1,0.001,0.4504
11243,51.73,12,1,12,0.1,0.001,0.3946
11244,39.18,3,1,3,0.1,0.001,0.3927
11245,45.09,7,1,7,0.1,0.001,0.4412
11246,49.51,10,1,10,0.1,0.001,0.4508
11247,45.93,8,1,8,0.1,0.001,0.3659
11248,45.83,8,1,8,0.1,0.001,0.3541
11249,-32.56,2,0,3,0.1,0.001,0.4788
11250,-29.52,4,0,5,0.1,0.001,0.4963
11251,44.71,7,1,7,0.1,0.001,0.3878
11252,47.35,9,1,9,0.1,0.001,0.3727
11253,49.9,10,1,10,0.1,0.001,0.4904
11254,46.8,8,1,8,0.1,0.001,0.4751
11255,48.01,10,1,10,0.1,0.001,0.3013
11256,47.51,8,1,8,0.1,0.001,0.5643
11257,36.14,1,1,1,0.1,0.001,0.1436
11258,47.4,9,1,9,0.1,0.001,0.3782
11259,-34.55,1,0,2,0.1,0.001,0.223
11260,41.74,5,1,5,0.1,0.001,0.348
11261,40.44,4,1,4,0.1,0.001,0.3612
11262,44.96,7,1,7,0.1,0.001,0.4233
11263,-19.77,11,0,12,0.1,0.001,0.4361
11264,-22.25,9,0,10,0.1,0.001,0.475
11265,46.72,8,1,8,0.1,0.001,0.465
11266,47.24,8,1,8,0.1,0.001,0.5304
11267,44.65,7,1,7,0.1,0.001,0.3783
11268,-23.72,8,0,9,0.1,0.001,0.4759
11269,-34.36,1,0,2,0.1,0.001,0.3224
11270,44.54,7,1,7,0.1,0.001,0.3622
11271,47.35,9,1,9,0.1,0.001,0.3723
11272,43.68,6,1,6,0.1,0.001,0.4466
11273,45.25,7,1,7,0.1,0.001,0.464
11274,52.51,12,1,12,0.1,0.001,0.4595
11275,48.4,9,1,9,0.1,0.001,0.4884
11276,41.8,5,1,5,0.1,0.001,0.3598
11277,43.23,6,1,6,0.1,0.001,0.3711
11278,41.54,5,1,5,0.1,0.001,0.3085
11279,50.87,11,1,11,0.1,0.001,0.4432
11280,41.72,5,1,5,0.1,0.001,0.3435
11281,39.02,3,1,3,0.1,0.001,0.3411
11282,-25.86,7,0,8,0.1,0.001,0.393
11283,-31.46,3,0,4,0.1,0.001,0.3842
11284,51.24,11,1,11,0.1,0.001,0.4767
11285,54.16,13,1,13,0.1,0.001,0.4735
11286,-34.23,1,0,2,0.1,0.001,0.3836
11287,38.94,3,1,3,0.1,0.001,0.3147
11288,-33.2,2,0,3,0.1,0.001,0.267
11289,42.01,5,1,5,0.1,0.001,0.4012
11290,43.49,6,1,6,0.1,0.001,0.4157
11291,42.23,5,1,5,0.1,0.001,0.4453
11292,45.25,7,1,7,0.1,0.001,0.4643
11293,47.82,9,1,9,0.1,0.001,0.4246
11294,42.1,5,1,5,0.1,0.001,0.4203
11295,-29.9,4,0,5,0.1,0.001,0.4207
11296,43.27,6,1,6,0.1,0.001,0.3784
11297,48.62,9,1,9,0.1,0.001,0.5131
11298,44.34,6,1,6,0.1,0.001,0.5574
11299,52.58,12,1,12,0.1,0.001,0.4649
11300,-20.33,10,0,11,0.1,0.001,0.5153
11301,42.2,5,1,5,0.1,0.001,0.4406
11302,-32.81,2,0,3,0.1,0.001,0.3954
11303,36.14,1,1,1,0.1,0.001,0.1409
11304,-33.28,2,0,3,0.1,0.001,0.2408
11305,-11.34,15,0,16,0.1,0.001,0.604
11306,40.47,4,1,4,0.1,0.001,0.3663
11307,37.5,2,1,2,0.1,0.001,0.2497
11308,39.0,3,1,3,0.1,0.001,0.3321
11309,-23.49,9,0,10,0.1,0.001,0.3512
11310,-19.77,11,0,12,0.1,0.001,0.4357
11311,42.21,5,1,5,0.1,0.001,0.4418
11312,52.82,12,1,12,0.1,0.001,0.4852
11313,45.79,7,1,7,0.1,0.001,0.5408
11314,43.66,6,1,6,0.1,0.001,0.4441
11315,43.5,6,1,6,0.1,0.001,0.416
11316,50.33,11,1,11,0.1,0.001,0.3934
11317,-31.43,3,0,4,0.1,0.001,0.3925
11318,41.63,5,1,5,0.1,0.001,0.3252
11319,-34.46,1,0,2,0.1,0.001,0.2707
11320,-31.73,3,0,4,0.1,0.001,0.3165
11321,46.69,8,1,8,0.1,0.001,0.4615
11322,40.31,4,1,4,0.1,0.001,0.3267
11323,-28.26,5,0,6,0.1,0.001,0.4575
11324,-28.44,5,0,6,0.1,0.001,0.4263
11325,45.57,7,1,7,0.1,0.001,0.5095
11326,39.04,3,1,3,0.1,0.001,0.3474
11327,42.99,6,1,6,0.1,0.001,0.3311
11328,44.73,7,1,7,0.1,0.001,0.3907
11329,50.76,10,1,10,0.1,0.001,0.5759
11330,-21.75,9,0,10,0.1,0.001,0.5249
11331,40.68,4,1,4,0.1,0.001,0.4188
11332,54.57,14,1,14,0.1,0.001,0.3977
11333,42.29,5,1,5,0.1,0.001,0.4589
11334,-24.38,8,0,9,0.1,0.001,0.4022
11335,41.64,5,1,5,0.1,0.001,0.3286
11336,45.0,7,1,7,0.1,0.001,0.4281
11337,-23.36,8,0,9,0.1,0.001,0.5156
11338,52.92,12,1,12,0.1,0.001,0.4937
11339,43.04,6,1,6,0.1,0.001,0.34
11340,40.89,4,1,4,0.1,0.001,0.4721
11341,-34.61,1,0,2,0.1,0.001,0.1951
11342,44.38,7,1,7,0.1,0.001,0.3402
11343,50.99,11,1,11,0.1,0.001,0.4541
11344,44.12,6,1,6,0.1,0.001,0.5207
11345,44.63,7,1,7,0.1,0.001,0.3763
11346,50.7,11,1,11,0.1,0.001,0.4273
11347,39.07,3,1,3,0.1,0.001,0.3559
11348,-34.25,1,0,2,0.1,0.001,0.3729
11349,49.66,10,1,10,0.1,0.001,0.4656
11350,47.6,9,1,9,0.1,0.001,0.4
11351,49.33,10,1,10,0.1,0.001,0.4328
11352,57.32,15,1,15,0.1,0.001,0.4883
11353,-34.48,1,0,2,0.1,0.001,0.2607
11354,44.98,7,1,7,0.1,0.001,0.4254
11355,44.68,7,1,7,0.1,0.001,0.3824
11356,45.7,7,1,7,0.1,0.001,0.5288
11357,-34.64,1,0,2,0.1,0.001,0.182
11358,-34.36,1,0,2,0.1,0.001,0.322
11359,48.31,9,1,9,0.1,0.001,0.4794
11360,-30.06,4,0,5,0.1,0.001,0.3876
11361,-34.29,1,0,2,0.1,0.001,0.3574
11362,48.94,10,1,10,0.1,0.001,0.3945
11363,42.35,5,1,5,0.1,0.001,0.4693
11364,47.64,9,1,9,0.1,0.001,0.4042
11365,-22.82,9,0,10,0.1,0.001,0.4182
11366,48.79,10,1,10,0.1,0.001,0.3785
11367,42.2,5,1,5,0.1,0.001,0.4403
11368,-22.38,8,0,9,0.1,0.001,0.6244
11369,-34.5,1,0,2,0.1,0.001,0.2493
11370,40.47,4,1,4,0.1,0.001,0.3677
11371,47.72,9,1,9,0.1,0.001,0.4133
11372,-28.03,5,0,6,0.1,0.001,0.495
11373,49.35,10,1,10,0.1,0.001,0.4352
11374,-21.53,10,0,11,0.1,0.001,0.4062
11375,62.59,17,1,17,0.1,0.001,0.6227
11376,-27.94,5,0,6,0.1,0.001,0.5095
11377,45.72,7,1,7,0.1,0.001,0.5318
11378,43.98,6,1,6,0.1,0.001,0.4961
11379,-30.18,4,0,5,0.1,0.001,0.363
11380,-31.77,3,0,4,0.1,0.001,0.3076
11381,-34.5,1,0,2,0.1,0.001,0.2492
11382,51.76,12,1,12,0.1,0.001,0.3971
11383,47.35,8,1,8,0.1,0.001,0.5437
11384,45.79,8,1,8,0.1,0.001,0.3485
11385,-34.53,1,0,2,0.1,0.001,0.2344
11386,-29.85,4,0,5,0.1,0.001,0.4295
11387,45.27,7,1,7,0.1,0.001,0.4667
11388,51.69,11,1,11,0.1,0.001,0.5175
11389,47.31,8,1,8,0.1,0.001,0.5385
11390,-31.53,3,0,4,0.1,0.001,0.3668
11391,-34.54,1,0,2,0.1,0.001,0.231
11392,-34.54,1,0,2,0.1,0.001,0.2312
11393,37.76,2,1,2,0.1,0.001,0.381
11394,46.13,8,1,8,0.1,0.001,0.3908
11395,45.31,7,1,7,0.1,0.001,0.4727
11396,51.26,11,1,11,0.1,0.001,0.4781
11397,37.67,2,1,2,0.1,0.001,0.335
11398,39.1,3,1,3,0.1,0.001,0.3657
11399,40.12,4,1,4,0.1,0.001,0.281
11400,51.15,11,1,11,0.1,0.001,0.4682
11401,-34.53,1,0,2,0.1,0.001,0.235
11402,48.98,10,1,10,0.1,0.001,0.3981
11403,-22.95,9,0,10,0.1,0.001,0.4053
11404,-34.29,1,0,2,0.1,0.001,0.3529
11405,48.06,9,1,9,0.1,0.001,0.4515
11406,43.04,6,1,6,0.1,0.001,0.3407
11407,-28.31,5,0,6,0.1,0.001,0.4485
11408,46.02,8,1,8,0.1,0.001,0.3769
11409,-34.5,1,0,2,0.1,0.001,0.2488
11410,41.7,5,1,5,0.1,0.001,0.3393
11411,43.4,6,1,6,0.1,0.001,0.3993
11412,45.49,7,1,7,0.1,0.001,0.4983
11413,-26.29,6,0,7,0.1,0.001,0.5302
11414,47.91,9,1,9,0.1,0.001,0.4341
11415,52.29,11,1,11,0.1,0.001,0.572
11416,40.81,4,1,4,0.1,0.001,0.4521
11417,-28.52,5,0,6,0.1,0.001,0.4131
11418,42.04,5,1,5,0.1,0.001,0.4084
11419,-34.55,1,0,2,0.1,0.001,0.2256
11420,46.39,8,1,8,0.1,0.001,0.4233
11421,-31.42,3,0,4,0.1,0.001,0.3946
11422,46.8,8,1,8,0.1,0.001,0.4755
11423,-34.56,1,0,2,0.1,0.001,0.2206
11424,42.88,6,1,6,0.1,0.001,0.3136
11425,-32.62,2,0,3,0.1,0.001,0.4584
11426,-26.72,6,0,7,0.1,0.001,0.4683
11427,-26.87,6,0,7,0.1,0.001,0.4476
11428,-24.8,7,0,8,0.1,0.001,0.5245
11429,-33.26,2,0,3,0.1,0.001,0.2458
11430,53.3,13,1,13,0.1,0.001,0.408
11431,-34.51,1,0,2,0.1,0.001,0.2456
11432,73.95,23,1,23,0.1,0.001,0.6937
11433,-30.24,4,0,5,0.1,0.001,0.3527
11434,50.76,11,1,11,0.1,0.001,0.4327
11435,-33.02,2,0,3,0.1,0.001,0.3267
11436,43.69,6,1,6,0.1,0.001,0.4483
11437,49.65,10,1,10,0.1,0.001,0.4649
11438,48.22,9,1,9,0.1,0.001,0.4694
11439,52.52,12,1,12,0.1,0.001,0.46
11440,-31.56,3,0,4,0.1,0.001,0.3593
11441,49.05,9,1,9,0.1,0.001,0.5607
11442,44.72,7,1,7,0.1,0.001,0.3889
11443,37.66,2,1,2,0.1,0.001,0.3321
11444,47.61,9,1,9,0.1,0.001,0.4016
11445,-34.53,1,0,2,0.1,0.001,0.2333
11446,40.57,4,1,4,0.1,0.001,0.3925
11447,39.59,3,1,3,0.1,0.001,0.5293
11448,44.49,7,1,7,0.1,0.001,0.3551
11449,43.07,6,1,6,0.1,0.001,0.345
11450,-34.36,1,0,2,0.1,0.001,0.3182
11451,46.91,8,1,8,0.1,0.001,0.4888
11452,47.28,9,1,9,0.1,0.001,0.3648
11453,-34.41,1,0,2,0.1,0.001,0.2956
11454,40.54,4,1,4,0.1,0.001,0.3839
11455,40.6,4,1,4,0.1,0.001,0.4003
11456,46.19,8,1,8,0.1,0.001,0.3982
11457,-34.51,1,0,2,0.1,0.001,0.2471
11458,-25.55,7,0,8,0.1,0.001,0.4309
11459,51.65,12,1,12,0.1,0.001,0.3871
11460,43.96,6,1,6,0.1,0.001,0.4936
11461,-30.23,4,0,5,0.1,0.001,0.3541
11462,-26.07,6,0,7,0.1,0.001,0.5621
11463,56.63,14,1,14,0.1,0.001,0.5449
11464,43.38,6,1,6,0.1,0.001,0.3968
11465,54.21,12,1,12,0.1,0.001,0.6008
11466,45.39,7,1,7,0.1,0.001,0.4836
11467,-32.95,2,0,3,0.1,0.001,0.3509
11468,-27.88,5,0,6,0.1,0.001,0.5192
11469,45.65,7,1,7,0.1,0.001,0.5208
11470,41.85,5,1,5,0.1,0.001,0.3694
11471,39.25,3,1,3,0.1,0.001,0.4165
11472,43.52,6,1,6,0.1,0.001,0.4206
11473,48.81,10,1,10,0.1,0.001,0.3806
11474,-34.37,1,0,2,0.1,0.001,0.3137
11475,-27.83,5,0,6,0.1,0.001,0.5288
11476,49.34,10,1,10,0.1,0.001,0.4337
11477,45.28,7,1,7,0.1,0.001,0.4682
11478,-25.89,7,0,8,0.1,0.001,0.3884
11479,50.49,10,1,10,0.1,0.001,0.5487
11480,55.6,13,1,13,0.1,0.001,0.5844
11481,39.12,3,1,3,0.1,0.001,0.3723
11482,-34.37,1,0,2,0.1,0.001,0.3138
11483,44.95,7,1,7,0.1,0.001,0.4211
11484,48.52,9,1,9,0.1,0.001,0.5019
11485,-31.03,3,0,4,0.1,0.001,0.4937
11486,48.43,9,1,9,0.1,0.001,0.4918
11487,45.23,7,1,7,0.1,0.001,0.4609
11488,44.94,7,1,7,0.1,0.001,0.4202
11489,36.15,1,1,1,0.1,0.001,0.1539
11490,45.54,7,1,7,0.1,0.001,0.5056
11491,-31.62,3,0,4,0.1,0.001,0.3459
11492,53.07,12,1,12,0.1,0.001,0.5059
11493,-31.2,3,0,4,0.1,0.001,0.4506
11494,-25.57,7,0,8,0.1,0.001,0.4288
11495,37.59,2,1,2,0.1,0.001,0.2942
11496,55.94,14,1,14,0.1,0.001,0.4959
11497,45.43,7,1,7,0.1,0.001,0.4903
11498,45.41,7,1,7,0.1,0.001,0.4875
11499,-27.12,6,0,7,0.1,0.001,0.411
11500,51.38,11,1,11,0.1,0.001,0.4887
11501,-32.83,2,0,3,0.1,0.001,0.3906
11502,-28.79,5,0,6,0.1,0.001,0.3681
11503,43.55,6,1,6,0.1,0.001,0.4247
11504,-31.36,3,0,4,0.1,0.001,0.4088
11505,46.91,8,1,8,0.1,0.001,0.4893
11506,-34.38,1,0,2,0.1,0.001,0.311
11507,44.36,6,1,6,0.1,0.001,0.5604
11508,42.0,5,1,5,0.1,0.001,0.401
11509,-34.48,1,0,2,0.1,0.001,0.2606
11510,49.37,10,1,10,0.1,0.001,0.4371
11511,38.9,3,1,3,0.1,0.001,0.3006
11512,48.65,10,1,10,0.1,0.001,0.3647
11513,45.0,7,1,7,0.1,0.001,0.4282
11514,38.97,3,1,3,0.1,0.001,0.3219
11515,48.69,9,1,9,0.1,0.001,0.5214
11516,-18.83,11,0,12,0.1,0.001,0.514
11517,40.45,4,1,4,0.1,0.001,0.3623
11518,-25.86,7,0,8,0.1,0.001,0.3924
11519,44.92,7,1,7,0.1,0.001,0.4176
11520,45.55,7,1,7,0.1,0.001,0.5072
11521,45.63,7,1,7,0.1,0.001,0.5181
11522,50.61,10,1,10,0.1,0.001,0.5607
11523,43.39,6,1,6,0.1,0.001,0.3987
11524,-26.46,6,0,7,0.1,0.001,0.5062
11525,48.6,9,1,9,0.1,0.001,0.511
11526,-23.61,8,0,9,0.1,0.001,0.4874
11527,41.78,5,1,5,0.1,0.001,0.3552
11528,38.99,3,1,3,0.1,0.001,0.3296
11529,42.18,5,1,5,0.1,0.001,0.4369
11530,40.33,4,1,4,0.1,0.001,0.3313
11531,46.75,8,1,8,0.1,0.001,0.4692
11532,41.91,5,1,5,0.1,0.001,0.3829
11533,-32.78,2,0,3,0.1,0.001,0.4072
11534,48.47,10,1,10,0.1,0.001,0.3469
11535,-31.51,3,0,4,0.1,0.001,0.3733
11536,56.26,14,1,14,0.1,0.001,0.5184
11537,48.25,9,1,9,0.1,0.001,0.4722
11538,37.58,2,1,2,0.1,0.001,0.2888
11539,46.34,8,1,8,0.1,0.001,0.4172
11540,40.38,4,1,4,0.1,0.001,0.346
11541,46.25,8,1,8,0.1,0.001,0.4062
11542,-31.49,3,0,4,0.1,0.001,0.3777
11543,-34.51,1,0,2,0.1,0.001,0.2455
11544,40.37,4,1,4,0.1,0.001,0.3426
11545,54.11,13,1,13,0.1,0.001,0.4696
11546,43.66,6,1,6,0.1,0.001,0.4428
11547,60.16,15,1,15,0.1,0.001,0.6775
11548,-30.13,4,0,5,0.1,0.001,0.3731
11549,-31.71,3,0,4,0.1,0.001,0.3228
11550,50.38,10,1,10,0.1,0.001,0.5377
11551,-28.65,5,0,6,0.1,0.001,0.3923
11552,37.43,2,1,2,0.1,0.001,0.2148
11553,51.78,12,1,12,0.1,0.001,0.3982
11554,-34.57,1,0,2,0.1,0.001,0.2168
11555,-34.4,1,0,2,0.1,0.001,0.2988
11556,40.32,4,1,4,0.1,0.001,0.3303
11557,44.79,7,1,7,0.1,0.001,0.398
11558,-27.56,6,0,7,0.1,0.001,0.3483
11559,53.51,13,1,13,0.1,0.001,0.4235
11560,-32.61,2,0,3,0.1,0.001,0.4619
11561,46.33,8,1,8,0.1,0.001,0.4168
11562,43.56,6,1,6,0.1,0.001,0.4272
11563,50.6,10,1,10,0.1,0.001,0.5598
11564,41.9,5,1,5,0.1,0.001,0.3807
11565,-29.93,4,0,5,0.1,0.001,0.4138
11566,44.57,7,1,7,0.1,0.001,0.3669
11567,53.4,12,1,12,0.1,0.001,0.5337
11568,-30.37,4,0,5,0.1,0.001,0.3253
11569,41.62,5,1,5,0.1,0.001,0.3232
11570,-30.01,4,0,5,0.1,0.001,0.3977
11571,47.87,8,1,8,0.1,0.001,0.6084
11572,40.56,4,1,4,0.1,0.001,0.3896
11573,40.22,4,1,4,0.1,0.001,0.3054
11574,42.31,5,1,5,0.1,0.001,0.4615
11575,-29.93,4,0,5,0.1,0.001,0.4134
11576,-33.14,2,0,3,0.1,0.001,0.2867
11577,42.15,5,1,5,0.1,0.001,0.4296
11578,41.7,5,1,5,0.1,0.001,0.34
11579,-23.59,9,0,10,0.1,0.001,0.3406
11580,-27.94,5,0,6,0.1,0.001,0.51
11581,38.8,3,1,3,0.1,0.001,0.2683
11582,41.65,5,1,5,0.1,0.001,0.3297
11583,62.02,17,1,17,0.1,0.001,0.5895
11584,-18.98,11,0,12,0.1,0.001,0.502
11585,42.05,5,1,5,0.1,0.001,0.4098
11586,43.2,6,1,6,0.1,0.001,0.3668
11587,-34.38,1,0,2,0.1,0.001,0.3088
11588,42.03,5,1,5,0.1,0.001,0.4069
11589,60.69,17,1,17,0.1,0.001,0.5112
11590,51.27,11,1,11,0.1,0.001,0.4795
11591,50.54,11,1,11,0.1,0.001,0.413
11592,-33.33,2,0,3,0.1,0.001,0.2233
11593,47.23,8,1,8,0.1,0.001,0.5292
11594,-24.21,8,0,9,0.1,0.001,0.421
11595,-34.52,1,0,2,0.1,0.001,0.2424
11596,-27.33,5,0,6,0.1,0.001,0.6112
11597,44.11,6,1,6,0.1,0.001,0.5182
11598,-34.52,1,0,2,0.1,0.001,0.2418
11599,-33.28,2,0,3,0.1,0.001,0.2404
11600,48.65,9,1,9,0.1,0.001,0.5164
11601,52.16,11,1,11,0.1,0.001,0.56
11602,-34.51,1,0,2,0.1,0.001,0.2453
11603,56.52,13,1,13,0.1,0.001,0.6551
11604,-30.28,4,0,5,0.1,0.001,0.3442
11605,51.62,12,1,12,0.1,0.001,0.3852
11606,-34.41,1,0,2,0.1,0.001,0.296
11607,38.96,3,1,3,0.1,0.001,0.3209
11608,44.7,7,1,7,0.1,0.001,0.385
11609,61.89,17,1,17,0.1,0.001,0.5819
11610,-17.69,11,0,12,0.1,0.001,0.6094
11611,-32.99,2,0,3,0.1,0.001,0.3376
11612,-26.16,6,0,7,0.1,0.001,0.5487
11613,42.18,5,1,5,0.1,0.001,0.4358
11614,43.91,6,1,6,0.1,0.001,0.4854
11615,-31.68,3,0,4,0.1,0.001,0.3312
11616,40.77,4,1,4,0.1,0.001,0.443
11617,41.96,5,1,5,0.1,0.001,0.3926
11618,-31.37,3,0,4,0.1,0.001,0.4071
11619,-30.02,4,0,5,0.1,0.001,0.3969
11620,49.93,10,1,10,0.1,0.001,0.4933
11621,50.68,11,1,11,0.1,0.001,0.425
11622,-32.71,2,0,3,0.1,0.001,0.4311
11623,53.4,7,1,7,0.1,0.001,1.6285
11624,42.64,5,1,5,0.1,0.001,0.5281
11625,-22.26,9,0,10,0.1,0.001,0.4742
11626,38.97,3,1,3,0.1,0.001,0.3233
11627,43.46,6,1,6,0.1,0.001,0.41
11628,52.6,12,1,12,0.1,0.001,0.4668
11629,47.01,9,1,9,0.1,0.001,0.3339
11630,-30.34,4,0,5,0.1,0.001,0.3326
11631,46.75,8,1,8,0.1,0.001,0.469
11632,-34.31,1,0,2,0.1,0.001,0.3467
11633,46.5,8,1,8,0.1,0.001,0.437
11634,40.36,4,1,4,0.1,0.001,0.3393
11635,-28.22,5,0,6,0.1,0.001,0.4636
11636,-33.04,2,0,3,0.1,0.001,0.32
11637,40.94,4,1,4,0.1,0.001,0.4857
11638,37.55,2,1,2,0.1,0.001,0.2754
11639,-22.54,9,0,10,0.1,0.001,0.4462
11640,46.52,8,1,8,0.1,0.001,0.44
11641,44.16,6,1,6,0.1,0.001,0.5269
11642,65.95,20,1,20,0.1,0.001,0.5475
11643,-31.58,3,0,4,0.1,0.001,0.3556
11644,40.4,4,1,4,0.1,0.001,0.3504
11645,49.49,10,1,10,0.1,0.001,0.4491
11646,-22.19,9,0,10,0.1,0.001,0.4808
11647,-32.82,2,0,3,0.1,0.001,0.3944
11648,51.4,12,1,12,0.1,0.001,0.3668
11649,48.12,9,1,9,0.1,0.001,0.4574
11650,46.87,8,1,8,0.1,0.001,0.4835
11651,-23.63,8,0,9,0.1,0.001,0.4855
11652,-34.53,1,0,2,0.1,0.001,0.2355
11653,43.26,6,1,6,0.1,0.001,0.3768
11654,48.85,9,1,9,0.1,0.001,0.5389
11655,50.04,10,1,10,0.1,0.001,0.5037
11656,43.47,6,1,6,0.1,0.001,0.4119
11657,44.89,7,1,7,0.1,0.001,0.4131
11658,37.67,2,1,2,0.1,0.001,0.3371
11659,-21.22,10,0,11,0.1,0.001,0.4342
11660,52.24,12,1,12,0.1,0.001,0.4364
11661,43.91,6,1,6,0.1,0.001,0.4851
11662,-25.49,7,0,8,0.1,0.001,0.4384
11663,-34.54,1,0,2,0.1,0.001,0.2301
11664,52.77,12,1,12,0.1,0.001,0.4812
11665,42.12,5,1,5,0.1,0.001,0.4245
11666,50.72,11,1,11,0.1,0.001,0.4288
11667,47.42,8,1,8,0.1,0.001,0.5527
11668,48.19,9,1,9,0.1,0.001,0.4654
11669,52.82,12,1,12,0.1,0.001,0.4852
11670,46.08,8,1,8,0.1,0.001,0.3853
11671,51.77,10,1,10,0.1,0.001,0.6768
11672,-34.26,1,0,2,0.1,0.001,0.3696
11673,-28.8,5,0,6,0.1,0.001,0.3673
11674,63.21,17,1,17,0.1,0.001,0.6594
11675,40.17,4,1,4,0.1,0.001,0.2926
11676,40.72,4,1,4,0.1,0.001,0.431
11677,49.02,9,1,9,0.1,0.001,0.5578
11678,-25.53,7,0,8,0.1,0.001,0.4333
11679,-18.17,3,0,4,0.1,0.001,3.7081
11680,-34.39,1,0,2,0.1,0.001,0.3052
11681,-29.69,4,0,5,0.1,0.001,0.4625
11682,-27.12,6,0,7,0.1,0.001,0.412
11683,46.66,8,1,8,0.1,0.001,0.4573
11684,-24.22,8,0,9,0.1,0.001,0.4195
11685,48.32,9,1,9,0.1,0.001,0.4802
11686,43.39,6,1,6,0.1,0.001,0.3978
11687,-28.63,5,0,6,0.1,0.001,0.3944
11688,-34.57,1,0,2,0.1,0.001,0.2172
11689,45.3,7,1,7,0.1,0.001,0.4709
11690,44.6,7,1,7,0.1,0.001,0.372
11691,47.59,9,1,9,0.1,0.001,0.3989
11692,-34.57,1,0,2,0.1,0.001,0.2143
11693,41.54,5,1,5,0.1,0.001,0.3083
11694,49.18,10,1,10,0.1,0.001,0.4179
11695,-34.59,1,0,2,0.1,0.001,0.2052
11696,-18.71,11,0,12,0.1,0.001,0.524
11697,43.06,6,1,6,0.1,0.001,0.3439
11698,41.47,5,1,5,0.1,0.001,0.2938
11699,45.32,7,1,7,0.1,0.001,0.4743
11700,59.15,16,1,16,0.1,0.001,0.5095
11701,43.53,6,1,6,0.1,0.001,0.4213
11702,55.36,13,1,13,0.1,0.001,0.5659
11703,-22.35,9,0,10,0.1,0.001,0.4648
11704,43.73,6,1,6,0.1,0.001,0.4551
11705,45.13,7,1,7,0.1,0.001,0.4478
11706,42.88,6,1,6,0.1,0.001,0.3134
11707,40.68,4,1,4,0.1,0.001,0.4209
11708,41.8,5,1,5,0.1,0.001,0.3597
11709,-34.61,1,0,2,0.1,0.001,0.1933
11710,52.9,12,1,12,0.1,0.001,0.492
11711,52.7,12,1,12,0.1,0.001,0.4748
11712,41.98,5,1,5,0.1,0.001,0.3965
11713,-33.01,2,0,3,0.1,0.001,0.3289
11714,46.26,8,1,8,0.1,0.001,0.4071
11715,42.8,5,1,5,0.1,0.001,0.5607
11716,40.47,4,1,4,0.1,0.001,0.3668
11717,49.68,10,1,10,0.1,0.001,0.4676
11718,38.78,3,1,3,0.1,0.001,0.2612
11719,42.07,5,1,5,0.1,0.001,0.4132
11720,38.81,3,1,3,0.1,0.001,0.271
11721,38.76,3,1,3,0.1,0.001,0.2544
11722,48.1,7,1,7,0.1,0.001,0.8713
11723,39.13,3,1,3,0.1,0.001,0.378
11724,40.83,4,1,4,0.1,0.001,0.4582
11725,46.75,6,1,6,0.1,0.001,0.9584
11726,50.47,11,1,11,0.1,0.001,0.4064
11727,46.53,8,1,8,0.1,0.001,0.4414
11728,-31.05,3,0,4,0.1,0.001,0.4863
11729,61.77,17,1,17,0.1,0.001,0.5748
11730,50.57,10,1,10,0.1,0.001,0.5566
11731,51.3,11,1,11,0.1,0.001,0.4822
11732,49.32,7,1,7,0.1,0.001,1.0452
11733,-31.29,3,0,4,0.1,0.001,0.4283
11734,42.34,5,1,5,0.1,0.001,0.4684
11735,43.79,6,1,6,0.1,0.001,0.4657
11736,43.23,6,1,6,0.1,0.001,0.3714
11737,49.32,9,1,9,0.1,0.001,0.5911
11738,46.43,7,1,7,0.1,0.001,0.6325
11739,47.64,9,1,9,0.1,0.001,0.4045
11740,48.52,9,1,9,0.1,0.001,0.5022
11741,40.45,4,1,4,0.1,0.001,0.3618
11742,45.58,7,1,7,0.1,0.001,0.5121
11743,55.21,13,1,13,0.1,0.001,0.5548
11744,-25.49,7,0,8,0.1,0.001,0.4386
11745,51.8,12,1,12,0.1,0.001,0.4001
11746,42.04,5,1,5,0.1,0.001,0.4077
11747,40.74,4,1,4,0.1,0.001,0.435
11748,-27.73,6,0,7,0.1,0.001,0.3241
11749,46.24,8,1,8,0.1,0.001,0.405
11750,48.74,10,1,10,0.1,0.001,0.3735
11751,-25.67,7,0,8,0.1,0.001,0.4164
11752,-31.62,3,0,4,0.1,0.001,0.3456
11753,47.81,9,1,9,0.1,0.001,0.4237
11754,51.39,11,1,11,0.1,0.001,0.49
11755,58.91,17,1,17,0.1,0.001,0.4067
11756,-29.74,4,0,5,0.1,0.001,0.4517
11757,39.12,3,1,3,0.1,0.001,0.3739
11758,55.44,13,1,13,0.1,0.001,0.5722
11759,45.1,7,1,7,0.1,0.001,0.4424
11760,53.3,11,1,11,0.1,0.001,0.6641
11761,41.8,5,1,5,0.1,0.001,0.3602
11762,40.23,4,1,4,0.1,0.001,0.3063
11763,44.66,7,1,7,0.1,0.001,0.38
11764,43.08,6,1,6,0.1,0.001,0.347
11765,46.53,8,1,8,0.1,0.001,0.4415
11766,-31.49,3,0,4,0.1,0.001,0.3777
11767,40.31,4,1,4,0.1,0.001,0.3272
11768,47.43,9,1,9,0.1,0.001,0.3814
11769,54.15,13,1,13,0.1,0.001,0.4732
11770,40.2,4,1,4,0.1,0.001,0.2996
11771,51.47,11,1,11,0.1,0.001,0.4968
11772,-33.23,2,0,3,0.1,0.001,0.2564
11773,50.91,11,1,11,0.1,0.001,0.4465
11774,42.9,6,1,6,0.1,0.001,0.3172
11775,-32.03,3,0,4,0.1,0.001,0.2423
11776,-27.86,5,0,6,0.1,0.001,0.5227
11777,46.31,8,1,8,0.1,0.001,0.4134
11778,44.47,7,1,7,0.1,0.001,0.3526
11779,52.28,12,1,12,0.1,0.001,0.4401
11780,-20.23,10,0,11,0.1,0.001,0.5246
11781,51.22,11,1,11,0.1,0.001,0.4746
11782,49.78,10,1,10,0.1,0.001,0.4784
11783,40.41,4,1,4,0.1,0.001,0.3514
11784,-31.57,3,0,4,0.1,0.001,0.3572
11785,52.2,12,1,12,0.1,0.001,0.4332
11786,44.86,7,1,7,0.1,0.001,0.4088
11787,49.66,10,1,10,0.1,0.001,0.466
11788,64.08,17,1,17,0.1,0.001,0.7103
11789,-31.47,3,0,4,0.1,0.001,0.3825
11790,-23.77,8,0,9,0.1,0.001,0.4699
11791,-17.24,12,0,13,0.1,0.001,0.52
11792,41.46,5,1,5,0.1,0.001,0.2917
11793,47.69,9,1,9,0.1,0.001,0.4098
11794,-34.55,1,0,2,0.1,0.001,0.227
11795,40.8,4,1,4,0.1,0.001,0.4503
11796,47.7,9,1,9,0.1,0.001,0.4112
11797,-30.53,4,0,5,0.1,0.001,0.2931
11798,50.13,10,1,10,0.1,0.001,0.5135
11799,50.79,11,1,11,0.1,0.001,0.4352
11800,52.76,12,1,12,0.1,0.001,0.4798
11801,-22.52,8,0,9,0.1,0.001,0.6084
11802,44.33,7,1,7,0.1,0.001,0.3324
11803,-24.33,8,0,9,0.1,0.001,0.4077
11804,41.86,5,1,5,0.1,0.001,0.3714
11805,-30.24,4,0,5,0.1,0.001,0.3512
11806,41.85,5,1,5,0.1,0.001,0.3695
11807,50.55,11,1,11,0.1,0.001,0.4139
11808,45.19,7,1,7,0.1,0.001,0.4562
11809,49.92,11,1,11,0.1,0.001,0.3566
11810,41.91,5,1,5,0.1,0.001,0.3813
11811,-34.4,1,0,2,0.1,0.001,0.302
11812,-34.57,1,0,2,0.1,0.001,0.2144
11813,40.41,4,1,4,0.1,0.001,0.3534
11814,47.39,9,1,9,0.1,0.001,0.3768
11815,44.76,7,1,7,0.1,0.001,0.3937
11816,48.79,9,1,9,0.1,0.001,0.5323
11817,49.41,10,1,10,0.1,0.001,0.4407
11818,44.96,7,1,7,0.1,0.001,0.4224
11819,-31.33,3,0,4,0.1,0.001,0.4172
11820,43.65,6,1,6,0.1,0.001,0.4408
11821,47.02,8,1,8,0.1,0.001,0.5027
11822,47.85,9,1,9,0.1,0.001,0.4276
11823,47.92,9,1,9,0.1,0.001,0.4355
11824,41.62,5,1,5,0.1,0.001,0.3244
11825,52.44,12,1,12,0.1,0.001,0.4532
11826,36.15,1,1,1,0.1,0.001,0.1536
11827,46.03,8,1,8,0.1,0.001,0.3789
11828,63.73,17,1,17,0.1,0.001,0.6901
11829,48.46,9,1,9,0.1,0.001,0.4957
11830,-34.13,1,0,2,0.1,0.001,0.4331
11831,49.2,10,1,10,0.1,0.001,0.4204
11832,-28.4,5,0,6,0.1,0.001,0.4335
11833,44.76,7,1,7,0.1,0.001,0.3937
11834,-19.2,7,0,8,0.1,0.001,1.2255
11835,44.45,7,1,7,0.1,0.001,0.3507
11836,-28.19,5,0,6,0.1,0.001,0.4686
11837,-33.26,2,0,3,0.1,0.001,0.2458
11838,38.86,3,1,3,0.1,0.001,0.288
11839,-32.97,2,0,3,0.1,0.001,0.3447
11840,-28.72,5,0,6,0.1,0.001,0.3801
11841,-18.06,12,0,13,0.1,0.001,0.4567
11842,55.37,14,1,14,0.1,0.001,0.4547
11843,48.42,3,1,3,0.1,0.001,3.4741
11844,-34.48,1,0,2,0.1,0.001,0.2613
11845,47.5,9,1,9,0.1,0.001,0.3887
11846,51.08,11,1,11,0.1,0.001,0.4616
11847,47.03,8,1,8,0.1,0.001,0.5042
11848,62.6,12,1,12,0.1,0.001,1.2998
11849,48.69,10,1,10,0.1,0.001,0.3687
11850,46.27,7,1,7,0.1,0.001,0.6099
11851,55.02,6,1,6,0.1,0.001,2.3366
11852,47.32,8,1,8,0.1,0.001,0.5397
11853,59.47,16,1,16,0.1,0.001,0.5291
11854,37.73,2,1,2,0.1,0.001,0.3645
11855,41.33,3,1,3,0.1,0.001,1.1095
11856,41.87,4,1,4,0.1,0.001,0.7164
11857,-25.24,7,0,8,0.1,0.001,0.4704
11858,48.56,9,1,9,0.1,0.001,0.5063
11859,-34.56,1,0,2,0.1,0.001,0.222
11860,38.82,3,1,3,0.1,0.001,0.2743
11861,42.48,5,1,5,0.1,0.001,0.4957
11862,-29.99,4,0,5,0.1,0.001,0.4021
11863,-30.37,4,0,5,0.1,0.001,0.3254
11864,51.79,11,1,11,0.1,0.001,0.5261
11865,51.22,11,1,11,0.1,0.001,0.4744
11866,43.24,6,1,6,0.1,0.001,0.374
11867,-27.71,6,0,7,0.1,0.001,0.3267
11868,-27.57,6,0,7,0.1,0.001,0.3465
11869,-34.6,1,0,2,0.1,0.001,0.2011
11870,37.45,2,1,2,0.1,0.001,0.2269
11871,45.11,7,1,7,0.1,0.001,0.444
11872,-28.59,5,0,6,0.1,0.001,0.4022
11873,-19.36,11,0,12,0.1,0.001,0.4703
11874,-34.59,1,0,2,0.1,0.001,0.2032
11875,48.54,9,1,9,0.1,0.001,0.504
11876,48.32,9,1,9,0.1,0.001,0.4804
11877,43.61,6,1,6,0.1,0.001,0.4353
11878,50.54,11,1,11,0.1,0.001,0.413
11879,-30.09,4,0,5,0.1,0.001,0.3829
11880,43.37,6,1,6,0.1,0.001,0.3951
11881,39.05,3,1,3,0.1,0.001,0.3495
11882,-25.88,7,0,8,0.1,0.001,0.3899
11883,-28.1,5,0,6,0.1,0.001,0.4833
11884,48.97,9,1,9,0.1,0.001,0.5517
11885,-33.25,2,0,3,0.1,0.001,0.2487
11886,38.93,3,1,3,0.1,0.001,0.31
11887,-27.97,5,0,6,0.1,0.001,0.5046
11888,-34.53,1,0,2,0.1,0.001,0.2331
11889,44.67,7,1,7,0.1,0.001,0.3812
11890,44.83,7,1,7,0.1,0.001,0.4037
11891,59.83,16,1,16,0.1,0.001,0.5519
11892,44.78,7,1,7,0.1,0.001,0.3977
11893,-32.86,2,0,3,0.1,0.001,0.3817
11894,45.35,7,1,7,0.1,0.001,0.478
11895,50.42,10,1,10,0.1,0.001,0.5417
11896,43.07,6,1,6,0.1,0.001,0.345
11897,49.93,10,1,10,0.1,0.001,0.4933
11898,37.72,2,1,2,0.1,0.001,0.3593
11899,-24.63,7,0,8,0.1,0.001,0.5456
11900,49.05,10,1,10,0.1,0.001,0.4054
11901,-29.97,4,0,5,0.1,0.001,0.4055
11902,42.53,5,1,5,0.1,0.001,0.5058
11903,50.62,9,1,9,0.1,0.001,0.7359
11904,41.97,5,1,5,0.1,0.001,0.3934
11905,46.18,8,1,8,0.1,0.001,0.3971
11906,43.56,6,1,6,0.1,0.001,0.4271
11907,43.6,6,1,6,0.1,0.001,0.4327
11908,44.84,7,1,7,0.1,0.001,0.4056
11909,55.27,11,1,11,0.1,0.001,0.8431
11910,47.05,9,1,9,0.1,0.001,0.339
11911,38.85,3,1,3,0.1,0.001,0.283
11912,42.03,4,1,4,0.1,0.001,0.7576
11913,-29.5,4,0,5,0.1,0.001,0.5005
11914,-34.57,1,0,2,0.1,0.001,0.2171
11915,40.57,4,1,4,0.1,0.001,0.3913
11916,48.31,9,1,9,0.1,0.001,0.4792
11917,-30.93,3,0,4,0.1,0.001,0.5181
11918,52.23,12,1,12,0.1,0.001,0.4357
11919,37.68,2,1,2,0.1,0.001,0.3404
11920,39.01,3,1,3,0.1,0.001,0.3378
11921,61.69,17,1,17,0.1,0.001,0.5699
11922,43.38,6,1,6,0.1,0.001,0.397
11923,45.62,7,1,7,0.1,0.001,0.5175
11924,50.65,10,1,10,0.1,0.001,0.5653
11925,37.54,2,1,2,0.1,0.001,0.2695
11926,-26.81,6,0,7,0.1,0.001,0.4555
11927,52.34,7,1,7,0.1,0.001,1.4771
11928,38.82,3,1,3,0.1,0.001,0.2747
11929,57.31,15,1,15,0.1,0.001,0.4874
11930,46.25,8,1,8,0.1,0.001,0.4061
11931,45.39,7,1,7,0.1,0.001,0.4846
11932,43.37,6,1,6,0.1,0.001,0.3954
11933,48.92,10,1,10,0.1,0.001,0.3917
11934,-31.64,1,0,2,0.1,0.001,1.6786
11935,44.28,6,1,6,0.1,0.001,0.5462
11936,47.37,9,1,9,0.1,0.001,0.3743
11937,48.95,10,1,10,0.1,0.001,0.3954
11938,-27.72,6,0,7,0.1,0.001,0.3262
11939,51.5,11,1,11,0.1,0.001,0.5003
11940,42.83,6,1,6,0.1,0.001,0.3047
11941,48.85,9,1,9,0.1,0.001,0.5394
11942,49.93,10,1,10,0.1,0.001,0.4928
11943,-32.59,2,0,3,0.1,0.001,0.4689
11944,49.54,9,1,9,0.1,0.001,0.6152
11945,49.02,10,1,10,0.1,0.001,0.4024
11946,56.26,14,1,14,0.1,0.001,0.5188
11947,44.95,7,1,7,0.1,0.001,0.4218
11948,41.65,5,1,5,0.1,0.001,0.3296
11949,47.11,8,1,8,0.1,0.001,0.514
11950,40.27,4,1,4,0.1,0.001,0.3174
11951,39.26,3,1,3,0.1,0.001,0.4216
11952,-31.24,3,0,4,0.1,0.001,0.4406
11953,-34.58,1,0,2,0.1,0.001,0.2094
11954,41.63,5,1,5,0.1,0.001,0.3251
11955,38.92,3,1,3,0.1,0.001,0.3079
11956,-27.42,6,0,7,0.1,0.001,0.369
11957,48.36,9,1,9,0.1,0.001,0.4847
11958,-21.2,10,0,11,0.1,0.001,0.4368
11959,46.17,8,1,8,0.1,0.001,0.3959
11960,42.7,5,1,5,0.1,0.001,0.5408
11961,38.97,3,1,3,0.1,0.001,0.3226
11962,52.57,11,1,11,0.1,0.001,0.597
11963,40.62,4,1,4,0.1,0.001,0.4061
11964,-10.68,16,0,17,0.1,0.001,0.5482
11965,58.19,15,1,15,0.1,0.001,0.5461
11966,44.82,7,1,7,0.1,0.001,0.4024
11967,43.4,6,1,6,0.1,0.001,0.3992
11968,-31.48,3,0,4,0.1,0.001,0.3793
11969,-26.88,6,0,7,0.1,0.001,0.446
11970,44.78,7,1,7,0.1,0.001,0.3979
11971,37.63,2,1,2,0.1,0.001,0.3137
11972,43.89,6,1,6,0.1,0.001,0.4823
11973,49.02,9,1,9,0.1,0.001,0.5579
11974,55.39,13,1,13,0.1,0.001,0.5681
11975,40.67,4,1,4,0.1,0.001,0.4168
11976,44.92,7,1,7,0.1,0.001,0.417
11977,-33.53,1,0,2,0.1,0.001,0.7347
11978,43.76,6,1,6,0.1,0.001,0.4606
11979,56.58,14,1,14,0.1,0.001,0.5417
11980,42.72,4,1,4,0.1,0.001,0.9304
11981,40.73,4,1,4,0.1,0.001,0.4336
11982,-34.52,1,0,2,0.1,0.001,0.2404
11983,44.75,4,1,4,0.1,0.001,1.4367
11984,52.63,12,1,12,0.1,0.001,0.4689
11985,48.26,9,1,9,0.1,0.001,0.473
11986,45.18,7,1,7,0.1,0.001,0.4543
11987,49.88,10,1,10,0.1,0.001,0.4877
11988,-27.88,5,0,6,0.1,0.001,0.5206
11989,38.9,3,1,3,0.1,0.001,0.3006
11990,51.37,11,1,11,0.1,0.001,0.4878
11991,-34.53,1,0,2,0.1,0.001,0.2326
11992,-29.88,4,0,5,0.1,0.001,0.424
11993,-20.4,10,0,11,0.1,0.001,0.5089
11994,61.11,13,1,13,0.1,0.001,1.0087
11995,50.87,11,1,11,0.1,0.001,0.443
11996,-31.88,3,0,4,0.1,0.001,0.2807
11997,46.62,8,1,8,0.1,0.001,0.4528
11998,40.9,4,1,4,0.1,0.001,0.4742
11999,44.29,6,1,6,0.1,0.001,0.5482
12000,53.27,11,1,11,0.1,0.001,0.661
12001,48.96,7,1,7,0.1,0.001,0.9944
12002,40.4,4,1,4,0.1,0.001,0.3509
12003,41.82,5,1,5,0.1,0.001,0.364
12004,-33.53,1,0,2,0.1,0.001,0.7336
12005,-34.36,1,0,2,0.1,0.001,0.3184
12006,-27.07,5,0,6,0.1,0.001,0.6544
12007,51.77,12,1,12,0.1,0.001,0.3972
12008,44.42,6,1,6,0.1,0.001,0.5692
12009,-23.87,8,0,9,0.1,0.001,0.4591
12010,-32.96,2,0,3,0.1,0.001,0.3475
12011,-31.22,3,0,4,0.1,0.001,0.4455
12012,37.55,2,1,2,0.1,0.001,0.2744
12013,40.45,4,1,4,0.1,0.001,0.3634
12014,41.95,5,1,5,0.1,0.001,0.3897
12015,43.77,6,1,6,0.1,0.001,0.4621
12016,-32.65,2,0,3,0.1,0.001,0.4501
12017,-28.63,5,0,6,0.1,0.001,0.3947
12018,-24.01,7,0,8,0.1,0.001,0.624
12019,-30.14,4,0,5,0.1,0.001,0.3711
12020,41.84,5,1,5,0.1,0.001,0.368
12021,62.17,13,1,13,0.1,0.001,1.0902
12022,38.8,3,1,3,0.1,0.001,0.2683
12023,44.46,7,1,7,0.1,0.001,0.3518
12024,40.0,4,1,4,0.1,0.001,0.2502
12025,-27.1,6,0,7,0.1,0.001,0.4142
12026,41.45,4,1,4,0.1,0.001,0.6136
12027,50.76,10,1,10,0.1,0.001,0.576
12028,44.87,7,1,7,0.1,0.001,0.41
12029,43.48,6,1,6,0.1,0.001,0.4127
12030,-32.91,2,0,3,0.1,0.001,0.3644
12031,-24.48,8,0,9,0.1,0.001,0.3907
12032,-29.45,4,0,5,0.1,0.001,0.5108
12033,43.57,6,1,6,0.1,0.001,0.4279
12034,37.66,2,1,2,0.1,0.001,0.3306
12035,-14.92,13,0,14,0.1,0.001,0.577
12036,40.41,4,1,4,0.1,0.001,0.3535
12037,-21.22,10,0,11,0.1,0.001,0.4349
12038,52.34,11,1,11,0.1,0.001,0.5766
12039,-27.09,6,0,7,0.1,0.001,0.4161
12040,43.06,6,1,6,0.1,0.001,0.3435
12041,52.71,12,1,12,0.1,0.001,0.4757
12042,45.35,7,1,7,0.1,0.001,0.4791
12043,48.4,9,1,9,0.1,0.001,0.4892
12044,41.69,5,1,5,0.1,0.001,0.3378
12045,44.98,7,1,7,0.1,0.001,0.425
12046,41.81,5,1,5,0.1,0.001,0.3618
12047,-27.9,5,0,6,0.1,0.001,0.516
12048,47.66,9,1,9,0.1,0.001,0.4065
12049,51.5,10,1,10,0.1,0.001,0.6501
12050,40.42,4,1,4,0.1,0.001,0.3558
12051,45.68,7,1,7,0.1,0.001,0.5251
12052,42.86,6,1,6,0.1,0.001,0.3098
12053,-31.74,3,0,4,0.1,0.001,0.3145
12054,-29.02,5,0,6,0.1,0.001,0.3296
12055,-30.16,4,0,5,0.1,0.001,0.3687
12056,-34.32,1,0,2,0.1,0.001,0.3386
12057,44.7,7,1,7,0.1,0.001,0.3856
12058,39.07,3,1,3,0.1,0.001,0.3582
12059,45.19,7,1,7,0.1,0.001,0.4563
12060,-24.07,8,0,9,0.1,0.001,0.4367
12061,47.0,8,1,8,0.1,0.001,0.4994
12062,45.59,7,1,7,0.1,0.001,0.5128
12063,44.84,7,1,7,0.1,0.001,0.4063
12064,-31.45,3,0,4,0.1,0.001,0.3885
12065,39.27,3,1,3,0.1,0.001,0.4235
12066,-32.97,2,0,3,0.1,0.001,0.3422
12067,49.51,10,1,10,0.1,0.001,0.451
12068,41.87,5,1,5,0.1,0.001,0.3735
12069,48.36,10,1,10,0.1,0.001,0.3362
12070,48.87,10,1,10,0.1,0.001,0.3871
12071,49.27,10,1,10,0.1,0.001,0.4268
12072,51.36,11,1,11,0.1,0.001,0.4872
12073,-33.12,2,0,3,0.1,0.001,0.293
12074,43.65,6,1,6,0.1,0.001,0.4425
12075,-32.58,2,0,3,0.1,0.001,0.4747
12076,-32.87,2,0,3,0.1,0.001,0.3764
12077,37.55,2,1,2,0.1,0.001,0.2749
12078,44.92,7,1,7,0.1,0.001,0.4176
12079,52.51,12,1,12,0.1,0.001,0.4594
12080,49.33,10,1,10,0.1,0.001,0.433
12081,50.83,11,1,11,0.1,0.001,0.4392
12082,44.64,7,1,7,0.1,0.001,0.3771
12083,56.25,13,1,13,0.1,0.001,0.6349
12084,50.79,11,1,11,0.1,0.001,0.4354
12085,44.95,7,1,7,0.1,0.001,0.4218
12086,44.64,7,1,7,0.1,0.001,0.3777
12087,49.53,9,1,9,0.1,0.001,0.614
12088,49.85,10,1,10,0.1,0.001,0.4845
12089,54.03,12,1,12,0.1,0.001,0.5861
12090,43.31,6,1,6,0.1,0.001,0.3852
12091,37.73,2,1,2,0.1,0.001,0.3628
12092,-24.37,8,0,9,0.1,0.001,0.4032
12093,47.14,9,1,9,0.1,0.001,0.3488
12094,46.15,8,1,8,0.1,0.001,0.3935
12095,-26.26,7,0,8,0.1,0.001,0.3423
12096,-28.01,5,0,6,0.1,0.001,0.4978
12097,-26.64,2,0,3,0.1,0.001,2.4543
12098,46.78,8,1,8,0.1,0.001,0.472
12099,45.06,7,1,7,0.1,0.001,0.4372
12100,40.5,4,1,4,0.1,0.001,0.3756
12101,51.45,11,1,11,0.1,0.001,0.4954
12102,41.91,5,1,5,0.1,0.001,0.382
12103,-34.28,1,0,2,0.1,0.001,0.3609
12104,40.4,4,1,4,0.1,0.001,0.3499
12105,44.8,7,1,7,0.1,0.001,0.4005
12106,43.72,6,1,6,0.1,0.001,0.4529
12107,-29.85,4,0,5,0.1,0.001,0.4299
12108,-13.24,14,0,15,0.1,0.001,0.5842
12109,47.39,9,1,9,0.1,0.001,0.3765
12110,-34.49,1,0,2,0.1,0.001,0.2574
12111,45.4,7,1,7,0.1,0.001,0.4858
12112,49.04,10,1,10,0.1,0.001,0.4035
12113,55.01,14,1,14,0.1,0.001,0.4292
12114,-30.97,3,0,4,0.1,0.001,0.5074
12115,-30.07,4,0,5,0.1,0.001,0.3855
12116,43.05,6,1,6,0.1,0.001,0.3415
12117,44.27,6,1,6,0.1,0.001,0.5442
12118,-30.99,3,0,4,0.1,0.001,0.5018
12119,56.39,13,1,13,0.1,0.001,0.6454
12120,40.24,4,1,4,0.1,0.001,0.3111
12121,-33.21,2,0,3,0.1,0.001,0.2633
12122,40.44,4,1,4,0.1,0.001,0.3612
12123,43.68,6,1,6,0.1,0.001,0.4472
12124,41.92,5,1,5,0.1,0.001,0.3847
12125,-33.05,2,0,3,0.1,0.001,0.3165
12126,50.54,11,1,11,0.1,0.001,0.4127
12127,43.28,6,1,6,0.1,0.001,0.38
12128,49.75,10,1,10,0.1,0.001,0.4746
12129,51.38,11,1,11,0.1,0.001,0.4888
12130,56.92,13,1,13,0.1,0.001,0.6861
12131,43.42,6,1,6,0.1,0.001,0.4032
12132,40.35,4,1,4,0.1,0.001,0.3385
12133,54.01,12,1,12,0.1,0.001,0.5845
12134,-34.37,1,0,2,0.1,0.001,0.3146
12135,-34.39,1,0,2,0.1,0.001,0.3046
12136,-32.63,2,0,3,0.1,0.001,0.4558
12137,43.38,6,1,6,0.1,0.001,0.3973
12138,38.87,3,1,3,0.1,0.001,0.2884
12139,43.43,6,1,6,0.1,0.001,0.4043
12140,37.54,2,1,2,0.1,0.001,0.2719
12141,37.58,2,1,2,0.1,0.001,0.2921
12142,36.16,1,1,1,0.1,0.001,0.1602
12143,-30.94,3,0,4,0.1,0.001,0.5157
12144,40.13,4,1,4,0.1,0.001,0.2815
12145,-34.38,1,0,2,0.1,0.001,0.3089
12146,-34.53,1,0,2,0.1,0.001,0.2358
12147,45.17,7,1,7,0.1,0.001,0.4522
12148,-31.84,3,0,4,0.1,0.001,0.2908
12149,43.33,6,1,6,0.1,0.001,0.3887
12150,45.05,7,1,7,0.1,0.001,0.436
12151,44.72,7,1,7,0.1,0.001,0.3888
12152,-34.25,1,0,2,0.1,0.001,0.3732
12153,-34.58,1,0,2,0.1,0.001,0.2088
12154,-23.87,8,0,9,0.1,0.001,0.4593
12155,-34.42,1,0,2,0.1,0.001,0.2879
12156,47.45,9,1,9,0.1,0.001,0.3833
12157,-29.32,4,0,5,0.1,0.001,0.5363
12158,46.75,7,1,7,0.1,0.001,0.6782
12159,54.76,14,1,14,0.1,0.001,0.4115
12160,-17.74,10,0,11,0.1,0.001,0.751
12161,-22.09,9,0,10,0.1,0.001,0.491
12162,55.96,9,1,9,0.1,0.001,1.3285
12163,-24.54,8,0,9,0.1,0.001,0.3844
12164,-27.03,6,0,7,0.1,0.001,0.4237
12165,49.04,9,1,9,0.1,0.001,0.5596
12166,41.92,5,1,5,0.1,0.001,0.3833
12167,40.37,4,1,4,0.1,0.001,0.3426
12168,40.8,4,1,4,0.1,0.001,0.4492
12169,36.16,1,1,1,0.1,0.001,0.1635
12170,47.9,9,1,9,0.1,0.001,0.4339
12171,44.45,7,1,7,0.1,0.001,0.3506
12172,41.93,5,1,5,0.1,0.001,0.3866
12173,51.17,10,1,10,0.1,0.001,0.6168
12174,46.15,8,1,8,0.1,0.001,0.3943
12175,37.79,2,1,2,0.1,0.001,0.3961
12176,46.45,8,1,8,0.1,0.001,0.4308
12177,-20.43,11,0,12,0.1,0.001,0.3805
12178,60.34,17,1,17,0.1,0.001,0.4909
12179,41.88,5,1,5,0.1,0.001,0.3763
12180,-33.05,2,0,3,0.1,0.001,0.3174
12181,-30.53,3,0,4,0.1,0.001,0.6179
12182,55.93,14,1,14,0.1,0.001,0.4948
12183,53.33,12,1,12,0.1,0.001,0.5279
12184,49.99,11,1,11,0.1,0.001,0.3624
12185,39.0,3,1,3,0.1,0.001,0.3346
12186,46.54,8,1,8,0.1,0.001,0.4421
12187,-27.98,6,0,7,0.1,0.001,0.2886
12188,40.58,4,1,4,0.1,0.001,0.3959
12189,-27.35,6,0,7,0.1,0.001,0.3783
12190,44.08,6,1,6,0.1,0.001,0.5128
12191,59.22,16,1,16,0.1,0.001,0.5136
12192,54.79,14,1,14,0.1,0.001,0.4135
12193,-34.58,1,0,2,0.1,0.001,0.2084
12194,-30.34,4,0,5,0.1,0.001,0.3326
12195,-30.41,4,0,5,0.1,0.001,0.3178
12196,40.45,4,1,4,0.1,0.001,0.3632
12197,40.39,4,1,4,0.1,0.001,0.3473
12198,38.98,3,1,3,0.1,0.001,0.3252
12199,51.29,11,1,11,0.1,0.001,0.4808
12200,39.01,3,1,3,0.1,0.001,0.3382
12201,40.42,4,1,4,0.1,0.001,0.3561
12202,48.93,9,1,9,0.1,0.001,0.548
12203,-34.32,1,0,2,0.1,0.001,0.3377
12204,46.6,8,1,8,0.1,0.001,0.4502
12205,48.05,9,1,9,0.1,0.001,0.4499
12206,48.77,9,1,9,0.1,0.001,0.5295
12207,-31.74,3,0,4,0.1,0.001,0.3144
12208,44.83,7,1,7,0.1,0.001,0.4037
12209,57.58,15,1,15,0.1,0.001,0.5053
12210,44.49,7,1,7,0.1,0.001,0.3553
12211,-32.7,2,0,3,0.1,0.001,0.4332
12212,-34.2,1,0,2,0.1,0.001,0.398
12213,47.66,9,1,9,0.1,0.001,0.4068
12214,44.99,7,1,7,0.1,0.001,0.4275
12215,42.12,5,1,5,0.1,0.001,0.4234
12216,51.75,11,1,11,0.1,0.001,0.5226
12217,46.64,8,1,8,0.1,0.001,0.4551
12218,-25.62,7,0,8,0.1,0.001,0.4221
12219,46.67,8,1,8,0.1,0.001,0.459
12220,50.08,10,1,10,0.1,0.001,0.5084
12221,-22.56,9,0,10,0.1,0.001,0.4438
12222,40.5,4,1,4,0.1,0.001,0.375
12223,41.93,5,1,5,0.1,0.001,0.3859
12224,-34.52,1,0,2,0.1,0.001,0.2396
12225,-34.29,1,0,2,0.1,0.001,0.3527
12226,43.15,6,1,6,0.1,0.001,0.3587
12227,42.05,5,1,5,0.1,0.001,0.4096
12228,45.76,8,1,8,0.1,0.001,0.3455
12229,-27.84,5,0,6,0.1,0.001,0.5262
12230,72.6,21,1,21,0.1,0.001,0.7905
12231,43.44,6,1,6,0.1,0.001,0.4066
12232,-18.49,12,0,13,0.1,0.001,0.4237
12233,40.49,4,1,4,0.1,0.001,0.3717
12234,-32.73,2,0,3,0.1,0.001,0.4219
12235,-31.35,3,0,4,0.1,0.001,0.4119
12236,45.33,7,1,7,0.1,0.001,0.476
12237,43.22,6,1,6,0.1,0.001,0.3702
12238,-25.23,7,0,8,0.1,0.001,0.4706
12239,45.6,7,1,7,0.1,0.001,0.514
12240,-27.83,6,0,7,0.1,0.001,0.3106
12241,44.43,7,1,7,0.1,0.001,0.3474
12242,52.7,12,1,12,0.1,0.001,0.4748
12243,40.34,4,1,4,0.1,0.001,0.3338
12244,47.55,8,1,8,0.1,0.001,0.5682
12245,60.92,16,1,16,0.1,0.001,0.6202
12246,42.05,5,1,5,0.1,0.001,0.4099
12247,49.01,10,1,10,0.1,0.001,0.4009
12248,51.66,10,1,10,0.1,0.001,0.666
12249,50.57,11,1,11,0.1,0.001,0.4155
12250,36.14,1,1,1,0.1,0.001,0.1395
12251,37.55,2,1,2,0.1,0.001,0.2743
12252,41.85,5,1,5,0.1,0.001,0.3704
12253,36.14,1,1,1,0.1,0.001,0.14
12254,54.99,13,1,13,0.1,0.001,0.5378
12255,55.31,14,1,14,0.1,0.001,0.4504
12256,40.14,4,1,4,0.1,0.001,0.2856
12257,42.9,6,1,6,0.1,0.001,0.3172
12258,46.06,8,1,8,0.1,0.001,0.3822
12259,-23.99,8,0,9,0.1,0.001,0.4457
12260,50.84,10,1,10,0.1,0.001,0.5842
12261,45.39,7,1,7,0.1,0.001,0.4836
12262,47.54,9,1,9,0.1,0.001,0.3928
12263,41.41,5,1,5,0.1,0.001,0.2814
12264,-34.54,1,0,2,0.1,0.001,0.2302
12265,47.24,9,1,9,0.1,0.001,0.3595
12266,-20.54,9,0,10,0.1,0.001,0.6457
12267,-34.52,1,0,2,0.1,0.001,0.239
12268,38.95,3,1,3,0.1,0.001,0.3161
12269,-29.51,4,0,5,0.1,0.001,0.498
12270,44.6,7,1,7,0.1,0.001,0.3715
12271,40.53,4,1,4,0.1,0.001,0.3813
12272,-34.54,1,0,2,0.1,0.001,0.2323
12273,-24.76,7,0,8,0.1,0.001,0.5301
12274,-34.14,1,0,2,0.1,0.001,0.4323
12275,48.45,9,1,9,0.1,0.001,0.4939
12276,-28.55,5,0,6,0.1,0.001,0.4078
12277,51.95,11,1,11,0.1,0.001,0.5409
12278,-12.16,14,0,15,0.1,0.001,0.6559
12279,40.38,4,1,4,0.1,0.001,0.3453
12280,53.12,11,1,11,0.1,0.001,0.6473
12281,-27.3,5,0,6,0.1,0.001,0.6173
12282,43.14,6,1,6,0.1,0.001,0.357
12283,44.77,7,1,7,0.1,0.001,0.3957
12284,-34.55,1,0,2,0.1,0.001,0.2232
12285,40.4,4,1,4,0.1,0.001,0.3504
12286,46.58,8,1,8,0.1,0.001,0.4478
12287,45.01,7,1,7,0.1,0.001,0.4305
12288,44.85,7,1,7,0.1,0.001,0.4074
12289,47.6,9,1,9,0.1,0.001,0.4
12290,41.66,5,1,5,0.1,0.001,0.3327
12291,57.52,15,1,15,0.1,0.001,0.5014
12292,47.7,9,1,9,0.1,0.001,0.4108
12293,43.91,6,1,6,0.1,0.001,0.485
12294,-28.22,5,0,6,0.1,0.001,0.4639
12295,-17.48,11,0,12,0.1,0.001,0.6267
12296,-21.77,9,0,10,0.1,0.001,0.5228
12297,-31.44,3,0,4,0.1,0.001,0.389
12298,47.83,9,1,9,0.1,0.001,0.426
12299,40.15,4,1,4,0.1,0.001,0.2867
12300,43.21,6,1,6,0.1,0.001,0.3676
12301,44.61,7,1,7,0.1,0.001,0.3735
12302,-29.41,4,0,5,0.1,0.001,0.5177
12303,38.87,3,1,3,0.1,0.001,0.289
12304,47.82,7,1,7,0.1,0.001,0.831
12305,48.93,9,1,9,0.1,0.001,0.5473
12306,47.09,8,1,8,0.1,0.001,0.5114
12307,48.2,8,1,8,0.1,0.001,0.6506
12308,37.71,2,1,2,0.1,0.001,0.3529
12309,-25.21,7,0,8,0.1,0.001,0.4743
12310,-32.52,2,0,3,0.1,0.001,0.4949
12311,39.09,3,1,3,0.1,0.001,0.3643
12312,41.76,5,1,5,0.1,0.001,0.3523
12313,-29.56,4,0,5,0.1,0.001,0.4887
12314,51.22,11,1,11,0.1,0.001,0.4744
12315,43.07,6,1,6,0.1,0.001,0.3451
12316,41.83,5,1,5,0.1,0.001,0.3658
12317,40.19,4,1,4,0.1,0.001,0.2964
12318,49.76,10,1,10,0.1,0.001,0.4761
12319,37.65,2,1,2,0.1,0.001,0.3255
12320,40.28,4,1,4,0.1,0.001,0.3193
12321,41.42,5,1,5,0.1,0.001,0.284
12322,53.55,12,1,12,0.1,0.001,0.5462
12323,55.95,10,1,10,0.1,0.001,1.0951
12324,44.61,7,1,7,0.1,0.001,0.3727
12325,-31.26,3,0,4,0.1,0.001,0.4349
12326,40.35,4,1,4,0.1,0.001,0.3369
12327,-30.18,4,0,5,0.1,0.001,0.364
12328,39.13,3,1,3,0.1,0.001,0.3777
12329,41.46,5,1,5,0.1,0.001,0.2915
12330,53.15,13,1,13,0.1,0.001,0.3963
12331,-34.6,1,0,2,0.1,0.001,0.1997
12332,46.25,8,1,8,0.1,0.001,0.4065
12333,-34.61,1,0,2,0.1,0.001,0.1943
12334,48.17,8,1,8,0.1,0.001,0.6461
12335,43.15,5,1,5,0.1,0.001,0.6306
12336,44.7,7,1,7,0.1,0.001,0.3853
12337,44.64,7,1,7,0.1,0.001,0.377
12338,46.72,8,1,8,0.1,0.001,0.4644
12339,57.97,14,1,14,0.1,0.001,0.6407
12340,37.81,2,1,2,0.1,0.001,0.4053
12341,45.46,7,1,7,0.1,0.001,0.4948
12342,-25.99,7,0,8,0.1,0.001,0.376
12343,-21.48,10,0,11,0.1,0.001,0.4109
12344,53.13,12,1,12,0.1,0.001,0.5109
12345,47.61,9,1,9,0.1,0.001,0.4006
12346,51.3,11,1,11,0.1,0.001,0.4819
12347,-30.24,4,0,5,0.1,0.001,0.351
12348,42.8,5,1,5,0.1,0.001,0.5593
12349,-34.3,1,0,2,0.1,0.001,0.3498
12350,42.22,5,1,5,0.1,0.001,0.4449
12351,-22.65,9,0,10,0.1,0.001,0.4352
12352,47.48,9,1,9,0.1,0.001,0.3869
12353,-34.61,1,0,2,0.1,0.001,0.1962
12354,43.11,6,1,6,0.1,0.001,0.3525
12355,-31.38,3,0,4,0.1,0.001,0.4057
12356,44.27,6,1,6,0.1,0.001,0.5446
12357,44.97,7,1,7,0.1,0.001,0.4238
12358,-26.63,6,0,7,0.1,0.001,0.4815
12359,43.54,6,1,6,0.1,0.001,0.4233
12360,-21.56,8,0,9,0.1,0.001,0.7151
12361,47.81,9,1,9,0.1,0.001,0.4229
12362,-27.45,6,0,7,0.1,0.001,0.364
12363,48.97,9,1,9,0.1,0.001,0.5527
12364,58.72,10,1,10,0.1,0.001,1.3716
12365,40.72,4,1,4,0.1,0.001,0.431
12366,-34.55,1,0,2,0.1,0.001,0.2239
12367,48.15,9,1,9,0.1,0.001,0.4612
12368,41.96,5,1,5,0.1,0.001,0.3915
12369,47.83,9,1,9,0.1,0.001,0.4258
12370,-24.58,7,0,8,0.1,0.001,0.5529
12371,40.4,4,1,4,0.1,0.001,0.3489
12372,49.6,10,1,10,0.1,0.001,0.46
12373,40.08,4,1,4,0.1,0.001,0.27
12374,-34.4,1,0,2,0.1,0.001,0.3007
12375,51.72,11,1,11,0.1,0.001,0.5196
12376,44.82,7,1,7,0.1,0.001,0.4027
12377,40.45,4,1,4,0.1,0.001,0.3628
12378,-27.08,5,0,6,0.1,0.001,0.6537
12379,-34.43,1,0,2,0.1,0.001,0.2844
12380,-30.13,4,0,5,0.1,0.001,0.3748
12381,37.54,2,1,2,0.1,0.001,0.2709
12382,-25.89,6,0,7,0.1,0.001,0.5868
12383,61.86,16,1,16,0.1,0.001,0.6787
12384,-30.07,4,0,5,0.1,0.001,0.386
12385,-33.24,2,0,3,0.1,0.001,0.2538
12386,-32.27,2,0,3,0.1,0.001,0.5775
12387,-25.16,6,0,7,0.1,0.001,0.6913
12388,41.72,5,1,5,0.1,0.001,0.3432
12389,46.32,8,1,8,0.1,0.001,0.4147
12390,37.59,2,1,2,0.1,0.001,0.2942
12391,-30.17,4,0,5,0.1,0.001,0.3653
12392,-34.53,1,0,2,0.1,0.001,0.2349
12393,45.99,7,1,7,0.1,0.001,0.5697
12394,43.14,6,1,6,0.1,0.001,0.3564
12395,45.21,7,1,7,0.1,0.001,0.4586
12396,48.73,9,1,9,0.1,0.001,0.5254
12397,52.32,12,1,12,0.1,0.001,0.443
12398,47.92,9,1,9,0.1,0.001,0.4356
12399,36.14,1,1,1,0.1,0.001,0.1445
12400,-12.67,14,0,15,0.1,0.001,0.6221
12401,41.84,5,1,5,0.1,0.001,0.3676
12402,43.27,6,1,6,0.1,0.001,0.3778
12403,48.68,9,1,9,0.1,0.001,0.5205
12404,-29.79,4,0,5,0.1,0.001,0.4416
12405,43.06,6,1,6,0.1,0.001,0.3441
12406,55.92,13,1,13,0.1,0.001,0.6091
12407,64.17,18,1,18,0.1,0.001,0.6208
12408,-20.75,10,0,11,0.1,0.001,0.4772
12409,-34.41,1,0,2,0.1,0.001,0.2949
12410,46.24,7,1,7,0.1,0.001,0.6059
12411,40.35,4,1,4,0.1,0.001,0.3385
12412,47.7,9,1,9,0.1,0.001,0.4111
12413,46.81,9,1,9,0.1,0.001,0.3124
12414,-31.61,3,0,4,0.1,0.001,0.3482
12415,43.69,6,1,6,0.1,0.001,0.4491
12416,47.18,9,1,9,0.1,0.001,0.3534
12417,51.76,11,1,11,0.1,0.001,0.5234
12418,38.87,3,1,3,0.1,0.001,0.2912
12419,-31.81,3,0,4,0.1,0.001,0.2984
12420,47.06,8,1,8,0.1,0.001,0.5069
12421,45.98,8,1,8,0.1,0.001,0.3728
12422,45.29,7,1,7,0.1,0.001,0.4697
12423,40.86,4,1,4,0.1,0.001,0.4645
12424,45.64,8,1,8,0.1,0.001,0.3296
12425,54.82,13,1,13,0.1,0.001,0.5243
12426,-24.25,7,0,8,0.1,0.001,0.5933
12427,-31.45,3,0,4,0.1,0.001,0.3869
12428,40.77,4,1,4,0.1,0.001,0.4422
12429,43.67,6,1,6,0.1,0.001,0.4456
12430,42.47,5,1,5,0.1,0.001,0.4949
12431,40.99,4,1,4,0.1,0.001,0.4971
12432,42.92,6,1,6,0.1,0.001,0.3194
12433,40.56,4,1,4,0.1,0.001,0.3912
12434,41.72,5,1,5,0.1,0.001,0.3431
12435,-20.76,10,0,11,0.1,0.001,0.4761
12436,45.64,7,1,7,0.1,0.001,0.5207
12437,-23.55,8,0,9,0.1,0.001,0.494
12438,-28.84,5,0,6,0.1,0.001,0.3601
12439,57.64,14,1,14,0.1,0.001,0.6175
12440,-31.57,3,0,4,0.1,0.001,0.3582
12441,43.47,6,1,6,0.1,0.001,0.412
12442,43.44,6,1,6,0.1,0.001,0.4065
12443,-33.17,2,0,3,0.1,0.001,0.2776
12444,53.87,12,1,12,0.1,0.001,0.5721
12445,-23.91,8,0,9,0.1,0.001,0.4544
12446,52.82,12,1,12,0.1,0.001,0.4849
12447,43.96,6,1,6,0.1,0.001,0.4939
12448,48.59,10,1,10,0.1,0.001,0.3595
12449,-28.49,5,0,6,0.1,0.001,0.4178
12450,41.71,5,1,5,0.1,0.001,0.3415
12451,41.64,5,1,5,0.1,0.001,0.3273
12452,-23.63,7,0,8,0.1,0.001,0.6707
12453,-34.56,1,0,2,0.1,0.001,0.2194
12454,-26.1,7,0,8,0.1,0.001,0.3621
12455,42.3,5,1,5,0.1,0.001,0.4603
12456,38.95,3,1,3,0.1,0.001,0.3171
12457,54.89,12,1,12,0.1,0.001,0.6575
12458,46.36,8,1,8,0.1,0.001,0.4206
12459,56.35,14,1,14,0.1,0.001,0.5248
12460,41.77,5,1,5,0.1,0.001,0.3545
12461,55.69,13,1,13,0.1,0.001,0.5912
12462,41.61,5,1,5,0.1,0.001,0.322
12463,-32.78,2,0,3,0.1,0.001,0.4066
12464,38.86,3,1,3,0.1,0.001,0.2881
12465,44.49,7,1,7,0.1,0.001,0.3552
12466,44.17,6,1,6,0.1,0.001,0.5285
12467,51.44,11,1,11,0.1,0.001,0.4949
12468,46.74,8,1,8,0.1,0.001,0.4678
12469,46.01,8,1,8,0.1,0.001,0.3761
12470,47.12,8,1,8,0.1,0.001,0.5145
12471,44.51,7,1,7,0.1,0.001,0.3589
12472,41.94,5,1,5,0.1,0.001,0.3873
12473,47.53,8,1,8,0.1,0.001,0.5665
12474,62.09,17,1,17,0.1,0.001,0.5933
12475,53.96,12,1,12,0.1,0.001,0.5802
12476,-34.47,1,0,2,0.1,0.001,0.2654
12477,46.22,8,1,8,0.1,0.001,0.402
12478,37.57,2,1,2,0.1,0.001,0.2852
12479,43.32,6,1,6,0.1,0.001,0.3872
12480,44.36,7,1,7,0.1,0.001,0.3378
12481,46.89,7,1,7,0.1,0.001,0.6986
12482,37.46,2,1,2,0.1,0.001,0.2295
12483,48.56,9,1,9,0.1,0.001,0.5072
12484,53.09,11,1,11,0.1,0.001,0.6446
12485,46.61,6,1,6,0.1,0.001,0.935
12486,43.27,6,1,6,0.1,0.001,0.3776
12487,42.8,6,1,6,0.1,0.001,0.2994
12488,-22.03,9,0,10,0.1,0.001,0.4967
12489,42.09,5,1,5,0.1,0.001,0.4182
12490,-25.12,7,0,8,0.1,0.001,0.4848
12491,-22.6,9,0,10,0.1,0.001,0.4397
12492,-21.49,9,0,10,0.1,0.001,0.5511
12493,39.21,3,1,3,0.1,0.001,0.4018
12494,37.53,2,1,2,0.1,0.001,0.2643
12495,45.71,7,1,7,0.1,0.001,0.5304
12496,48.49,9,1,9,0.1,0.001,0.4992
12497,42.91,6,1,6,0.1,0.001,0.3185
12498,-30.1,4,0,5,0.1,0.001,0.3793
12499,53.46,13,1,13,0.1,0.001,0.42
12500,46.4,8,1,8,0.1,0.001,0.4255
12501,42.78,6,1,6,0.1,0.001,0.297
12502,56.86,14,1,14,0.1,0.001,0.5612
12503,43.42,6,1,6,0.1,0.001,0.4026
12504,52.58,11,1,11,0.1,0.001,0.5978
12505,41.4,5,1,5,0.1,0.001,0.2798
12506,-33.19,2,0,3,0.1,0.001,0.2708
12507,-34.52,1,0,2,0.1,0.001,0.2419
12508,41.96,5,1,5,0.1,0.001,0.3929
12509,-24.22,8,0,9,0.1,0.001,0.4202
12510,-29.02,5,0,6,0.1,0.001,0.33
12511,-31.63,3,0,4,0.1,0.001,0.3435
12512,52.85,12,1,12,0.1,0.001,0.4872
12513,-34.49,1,0,2,0.1,0.001,0.253
12514,43.28,6,1,6,0.1,0.001,0.3804
12515,52.84,12,1,12,0.1,0.001,0.4863
12516,46.76,8,1,8,0.1,0.001,0.4704
12517,47.74,9,1,9,0.1,0.001,0.415
12518,45.47,7,1,7,0.1,0.001,0.4954
12519,43.61,6,1,6,0.1,0.001,0.4345
12520,-34.48,1,0,2,0.1,0.001,0.2585
12521,-20.52,10,0,11,0.1,0.001,0.4986
12522,42.68,6,1,6,0.1,0.001,0.2792
12523,47.99,9,1,9,0.1,0.001,0.4435
12524,-27.1,6,0,7,0.1,0.001,0.4138
12525,-33.16,2,0,3,0.1,0.001,0.2787
12526,-29.86,4,0,5,0.1,0.001,0.4277
12527,46.98,9,1,9,0.1,0.001,0.3315
12528,47.41,9,1,9,0.1,0.001,0.3786
12529,-34.5,1,0,2,0.1,0.001,0.2506
12530,39.02,3,1,3,0.1,0.001,0.3399
12531,-29.31,4,0,5,0.1,0.001,0.5375
12532,55.12,14,1,14,0.1,0.001,0.4371
12533,46.16,7,1,7,0.1,0.001,0.5946
12534,40.74,4,1,4,0.1,0.001,0.4353
12535,39.06,3,1,3,0.1,0.001,0.3524
12536,45.73,7,1,7,0.1,0.001,0.5325
12537,46.32,8,1,8,0.1,0.001,0.4145
12538,-34.57,1,0,2,0.1,0.001,0.2162
12539,47.82,9,1,9,0.1,0.001,0.4248
12540,43.5,6,1,6,0.1,0.001,0.4167
12541,42.36,5,1,5,0.1,0.001,0.4718
12542,49.07,10,1,10,0.1,0.001,0.4066
12543,52.48,11,1,11,0.1,0.001,0.5887
12544,45.9,8,1,8,0.1,0.001,0.3625
12545,47.24,8,1,8,0.1,0.001,0.5302
12546,40.67,3,1,3,0.1,0.001,0.8916
12547,50.68,11,1,11,0.1,0.001,0.4256
12548,41.74,5,1,5,0.1,0.001,0.3474
12549,45.43,7,1,7,0.1,0.001,0.49
12550,49.43,10,1,10,0.1,0.001,0.4432
12551,-27.3,6,0,7,0.1,0.001,0.3859
12552,40.67,4,1,4,0.1,0.001,0.4166
12553,46.83,8,1,8,0.1,0.001,0.4789
12554,46.31,8,1,8,0.1,0.001,0.4142
12555,54.69,13,1,13,0.1,0.001,0.5148
12556,62.73,17,1,17,0.1,0.001,0.631
12557,45.16,7,1,7,0.1,0.001,0.4517
12558,57.08,14,1,14,0.1,0.001,0.5771
12559,-29.71,4,0,5,0.1,0.001,0.4578
12560,-34.58,1,0,2,0.1,0.001,0.2112
12561,-27.86,5,0,6,0.1,0.001,0.5231
12562,42.12,5,1,5,0.1,0.001,0.4242
12563,43.07,6,1,6,0.1,0.001,0.3457
12564,43.42,6,1,6,0.1,0.001,0.4025
12565,-31.49,3,0,4,0.1,0.001,0.3784
12566,-28.03,5,0,6,0.1,0.001,0.4944
12567,46.88,8,1,8,0.1,0.001,0.4856
12568,46.05,7,1,7,0.1,0.001,0.5788
12569,49.34,10,1,10,0.1,0.001,0.4339
12570,43.15,6,1,6,0.1,0.001,0.3578
12571,47.92,8,1,8,0.1,0.001,0.6147
12572,44.97,7,1,7,0.1,0.001,0.4246
12573,43.36,6,1,6,0.1,0.001,0.3929
12574,42.08,5,1,5,0.1,0.001,0.4162
12575,54.08,13,1,13,0.1,0.001,0.4677
12576,45.45,7,1,7,0.1,0.001,0.4932
12577,39.38,3,1,3,0.1,0.001,0.4605
12578,-33.03,2,0,3,0.1,0.001,0.323
12579,-33.46,1,0,2,0.1,0.001,0.7679
12580,40.31,4,1,4,0.1,0.001,0.3277
12581,-34.5,1,0,2,0.1,0.001,0.2507
12582,44.63,7,1,7,0.1,0.001,0.3757
12583,46.62,8,1,8,0.1,0.001,0.4529
12584,-28.78,5,0,6,0.1,0.001,0.3704
12585,41.72,5,1,5,0.1,0.001,0.3444
12586,49.77,10,1,10,0.1,0.001,0.4774
12587,37.39,2,1,2,0.1,0.001,0.1961
12588,-34.6,1,0,2,0.1,0.001,0.1988
12589,-28.39,5,0,6,0.1,0.001,0.4354
12590,-34.6,1,0,2,0.1,0.001,0.1983
12591,58.04,14,1,14,0.1,0.001,0.6461
12592,45.33,7,1,7,0.1,0.001,0.4751
12593,40.49,4,1,4,0.1,0.001,0.3731
12594,54.33,13,1,13,0.1,0.001,0.487
12595,48.12,9,1,9,0.1,0.001,0.4574
12596,-33.03,2,0,3,0.1,0.001,0.324
12597,44.44,7,1,7,0.1,0.001,0.349
12598,44.8,7,1,7,0.1,0.001,0.4004
12599,-22.23,9,0,10,0.1,0.001,0.4771
12600,-25.99,7,0,8,0.1,0.001,0.3768
12601,44.29,7,1,7,0.1,0.001,0.3277
12602,42.96,6,1,6,0.1,0.001,0.3264
12603,-27.98,5,0,6,0.1,0.001,0.5031
12604,42.03,5,1,5,0.1,0.001,0.4069
12605,-33.01,2,0,3,0.1,0.001,0.3285
12606,50.94,11,1,11,0.1,0.001,0.4495
12607,-34.46,1,0,2,0.1,0.001,0.2682
12608,-31.59,3,0,4,0.1,0.001,0.3528
12609,43.21,6,1,6,0.1,0.001,0.3689
12610,42.9,6,1,6,0.1,0.001,0.3174
12611,54.64,13,1,13,0.1,0.001,0.5108
12612,44.92,7,1,7,0.1,0.001,0.4177
12613,-29.94,4,0,5,0.1,0.001,0.4122
12614,51.56,11,1,11,0.1,0.001,0.505
12615,48.08,9,1,9,0.1,0.001,0.4535
12616,48.48,9,1,9,0.1,0.001,0.4975
12617,44.59,7,1,7,0.1,0.001,0.37
12618,-24.67,7,0,8,0.1,0.001,0.5407
12619,55.42,14,1,14,0.1,0.001,0.4587
12620,44.91,7,1,7,0.1,0.001,0.4159
12621,41.81,5,1,5,0.1,0.001,0.3627
12622,-20.24,10,0,11,0.1,0.001,0.5237
12623,40.17,4,1,4,0.1,0.001,0.2925
12624,45.18,7,1,7,0.1,0.001,0.4537
12625,42.93,6,1,6,0.1,0.001,0.3212
12626,48.26,8,1,8,0.1,0.001,0.6579
12627,46.29,8,1,8,0.1,0.001,0.4116
12628,45.72,8,1,8,0.1,0.001,0.3401
12629,48.55,10,1,10,0.1,0.001,0.3555
12630,-34.56,1,0,2,0.1,0.001,0.2182
12631,40.15,3,1,3,0.1,0.001,0.7174
12632,45.33,6,1,6,0.1,0.001,0.7223
12633,47.56,9,1,9,0.1,0.001,0.3959
12634,39.09,3,1,3,0.1,0.001,0.3633
12635,54.32,12,1,12,0.1,0.001,0.6103
12636,-18.58,10,0,11,0.1,0.001,0.6746
12637,43.81,6,1,6,0.1,0.001,0.4683
12638,-26.13,6,0,7,0.1,0.001,0.5535
12639,-34.57,1,0,2,0.1,0.001,0.2154
12640,49.63,9,1,9,0.1,0.001,0.6251
12641,44.96,7,1,7,0.1,0.001,0.4235
12642,44.77,7,1,7,0.1,0.001,0.3951
12643,46.87,8,1,8,0.1,0.001,0.4837
12644,-31.55,3,0,4,0.1,0.001,0.3627
12645,-25.43,7,0,8,0.1,0.001,0.4466
12646,42.3,5,1,5,0.1,0.001,0.4594
12647,37.57,2,1,2,0.1,0.001,0.2826
12648,49.91,11,1,11,0.1,0.001,0.3559
12649,54.5,13,1,13,0.1,0.001,0.4999
12650,44.82,7,1,7,0.1,0.001,0.4029
12651,50.88,11,1,11,0.1,0.001,0.4437
12652,41.51,5,1,5,0.1,0.001,0.3011
12653,43.55,6,1,6,0.1,0.001,0.4245
12654,52.12,12,1,12,0.1,0.001,0.4271
12655,44.42,7,1,7,0.1,0.001,0.3459
12656,44.13,7,1,7,0.1,0.001,0.3036
12657,-34.51,1,0,2,0.1,0.001,0.2428
12658,41.83,5,1,5,0.1,0.001,0.3661
12659,48.48,9,1,9,0.1,0.001,0.4974
12660,-34.66,1,0,2,0.1,0.001,0.1721
12661,45.37,7,1,7,0.1,0.001,0.4817
12662,-31.25,3,0,4,0.1,0.001,0.4375
12663,-31.22,3,0,4,0.1,0.001,0.4455
12664,-24.55,8,0,9,0.1,0.001,0.3829
12665,-22.38,9,0,10,0.1,0.001,0.4616
12666,51.7,11,1,11,0.1,0.001,0.5181
12667,43.18,6,1,6,0.1,0.001,0.3632
12668,-26.8,6,0,7,0.1,0.001,0.4576
12669,44.55,7,1,7,0.1,0.001,0.3648
12670,43.16,6,1,6,0.1,0.001,0.3607
12671,44.84,7,1,7,0.1,0.001,0.4061
12672,44.6,7,1,7,0.1,0.001,0.3712
12673,44.5,7,1,7,0.1,0.001,0.3571
12674,-30.19,4,0,5,0.1,0.001,0.3625
12675,-29.76,4,0,5,0.1,0.001,0.4479
12676,-31.49,3,0,4,0.1,0.001,0.3772
12677,38.87,3,1,3,0.1,0.001,0.2913
12678,57.96,15,1,15,0.1,0.001,0.5306
12679,-31.44,3,0,4,0.1,0.001,0.3904
12680,51.17,11,1,11,0.1,0.001,0.4699
12681,-34.5,1,0,2,0.1,0.001,0.2504
12682,-34.51,1,0,2,0.1,0.001,0.246
12683,49.88,10,1,10,0.1,0.001,0.4883
12684,38.93,3,1,3,0.1,0.001,0.3091
12685,-34.54,1,0,2,0.1,0.001,0.2276
12686,-28.16,5,0,6,0.1,0.001,0.4739
12687,43.13,6,1,6,0.1,0.001,0.3556
12688,45.58,8,1,8,0.1,0.001,0.3222
12689,-34.52,1,0,2,0.1,0.001,0.2399
12690,55.21,13,1,13,0.1,0.001,0.5542
12691,52.65,12,1,12,0.1,0.001,0.4706
12692,-34.52,1,0,2,0.1,0.001,0.2423
12693,50.72,10,1,10,0.1,0.001,0.5725
12694,47.77,9,1,9,0.1,0.001,0.4192
12695,42.42,5,1,5,0.1,0.001,0.4831
12696,-29.09,4,0,5,0.1,0.001,0.5826
12697,44.59,6,1,6,0.1,0.001,0.5991
12698,46.12,8,1,8,0.1,0.001,0.3895
12699,-34.51,1,0,2,0.1,0.001,0.2472
12700,41.97,5,1,5,0.1,0.001,0.3932
12701,-34.25,1,0,2,0.1,0.001,0.3744
12702,-20.97,10,0,11,0.1,0.001,0.4573
12703,51.75,9,1,9,0.1,0.001,0.8609
12704,46.36,8,1,8,0.1,0.001,0.4204
12705,41.7,5,1,5,0.1,0.001,0.3402
12706,43.64,6,1,6,0.1,0.001,0.4408
12707,-29.78,4,0,5,0.1,0.001,0.4436
12708,45.86,7,1,7,0.1,0.001,0.5516
12709,47.1,9,1,9,0.1,0.001,0.345
12710,-33.96,1,0,2,0.1,0.001,0.52
12711,-33.13,2,0,3,0.1,0.001,0.2904
12712,39.12,3,1,3,0.1,0.001,0.3749
12713,51.69,11,1,11,0.1,0.001,0.5172
12714,47.21,7,1,7,0.1,0.001,0.7439
12715,45.36,7,1,7,0.1,0.001,0.4804
12716,43.28,6,1,6,0.1,0.001,0.3797
12717,44.82,7,1,7,0.1,0.001,0.4029
12718,-33.09,2,0,3,0.1,0.001,0.3023
12719,42.69,5,1,5,0.1,0.001,0.5386
12720,47.1,9,1,9,0.1,0.001,0.3444
12721,50.27,9,1,9,0.1,0.001,0.6963
12722,47.76,9,1,9,0.1,0.001,0.4179
12723,-34.5,1,0,2,0.1,0.001,0.2492
12724,44.18,6,1,6,0.1,0.001,0.5305
12725,51.17,11,1,11,0.1,0.001,0.4698
12726,43.57,6,1,6,0.1,0.001,0.4279
12727,-33.1,2,0,3,0.1,0.001,0.2994
12728,37.61,2,1,2,0.1,0.001,0.3051
12729,60.72,17,1,17,0.1,0.001,0.5132
12730,-27.08,6,0,7,0.1,0.001,0.4171
12731,-31.76,3,0,4,0.1,0.001,0.3095
12732,-30.21,4,0,5,0.1,0.001,0.3572
12733,38.81,3,1,3,0.1,0.001,0.2688
12734,50.93,10,1,10,0.1,0.001,0.5931
12735,-32.9,2,0,3,0.1,0.001,0.3683
12736,44.51,7,1,7,0.1,0.001,0.3583
12737,-19.34,11,0,12,0.1,0.001,0.4716
12738,49.33,10,1,10,0.1,0.001,0.4329
12739,44.86,7,1,7,0.1,0.001,0.4082
12740,-33.24,2,0,3,0.1,0.001,0.2527
12741,41.74,5,1,5,0.1,0.001,0.3484
12742,49.83,10,1,10,0.1,0.001,0.4833
12743,48.75,9,1,9,0.1,0.001,0.528
12744,47.73,9,1,9,0.1,0.001,0.4145
12745,61.12,18,1,18,0.1,0.001,0.451
12746,-34.51,1,0,2,0.1,0.001,0.2427
12747,41.56,5,1,5,0.1,0.001,0.3125
12748,50.55,11,1,11,0.1,0.001,0.4133
12749,43.24,6,1,6,0.1,0.001,0.3729
12750,45.0,7,1,7,0.1,0.001,0.4286
12751,50.22,11,1,11,0.1,0.001,0.3838
12752,46.52,8,1,8,0.1,0.001,0.4406
12753,-34.41,1,0,2,0.1,0.001,0.2934
12754,45.0,7,1,7,0.1,0.001,0.429
12755,52.31,11,1,11,0.1,0.001,0.5739
12756,54.66,13,1,13,0.1,0.001,0.5124
12757,-34.61,1,0,2,0.1,0.001,0.1946
12758,47.54,9,1,9,0.1,0.001,0.3935
12759,43.45,6,1,6,0.1,0.001,0.4082
12760,-34.27,1,0,2,0.1,0.001,0.3671
12761,50.2,10,1,10,0.1,0.001,0.5204
12762,41.83,5,1,5,0.1,0.001,0.3667
12763,45.1,7,1,7,0.1,0.001,0.4429
12764,41.77,5,1,5,0.1,0.001,0.354
12765,-22.59,7,0,8,0.1,0.001,0.8014
12766,39.18,3,1,3,0.1,0.001,0.3924
12767,41.57,5,1,5,0.1,0.001,0.3144
12768,-33.31,2,0,3,0.1,0.001,0.2289
12769,-34.53,1,0,2,0.1,0.001,0.2332
12770,43.7,6,1,6,0.1,0.001,0.4499
12771,50.65,11,1,11,0.1,0.001,0.4225
12772,43.44,6,1,6,0.1,0.001,0.4074
12773,47.05,8,1,8,0.1,0.001,0.5057
12774,-11.23,15,0,16,0.1,0.001,0.6103
12775,43.83,6,1,6,0.1,0.001,0.4713
12776,40.52,4,1,4,0.1,0.001,0.3793
12777,40.4,4,1,4,0.1,0.001,0.3509
12778,41.82,5,1,5,0.1,0.001,0.3632
12779,39.41,3,1,3,0.1,0.001,0.4697
12780,41.93,5,1,5,0.1,0.001,0.3869
12781,47.88,9,1,9,0.1,0.001,0.4311
12782,43.49,6,1,6,0.1,0.001,0.4153
12783,-16.92,12,0,13,0.1,0.001,0.5443
12784,-18.92,12,0,13,0.1,0.001,0.3909
12785,-29.99,4,0,5,0.1,0.001,0.4028
12786,-31.49,3,0,4,0.1,0.001,0.3774
12787,50.9,10,1,10,0.1,0.001,0.5898
12788,66.57,17,1,17,0.1,0.001,0.8571
12789,50.07,11,1,11,0.1,0.001,0.3703
12790,-34.4,1,0,2,0.1,0.001,0.301
12791,-25.13,6,0,7,0.1,0.001,0.6955
12792,-34.6,1,0,2,0.1,0.001,0.2013
12793,43.35,6,1,6,0.1,0.001,0.392
12794,-30.02,4,0,5,0.1,0.001,0.396
12795,46.06,8,1,8,0.1,0.001,0.3823
12796,40.65,4,1,4,0.1,0.001,0.4123
12797,38.08,2,1,2,0.1,0.001,0.5415
12798,47.36,9,1,9,0.1,0.001,0.3735
12799,-26.03,7,0,8,0.1,0.001,0.3717
12800,41.55,5,1,5,0.1,0.001,0.3105
12801,74.55,10,1,10,0.1,0.001,2.9551
12802,46.42,8,1,8,0.1,0.001,0.4275
12803,-22.78,8,0,9,0.1,0.001,0.58
12804,52.37,12,1,12,0.1,0.001,0.4478
12805,-33.1,1,0,2,0.1,0.001,0.9491
12806,48.42,9,1,9,0.1,0.001,0.4915
12807,72.83,25,1,25,0.1,0.001,0.5134
12808,39.05,3,1,3,0.1,0.001,0.3511
12809,-32.12,2,0,3,0.1,0.001,0.6258
12810,61.98,18,1,18,0.1,0.001,0.4991
12811,40.43,4,1,4,0.1,0.001,0.3579
12812,-30.85,3,0,4,0.1,0.001,0.5378
12813,42.91,6,1,6,0.1,0.001,0.3188
12814,-22.12,9,0,10,0.1,0.001,0.4878
12815,63.66,13,1,13,0.1,0.001,1.2047
12816,-31.09,3,0,4,0.1,0.001,0.4784
12817,40.57,4,1,4,0.1,0.001,0.3931
12818,53.15,12,1,12,0.1,0.001,0.5125
12819,-22.45,8,0,9,0.1,0.001,0.6167
12820,42.04,5,1,5,0.1,0.001,0.4071
12821,57.53,15,1,15,0.1,0.001,0.5022
12822,-28.59,5,0,6,0.1,0.001,0.4015
12823,44.72,7,1,7,0.1,0.001,0.3888
12824,-22.7,8,0,9,0.1,0.001,0.5886
12825,58.68,16,1,16,0.1,0.001,0.48
12826,-34.5,1,0,2,0.1,0.001,0.2509
12827,-32.66,2,0,3,0.1,0.001,0.4474
12828,45.01,7,1,7,0.1,0.001,0.4299
12829,-31.44,3,0,4,0.1,0.001,0.3912
12830,48.23,8,1,8,0.1,0.001,0.654
12831,-31.73,3,0,4,0.1,0.001,0.3173
12832,-19.58,10,0,11,0.1,0.001,0.5835
12833,-34.4,1,0,2,0.1,0.001,0.299
12834,40.7,4,1,4,0.1,0.001,0.4242
12835,-17.68,11,0,12,0.1,0.001,0.6102
12836,-34.61,1,0,2,0.1,0.001,0.1964
12837,41.6,5,1,5,0.1,0.001,0.3203
12838,-30.01,4,0,5,0.1,0.001,0.3978
12839,-32.88,2,0,3,0.1,0.001,0.3722
12840,-28.46,5,0,6,0.1,0.001,0.4238
12841,42.97,6,1,6,0.1,0.001,0.3285
12842,47.59,9,1,9,0.1,0.001,0.3994
12843,47.84,9,1,9,0.1,0.001,0.4271
12844,49.23,9,1,9,0.1,0.001,0.581
12845,-30.15,4,0,5,0.1,0.001,0.3699
12846,51.95,12,1,12,0.1,0.001,0.4123
12847,47.24,9,1,9,0.1,0.001,0.3602
12848,47.86,9,1,9,0.1,0.001,0.429
12849,51.78,11,1,11,0.1,0.001,0.5256
12850,43.69,6,1,6,0.1,0.001,0.4488
12851,-25.91,6,0,7,0.1,0.001,0.5842
12852,41.59,5,1,5,0.1,0.001,0.3179
12853,50.37,10,1,10,0.1,0.001,0.537
12854,53.68,13,1,13,0.1,0.001,0.437
12855,-20.5,10,0,11,0.1,0.001,0.5002
12856,43.39,6,1,6,0.1,0.001,0.3991
12857,47.52,9,1,9,0.1,0.001,0.3908
12858,42.75,6,1,6,0.1,0.001,0.292
12859,45.2,7,1,7,0.1,0.001,0.4569
12860,-23.38,9,0,10,0.1,0.001,0.3621
12861,48.76,10,1,10,0.1,0.001,0.3764
12862,41.76,5,1,5,0.1,0.001,0.3526
12863,51.52,12,1,12,0.1,0.001,0.3763
12864,-34.33,1,0,2,0.1,0.001,0.3339
12865,-24.89,7,0,8,0.1,0.001,0.514
12866,-34.61,1,0,2,0.1,0.001,0.1948
12867,-29.48,4,0,5,0.1,0.001,0.5047
12868,-23.42,8,0,9,0.1,0.001,0.5089
12869,-33.12,2,0,3,0.1,0.001,0.292
12870,46.16,8,1,8,0.1,0.001,0.3951
12871,-25.9,7,0,8,0.1,0.001,0.3878
12872,44.49,7,1,7,0.1,0.001,0.3555
12873,50.25,10,1,10,0.1,0.001,0.5249
12874,44.6,7,1,7,0.1,0.001,0.3713
12875,51.31,12,1,12,0.1,0.001,0.3592
12876,41.86,5,1,5,0.1,0.001,0.3725
12877,42.07,5,1,5,0.1,0.001,0.4141
12878,49.85,10,1,10,0.1,0.001,0.4849
12879,46.36,8,1,8,0.1,0.001,0.4194
12880,50.73,11,1,11,0.1,0.001,0.43
12881,44.15,6,1,6,0.1,0.001,0.5251
12882,62.93,17,1,17,0.1,0.001,0.6429
12883,53.43,12,1,12,0.1,0.001,0.5356
12884,58.7,8,1,8,0.1,0.001,1.963
12885,44.71,7,1,7,0.1,0.001,0.3868
12886,-18.76,11,0,12,0.1,0.001,0.5202
12887,-34.61,1,0,2,0.1,0.001,0.1968
12888,-34.61,1,0,2,0.1,0.001,0.1967
12889,41.24,5,1,5,0.1,0.001,0.2475
12890,-33.14,2,0,3,0.1,0.001,0.2851
12891,41.84,5,1,5,0.1,0.001,0.3672
12892,-31.2,3,0,4,0.1,0.001,0.4502
12893,49.65,10,1,10,0.1,0.001,0.4654
12894,-31.14,3,0,4,0.1,0.001,0.4654
12895,49.4,10,1,10,0.1,0.001,0.4401
12896,57.09,15,1,15,0.1,0.001,0.4725
12897,45.05,7,1,7,0.1,0.001,0.4354
12898,-34.59,1,0,2,0.1,0.001,0.2058
12899,52.96,12,1,12,0.1,0.001,0.4963
12900,-25.99,7,0,8,0.1,0.001,0.3762
12901,-30.34,4,0,5,0.1,0.001,0.3311
12902,-31.83,3,0,4,0.1,0.001,0.2922
12903,52.09,13,1,13,0.1,0.001,0.3147
12904,51.37,11,1,11,0.1,0.001,0.4885
12905,-21.81,9,0,10,0.1,0.001,0.5189
12906,-24.72,8,0,9,0.1,0.001,0.3647
12907,-30.05,4,0,5,0.1,0.001,0.3905
12908,-34.41,1,0,2,0.1,0.001,0.2934
12909,-21.92,9,0,10,0.1,0.001,0.5083
12910,40.66,4,1,4,0.1,0.001,0.4159
12911,47.36,9,1,9,0.1,0.001,0.3733
12912,-31.35,3,0,4,0.1,0.001,0.4114
12913,-31.65,3,0,4,0.1,0.001,0.3375
12914,-34.35,1,0,2,0.1,0.001,0.325
12915,57.24,15,1,15,0.1,0.001,0.4825
12916,-34.36,1,0,2,0.1,0.001,0.319
12917,51.61,12,1,12,0.1,0.001,0.384
12918,40.19,4,1,4,0.1,0.001,0.2974
12919,-34.63,1,0,2,0.1,0.001,0.186
12920,45.27,7,1,7,0.1,0.001,0.4664
12921,48.96,10,1,10,0.1,0.001,0.3958
12922,46.1,8,1,8,0.1,0.001,0.3878
12923,40.08,4,1,4,0.1,0.001,0.2693
12924,-26.0,7,0,8,0.1,0.001,0.3751
12925,-28.23,5,0,6,0.1,0.001,0.4609
12926,56.99,13,1,13,0.1,0.001,0.6919
12927,46.95,8,1,8,0.1,0.001,0.4932
12928,-31.82,3,0,4,0.1,0.001,0.2958
12929,40.28,4,1,4,0.1,0.001,0.3188
12930,44.55,7,1,7,0.1,0.001,0.3638
12931,44.88,7,1,7,0.1,0.001,0.4113
12932,51.65,12,1,12,0.1,0.001,0.3872
12933,-34.53,1,0,2,0.1,0.001,0.2372
12934,56.8,14,1,14,0.1,0.001,0.5575
12935,40.64,4,1,4,0.1,0.001,0.4088
12936,-34.5,1,0,2,0.1,0.001,0.2525
12937,51.65,11,1,11,0.1,0.001,0.5139
12938,45.39,7,1,7,0.1,0.001,0.4844
12939,49.53,10,1,10,0.1,0.001,0.4534
12940,46.3,8,1,8,0.1,0.001,0.4119
12941,44.72,7,1,7,0.1,0.001,0.3885
12942,-34.59,1,0,2,0.1,0.001,0.2051
12943,40.33,4,1,4,0.1,0.001,0.3332
12944,48.64,10,1,10,0.1,0.001,0.3642
12945,46.67,6,1,6,0.1,0.001,0.9449
12946,73.58,25,1,25,0.1,0.001,0.5434
12947,41.77,5,1,5,0.1,0.001,0.3535
12948,-21.28,10,0,11,0.1,0.001,0.4287
12949,51.36,11,1,11,0.1,0.001,0.4869
12950,51.97,12,1,12,0.1,0.001,0.4144
12951,-33.34,2,0,3,0.1,0.001,0.2189
12952,45.02,7,1,7,0.1,0.001,0.4315
12953,43.74,6,1,6,0.1,0.001,0.457
12954,39.56,3,1,3,0.1,0.001,0.5202
12955,46.45,8,1,8,0.1,0.001,0.4316
12956,43.19,6,1,6,0.1,0.001,0.3652
12957,54.01,12,1,12,0.1,0.001,0.5841
12958,47.58,9,1,9,0.1,0.001,0.3974
12959,41.69,5,1,5,0.1,0.001,0.3386
12960,48.37,9,1,9,0.1,0.001,0.4857
12961,-33.36,2,0,3,0.1,0.001,0.2136
12962,-26.96,6,0,7,0.1,0.001,0.434
12963,37.59,2,1,2,0.1,0.001,0.2959
12964,-31.73,2,0,3,0.1,0.001,0.7565
12965,43.47,6,1,6,0.1,0.001,0.411
12966,40.09,4,1,4,0.1,0.001,0.2729
12967,-34.61,1,0,2,0.1,0.001,0.1943
12968,40.31,4,1,4,0.1,0.001,0.3281
12969,48.58,9,1,9,0.1,0.001,0.5086
12970,45.4,7,1,7,0.1,0.001,0.4851
12971,51.24,11,1,11,0.1,0.001,0.4766
12972,57.05,15,1,15,0.1,0.001,0.4703
12973,43.2,6,1,6,0.1,0.001,0.3669
12974,44.19,7,1,7,0.1,0.001,0.3125
12975,-18.17,12,0,13,0.1,0.001,0.4488
12976,59.38,15,1,15,0.1,0.001,0.6255
12977,37.47,2,1,2,0.1,0.001,0.2342
12978,50.35,10,1,10,0.1,0.001,0.5354
12979,51.1,11,1,11,0.1,0.001,0.464
12980,-30.6,4,0,5,0.1,0.001,0.2804
12981,45.9,7,1,7,0.1,0.001,0.5571
12982,52.08,11,1,11,0.1,0.001,0.5531
12983,37.64,2,1,2,0.1,0.001,0.3182
12984,40.34,4,1,4,0.1,0.001,0.3358
12985,-34.62,1,0,2,0.1,0.001,0.1919
12986,38.76,3,1,3,0.1,0.001,0.2534
12987,-30.39,4,0,5,0.1,0.001,0.3218
12988,-33.06,2,0,3,0.1,0.001,0.3141
12989,43.3,6,1,6,0.1,0.001,0.384
12990,61.05,16,1,16,0.1,0.001,0.6284
12991,42.09,5,1,5,0.1,0.001,0.419
12992,-24.65,8,0,9,0.1,0.001,0.372
12993,41.65,5,1,5,0.1,0.001,0.3305
12994,40.33,4,1,4,0.1,0.001,0.3326
12995,44.96,7,1,7,0.1,0.001,0.4234
12996,-33.27,2,0,3,0.1,0.001,0.2428
12997,42.64,5,1,5,0.1,0.001,0.5275
12998,53.14,12,1,12,0.1,0.001,0.5114
12999,43.57,6,1,6,0.1,0.001,0.4276
13000,-34.57,1,0,2,0.1,0.001,0.2172
13001,45.1,7,1,7,0.1,0.001,0.4431
13002,49.76,10,1,10,0.1,0.001,0.4757
13003,-33.1,2,0,3,0.1,0.001,0.2993
13004,-34.56,1,0,2,0.1,0.001,0.2203
13005,48.88,10,1,10,0.1,0.001,0.3878
13006,41.85,5,1,5,0.1,0.001,0.3704
13007,-30.51,4,0,5,0.1,0.001,0.2978
13008,49.7,10,1,10,0.1,0.001,0.4702
13009,38.92,3,1,3,0.1,0.001,0.3069
13010,47.39,9,1,9,0.1,0.001,0.3769
13011,46.55,8,1,8,0.1,0.001,0.4432
13012,43.15,6,1,6,0.1,0.001,0.3579
13013,-34.57,1,0,2,0.1,0.001,0.2152
13014,-23.65,8,0,9,0.1,0.001,0.483
13015,48.83,9,1,9,0.1,0.001,0.5372
13016,-32.98,2,0,3,0.1,0.001,0.3411
13017,48.17,9,1,9,0.1,0.001,0.4637
13018,43.29,6,1,6,0.1,0.001,0.382
13019,41.51,5,1,5,0.1,0.001,0.3013
13020,47.56,9,1,9,0.1,0.001,0.3953
13021,-26.31,4,0,5,0.1,0.001,1.1379
13022,43.42,6,1,6,0.1,0.001,0.4027
13023,38.77,3,1,3,0.1,0.001,0.2555
13024,47.7,9,1,9,0.1,0.001,0.4115
13025,38.8,3,1,3,0.1,0.001,0.2668
13026,51.75,11,1,11,0.1,0.001,0.5231
13027,-33.11,2,0,3,0.1,0.001,0.2978
13028,48.65,10,1,10,0.1,0.001,0.365
13029,-31.24,3,0,4,0.1,0.001,0.4412
13030,43.41,6,1,6,0.1,0.001,0.4023
13031,43.21,6,1,6,0.1,0.001,0.369
13032,-31.65,3,0,4,0.1,0.001,0.338
13033,-21.01,9,0,10,0.1,0.001,0.5989
13034,41.81,5,1,5,0.1,0.001,0.3628
13035,41.77,5,1,5,0.1,0.001,0.3544
13036,52.41,12,1,12,0.1,0.001,0.4508
13037,40.62,4,1,4,0.1,0.001,0.4061
13038,-17.7,12,0,13,0.1,0.001,0.4846
13039,42.1,5,1,5,0.1,0.001,0.4191
13040,-33.18,2,0,3,0.1,0.001,0.2732
13041,38.92,3,1,3,0.1,0.001,0.3076
13042,43.8,6,1,6,0.1,0.001,0.4667
13043,47.65,9,1,9,0.1,0.001,0.4056
13044,-31.25,3,0,4,0.1,0.001,0.4374
13045,52.93,11,1,11,0.1,0.001,0.6301
13046,-34.58,1,0,2,0.1,0.001,0.2097
13047,41.9,5,1,5,0.1,0.001,0.3796
13048,52.23,12,1,12,0.1,0.001,0.4356
13049,-34.6,1,0,2,0.1,0.001,0.2014
13050,46.74,8,1,8,0.1,0.001,0.4678
13051,40.34,4,1,4,0.1,0.001,0.3348
13052,-28.84,5,0,6,0.1,0.001,0.3599
13053,-25.98,7,0,8,0.1,0.001,0.378
13054,39.05,3,1,3,0.1,0.001,0.3505
13055,47.43,9,1,9,0.1,0.001,0.3807
13056,43.23,6,1,6,0.1,0.001,0.3712
13057,39.11,3,1,3,0.1,0.001,0.3709
13058,42.45,5,1,5,0.1,0.001,0.4896
13059,38.98,3,1,3,0.1,0.001,0.327
13060,-31.2,3,0,4,0.1,0.001,0.4507
13061,-29.13,5,0,6,0.1,0.001,0.3111
13062,-32.89,2,0,3,0.1,0.001,0.371
13063,41.82,5,1,5,0.1,0.001,0.3632
13064,43.14,6,1,6,0.1,0.001,0.3563
13065,54.34,14,1,14,0.1,0.001,0.3815
13066,46.06,8,1,8,0.1,0.001,0.3826
13067,45.5,7,1,7,0.1,0.001,0.5003
13068,50.02,10,1,10,0.1,0.001,0.5022
13069,40.07,4,1,4,0.1,0.001,0.2678
13070,-28.26,5,0,6,0.1,0.001,0.4562
13071,-33.25,2,0,3,0.1,0.001,0.25
13072,48.9,10,1,10,0.1,0.001,0.39
13073,-16.55,13,0,14,0.1,0.001,0.461
13074,-24.43,7,0,8,0.1,0.001,0.5708
13075,-26.38,6,0,7,0.1,0.001,0.5168
13076,-34.47,1,0,2,0.1,0.001,0.2671
13077,48.71,9,1,9,0.1,0.001,0.5229
13078,-34.29,1,0,2,0.1,0.001,0.3561
13079,45.19,7,1,7,0.1,0.001,0.4559
13080,-34.5,1,0,2,0.1,0.001,0.2476
13081,-33.08,2,0,3,0.1,0.001,0.3076
13082,41.56,5,1,5,0.1,0.001,0.3111
13083,-27.74,5,0,6,0.1,0.001,0.5433
13084,49.99,10,1,10,0.1,0.001,0.4993
13085,41.57,5,1,5,0.1,0.001,0.3139
13086,43.31,6,1,6,0.1,0.001,0.3855
13087,-34.15,1,0,2,0.1,0.001,0.4274
13088,-28.56,5,0,6,0.1,0.001,0.4059
13089,51.27,10,1,10,0.1,0.001,0.6275
13090,-34.38,1,0,2,0.1,0.001,0.3083
13091,44.41,7,1,7,0.1,0.001,0.3436
13092,-29.05,5,0,6,0.1,0.001,0.3247
13093,42.4,5,1,5,0.1,0.001,0.4797
13094,44.74,7,1,7,0.1,0.001,0.3908
13095,46.19,8,1,8,0.1,0.001,0.3982
13096,40.53,4,1,4,0.1,0.001,0.3834
13097,52.1,11,1,11,0.1,0.001,0.5543
13098,46.41,8,1,8,0.1,0.001,0.4257
13099,49.45,10,1,10,0.1,0.001,0.4448
13100,52.95,12,1,12,0.1,0.001,0.4956
13101,50.85,11,1,11,0.1,0.001,0.4407
13102,-29.14,5,0,6,0.1,0.001,0.3107
13103,45.26,7,1,7,0.1,0.001,0.4652
13104,46.39,8,1,8,0.1,0.001,0.4235
13105,52.85,13,1,13,0.1,0.001,0.373
13106,55.03,14,1,14,0.1,0.001,0.4308
13107,40.25,4,1,4,0.1,0.001,0.3125
13108,-34.54,1,0,2,0.1,0.001,0.2308
13109,-26.87,6,0,7,0.1,0.001,0.4467
13110,37.6,2,1,2,0.1,0.001,0.2976
13111,49.87,10,1,10,0.1,0.001,0.4875
13112,42.98,6,1,6,0.1,0.001,0.3296
13113,53.7,11,1,11,0.1,0.001,0.7002
13114,-34.58,1,0,2,0.1,0.001,0.2103
13115,-34.42,1,0,2,0.1,0.001,0.292
13116,-33.12,2,0,3,0.1,0.001,0.2938
13117,47.08,9,1,9,0.1,0.001,0.3419
13118,-28.9,5,0,6,0.1,0.001,0.3504
13119,-31.83,2,0,3,0.1,0.001,0.7221
13120,-26.78,6,0,7,0.1,0.001,0.4597
13121,43.0,6,1,6,0.1,0.001,0.3339
13122,43.36,6,1,6,0.1,0.001,0.393
13123,-29.83,4,0,5,0.1,0.001,0.4341
13124,45.02,7,1,7,0.1,0.001,0.4314
13125,66.2,19,1,19,0.1,0.001,0.6421
13126,48.82,9,1,9,0.1,0.001,0.5352
13127,48.13,9,1,9,0.1,0.001,0.4592
13128,43.31,6,1,6,0.1,0.001,0.3849
13129,49.31,9,1,9,0.1,0.001,0.5897
13130,47.75,9,1,9,0.1,0.001,0.417
13131,-31.51,3,0,4,0.1,0.001,0.3713
13132,-29.98,4,0,5,0.1,0.001,0.4049
13133,47.45,9,1,9,0.1,0.001,0.3828
13134,47.56,9,1,9,0.1,0.001,0.3952
13135,45.81,8,1,8,0.1,0.001,0.351
13136,55.13,13,1,13,0.1,0.001,0.5488
13137,41.55,5,1,5,0.1,0.001,0.3109
13138,37.64,2,1,2,0.1,0.001,0.32
13139,45.25,7,1,7,0.1,0.001,0.4636
13140,-33.03,2,0,3,0.1,0.001,0.3245
13141,50.97,11,1,11,0.1,0.001,0.4515
13142,53.98,12,1,12,0.1,0.001,0.5818
13143,45.64,8,1,8,0.1,0.001,0.3295
13144,-31.9,3,0,4,0.1,0.001,0.2739
13145,45.87,8,1,8,0.1,0.001,0.3584
13146,56.18,14,1,14,0.1,0.001,0.5129
13147,49.89,10,1,10,0.1,0.001,0.4894
13148,-31.52,3,0,4,0.1,0.001,0.371
13149,53.57,13,1,13,0.1,0.001,0.4284
13150,58.62,16,1,16,0.1,0.001,0.476
13151,54.95,14,1,14,0.1,0.001,0.4251
13152,45.1,7,1,7,0.1,0.001,0.4427
13153,-34.34,1,0,2,0.1,0.001,0.328
13154,41.55,5,1,5,0.1,0.001,0.309
13155,-34.49,1,0,2,0.1,0.001,0.2527
13156,-26.84,6,0,7,0.1,0.001,0.452
13157,-27.46,6,0,7,0.1,0.001,0.3625
13158,45.04,7,1,7,0.1,0.001,0.4336
13159,51.17,10,1,10,0.1,0.001,0.6169
13160,48.39,9,1,9,0.1,0.001,0.4875
13161,-28.64,5,0,6,0.1,0.001,0.3938
13162,48.42,9,1,9,0.1,0.001,0.4909
13163,38.93,3,1,3,0.1,0.001,0.3113
13164,40.21,4,1,4,0.1,0.001,0.3024
13165,54.24,11,1,11,0.1,0.001,0.7488
13166,-34.64,1,0,2,0.1,0.001,0.1775
13167,-26.89,6,0,7,0.1,0.001,0.444
13168,37.66,2,1,2,0.1,0.001,0.3312
13169,-33.16,2,0,3,0.1,0.001,0.279
13170,-34.31,1,0,2,0.1,0.001,0.3439
13171,53.51,13,1,13,0.1,0.001,0.424
13172,46.87,8,1,8,0.1,0.001,0.4839
13173,50.28,11,1,11,0.1,0.001,0.3887
13174,-27.31,6,0,7,0.1,0.001,0.3848
13175,43.23,6,1,6,0.1,0.001,0.3724
13176,43.12,6,1,6,0.1,0.001,0.3533
13177,46.85,8,1,8,0.1,0.001,0.4809
13178,46.54,8,1,8,0.1,0.001,0.4427
13179,59.51,14,1,14,0.1,0.001,0.7506
13180,-23.6,9,0,10,0.1,0.001,0.3395
13181,51.22,12,1,12,0.1,0.001,0.3517
13182,-16.06,13,0,14,0.1,0.001,0.4958
13183,51.52,11,1,11,0.1,0.001,0.5017
13184,39.17,3,1,3,0.1,0.001,0.3895
13185,-27.54,5,0,6,0.1,0.001,0.576
13186,-34.47,1,0,2,0.1,0.001,0.2674
13187,-34.41,1,0,2,0.1,0.001,0.2966
13188,-23.19,8,0,9,0.1,0.001,0.5342
13189,44.5,7,1,7,0.1,0.001,0.3572
13190,48.23,9,1,9,0.1,0.001,0.4697
13191,-21.8,10,0,11,0.1,0.001,0.382
13192,44.46,7,1,7,0.1,0.001,0.3511
13193,38.9,3,1,3,0.1,0.001,0.2984
13194,44.15,6,1,6,0.1,0.001,0.5242
13195,49.66,8,1,8,0.1,0.001,0.8323
13196,50.16,10,1,10,0.1,0.001,0.5164
13197,-21.34,9,0,10,0.1,0.001,0.5657
13198,46.15,8,1,8,0.1,0.001,0.3939
13199,53.4,13,1,13,0.1,0.001,0.4157
13200,-26.46,7,0,8,0.1,0.001,0.3176
13201,51.11,11,1,11,0.1,0.001,0.4644
13202,48.01,9,1,9,0.1,0.001,0.4454
13203,44.95,7,1,7,0.1,0.001,0.4214
13204,-34.49,1,0,2,0.1,0.001,0.2572
13205,46.2,8,1,8,0.1,0.001,0.3997
13206,43.71,6,1,6,0.1,0.001,0.4523
13207,-29.29,4,0,5,0.1,0.001,0.5411
13208,43.34,6,1,6,0.1,0.001,0.3892
13209,49.98,11,1,11,0.1,0.001,0.362
13210,38.76,3,1,3,0.1,0.001,0.2522
13211,42.4,5,1,5,0.1,0.001,0.4809
13212,52.03,12,1,12,0.1,0.001,0.4188
13213,54.97,13,1,13,0.1,0.001,0.5358
13214,44.12,7,1,7,0.1,0.001,0.303
13215,-28.57,5,0,6,0.1,0.001,0.4043
13216,47.58,9,1,9,0.1,0.001,0.3976
13217,41.94,5,1,5,0.1,0.001,0.3884
13218,36.16,1,1,1,0.1,0.001,0.1589
13219,52.31,10,1,10,0.1,0.001,0.7311
13220,46.8,8,1,8,0.1,0.001,0.475
13221,46.72,8,1,8,0.1,0.001,0.465
13222,-27.11,6,0,7,0.1,0.001,0.4129
13223,43.53,6,1,6,0.1,0.001,0.421
13224,53.34,12,1,12,0.1,0.001,0.5286
13225,43.12,6,1,6,0.1,0.001,0.3531
13226,40.89,4,1,4,0.1,0.001,0.4727
13227,41.81,5,1,5,0.1,0.001,0.3618
13228,-34.49,1,0,2,0.1,0.001,0.2544
13229,58.19,15,1,15,0.1,0.001,0.5461
13230,41.7,5,1,5,0.1,0.001,0.34
13231,-34.49,1,0,2,0.1,0.001,0.2534
13232,-31.53,3,0,4,0.1,0.001,0.3671
13233,-26.62,6,0,7,0.1,0.001,0.4827
13234,40.53,4,1,4,0.1,0.001,0.3834
13235,40.23,4,1,4,0.1,0.001,0.3073
13236,-15.06,11,0,12,0.1,0.001,0.8282
13237,51.39,11,1,11,0.1,0.001,0.4901
13238,-31.67,3,0,4,0.1,0.001,0.3335
13239,40.44,4,1,4,0.1,0.001,0.3594
13240,49.57,10,1,10,0.1,0.001,0.4567
13241,46.13,8,1,8,0.1,0.001,0.3907
13242,37.58,2,1,2,0.1,0.001,0.2915
13243,40.09,4,1,4,0.1,0.001,0.2724
13244,-33.13,2,0,3,0.1,0.001,0.2916
13245,-27.24,6,0,7,0.1,0.001,0.3948
13246,44.47,7,1,7,0.1,0.001,0.3524
13247,45.17,7,1,7,0.1,0.001,0.4522
13248,-33.12,2,0,3,0.1,0.001,0.2919
13249,44.75,7,1,7,0.1,0.001,0.3934
13250,46.18,8,1,8,0.1,0.001,0.3976
13251,40.14,4,1,4,0.1,0.001,0.2859
13252,48.55,10,1,10,0.1,0.001,0.3555
13253,43.83,6,1,6,0.1,0.001,0.4715
13254,45.22,7,1,7,0.1,0.001,0.4605
13255,-28.98,5,0,6,0.1,0.001,0.3368
13256,-29.88,4,0,5,0.1,0.001,0.424
13257,-25.44,7,0,8,0.1,0.001,0.4446
13258,46.14,8,1,8,0.1,0.001,0.392
13259,-32.53,2,0,3,0.1,0.001,0.4916
13260,59.45,11,1,11,0.1,0.001,1.2225
13261,42.42,5,1,5,0.1,0.001,0.4845
13262,39.01,3,1,3,0.1,0.001,0.3361
13263,-34.35,1,0,2,0.1,0.001,0.3236
13264,47.44,9,1,9,0.1,0.001,0.3819
13265,45.33,7,1,7,0.1,0.001,0.4751
13266,48.99,10,1,10,0.1,0.001,0.399
13267,57.07,15,1,15,0.1,0.001,0.4713
13268,-23.36,8,0,9,0.1,0.001,0.5153
13269,46.29,8,1,8,0.1,0.001,0.4112
13270,-32.74,2,0,3,0.1,0.001,0.4209
13271,39.11,3,1,3,0.1,0.001,0.3709
13272,45.99,8,1,8,0.1,0.001,0.3731
13273,47.43,9,1,9,0.1,0.001,0.3807
13274,46.66,8,1,8,0.1,0.001,0.4569
13275,43.33,6,1,6,0.1,0.001,0.3888
13276,-21.98,10,0,11,0.1,0.001,0.3654
13277,43.92,6,1,6,0.1,0.001,0.4867
13278,44.77,7,1,7,0.1,0.001,0.3963
13279,-34.58,1,0,2,0.1,0.001,0.2088
13280,-34.58,1,0,2,0.1,0.001,0.2093
13281,-27.17,6,0,7,0.1,0.001,0.4041
13282,-32.8,2,0,3,0.1,0.001,0.401
13283,40.06,4,1,4,0.1,0.001,0.2639
13284,43.35,6,1,6,0.1,0.001,0.3922
13285,46.03,8,1,8,0.1,0.001,0.3784
13286,43.12,6,1,6,0.1,0.001,0.3531
13287,49.02,9,1,9,0.1,0.001,0.558
13288,43.28,6,1,6,0.1,0.001,0.3808
13289,40.47,4,1,4,0.1,0.001,0.3677
13290,-20.23,10,0,11,0.1,0.001,0.5243
13291,43.72,6,1,6,0.1,0.001,0.454
13292,-31.51,3,0,4,0.1,0.001,0.3734
13293,-28.41,5,0,6,0.1,0.001,0.4321
13294,41.77,5,1,5,0.1,0.001,0.3548
13295,39.09,3,1,3,0.1,0.001,0.3648
13296,42.12,5,1,5,0.1,0.001,0.4242
13297,54.71,13,1,13,0.1,0.001,0.516
13298,50.07,10,1,10,0.1,0.001,0.5074
13299,56.51,15,1,15,0.1,0.001,0.434
13300,41.75,5,1,5,0.1,0.001,0.3491
13301,48.73,10,1,10,0.1,0.001,0.373
13302,-28.45,5,0,6,0.1,0.001,0.4245
13303,45.16,7,1,7,0.1,0.001,0.4519
13304,37.88,2,1,2,0.1,0.001,0.4414
13305,52.41,12,1,12,0.1,0.001,0.4506
13306,52.64,12,1,12,0.1,0.001,0.4702
13307,-34.42,1,0,2,0.1,0.001,0.2916
13308,-30.25,4,0,5,0.1,0.001,0.3497
13309,40.33,4,1,4,0.1,0.001,0.3325
13310,-33.08,2,0,3,0.1,0.001,0.3052
13311,41.91,5,1,5,0.1,0.001,0.3817
13312,-34.54,1,0,2,0.1,0.001,0.2324
13313,52.3,11,1,11,0.1,0.001,0.5725
13314,-28.38,5,0,6,0.1,0.001,0.436
13315,54.8,13,1,13,0.1,0.001,0.5228
13316,38.95,3,1,3,0.1,0.001,0.3181
13317,47.22,9,1,9,0.1,0.001,0.3577
13318,-20.02,11,0,12,0.1,0.001,0.4152
13319,53.38,13,1,13,0.1,0.001,0.4138
13320,49.24,10,1,10,0.1,0.001,0.4237
13321,-28.13,5,0,6,0.1,0.001,0.4783
13322,38.05,2,1,2,0.1,0.001,0.526
13323,52.22,12,1,12,0.1,0.001,0.4348
13324,46.72,7,1,7,0.1,0.001,0.6747
13325,42.03,5,1,5,0.1,0.001,0.4058
13326,54.75,13,1,13,0.1,0.001,0.5192
13327,47.08,8,1,8,0.1,0.001,0.5102
13328,44.92,7,1,7,0.1,0.001,0.417
13329,47.48,9,1,9,0.1,0.001,0.3865
13330,-24.85,8,0,9,0.1,0.001,0.3495
13331,-19.61,11,0,12,0.1,0.001,0.449
13332,41.85,5,1,5,0.1,0.001,0.3704
13333,46.17,8,1,8,0.1,0.001,0.3961
13334,65.34,20,1,20,0.1,0.001,0.5172
13335,-31.83,3,0,4,0.1,0.001,0.2916
13336,-22.13,9,0,10,0.1,0.001,0.4871
13337,62.11,17,1,17,0.1,0.001,0.5948
13338,44.18,7,1,7,0.1,0.001,0.3116
13339,46.41,8,1,8,0.1,0.001,0.4267
13340,-34.6,1,0,2,0.1,0.001,0.2023
13341,-28.05,5,0,6,0.1,0.001,0.4919
13342,58.41,16,1,16,0.1,0.001,0.4631
13343,43.08,6,1,6,0.1,0.001,0.3464
13344,43.39,6,1,6,0.1,0.001,0.3986
13345,-34.61,1,0,2,0.1,0.001,0.1947
13346,41.77,5,1,5,0.1,0.001,0.3547
13347,44.29,7,1,7,0.1,0.001,0.3273
13348,40.35,4,1,4,0.1,0.001,0.3381
13349,47.44,8,1,8,0.1,0.001,0.555
13350,47.41,9,1,9,0.1,0.001,0.3785
13351,40.24,4,1,4,0.1,0.001,0.3098
13352,-28.61,5,0,6,0.1,0.001,0.3981
13353,42.18,4,1,4,0.1,0.001,0.7941
13354,44.24,7,1,7,0.1,0.001,0.3206
13355,-34.61,1,0,2,0.1,0.001,0.1972
13356,42.9,6,1,6,0.1,0.001,0.316
13357,42.81,6,1,6,0.1,0.001,0.3024
13358,51.14,11,1,11,0.1,0.001,0.4677
13359,-32.36,2,0,3,0.1,0.001,0.5481
13360,-31.75,3,0,4,0.1,0.001,0.3123
13361,53.93,13,1,13,0.1,0.001,0.4561
13362,54.65,13,1,13,0.1,0.001,0.5112
13363,48.95,10,1,10,0.1,0.001,0.3952
13364,52.28,12,1,12,0.1,0.001,0.4402
13365,-28.08,5,0,6,0.1,0.001,0.4866
13366,47.68,8,1,8,0.1,0.001,0.5851
13367,40.21,4,1,4,0.1,0.001,0.3027
13368,59.37,16,1,16,0.1,0.001,0.5229
13369,-34.27,1,0,2,0.1,0.001,0.3667
13370,44.37,7,1,7,0.1,0.001,0.3381
13371,40.57,4,1,4,0.1,0.001,0.393
13372,47.89,9,1,9,0.1,0.001,0.4318
13373,38.84,3,1,3,0.1,0.001,0.2805
13374,-33.19,2,0,3,0.1,0.001,0.2695
13375,40.41,4,1,4,0.1,0.001,0.3531
13376,44.81,7,1,7,0.1,0.001,0.4021
13377,46.94,8,1,8,0.1,0.001,0.4929
13378,-34.54,1,0,2,0.1,0.001,0.2315
13379,46.37,8,1,8,0.1,0.001,0.4209
13380,44.02,6,1,6,0.1,0.001,0.5025
13381,40.98,4,1,4,0.1,0.001,0.4939
13382,45.24,7,1,7,0.1,0.001,0.4633
13383,-33.02,2,0,3,0.1,0.001,0.3256
13384,43.23,6,1,6,0.1,0.001,0.3714
13385,40.33,4,1,4,0.1,0.001,0.3335
13386,-23.79,8,0,9,0.1,0.001,0.4675
13387,51.94,11,1,11,0.1,0.001,0.5403
13388,37.57,2,1,2,0.1,0.001,0.2864
13389,-26.87,6,0,7,0.1,0.001,0.4473
13390,46.12,8,1,8,0.1,0.001,0.3898
13391,-28.44,5,0,6,0.1,0.001,0.4269
13392,41.54,5,1,5,0.1,0.001,0.3073
13393,-28.82,5,0,6,0.1,0.001,0.3641
13394,50.77,11,1,11,0.1,0.001,0.4337
13395,45.93,8,1,8,0.1,0.001,0.3662
13396,49.78,10,1,10,0.1,0.001,0.4776
13397,-34.27,1,0,2,0.1,0.001,0.3673
13398,-26.05,7,0,8,0.1,0.001,0.3684
13399,45.27,7,1,7,0.1,0.001,0.4674
13400,49.39,10,1,10,0.1,0.001,0.4386
13401,45.04,7,1,7,0.1,0.001,0.4349
13402,-31.74,3,0,4,0.1,0.001,0.3139
13403,45.17,7,1,7,0.1,0.001,0.453
13404,-34.17,1,0,2,0.1,0.001,0.4142
13405,-27.02,6,0,7,0.1,0.001,0.4259
13406,-34.59,1,0,2,0.1,0.001,0.2025
13407,-29.78,4,0,5,0.1,0.001,0.4446
13408,42.28,5,1,5,0.1,0.001,0.4556
13409,40.14,4,1,4,0.1,0.001,0.2846
13410,46.54,8,1,8,0.1,0.001,0.4419
13411,41.8,5,1,5,0.1,0.001,0.3598
13412,45.76,7,1,7,0.1,0.001,0.537
13413,-28.6,5,0,6,0.1,0.001,0.4005
13414,42.18,5,1,5,0.1,0.001,0.4365
13415,44.19,6,1,6,0.1,0.001,0.5324
13416,44.43,7,1,7,0.1,0.001,0.3467
13417,44.85,7,1,7,0.1,0.001,0.407
13418,37.42,2,1,2,0.1,0.001,0.2078
13419,47.78,9,1,9,0.1,0.001,0.4203
13420,42.84,6,1,6,0.1,0.001,0.307
13421,46.15,8,1,8,0.1,0.001,0.394
13422,-29.96,4,0,5,0.1,0.001,0.408
13423,39.5,3,1,3,0.1,0.001,0.5003
13424,51.71,11,1,11,0.1,0.001,0.5189
13425,-31.79,3,0,4,0.1,0.001,0.3028
13426,46.42,8,1,8,0.1,0.001,0.4272
13427,41.77,5,1,5,0.1,0.001,0.3545
13428,49.28,9,1,9,0.1,0.001,0.5866
13429,43.4,6,1,6,0.1,0.001,0.4001
13430,44.35,6,1,6,0.1,0.001,0.5591
13431,47.59,9,1,9,0.1,0.001,0.399
13432,-34.5,1,0,2,0.1,0.001,0.2518
13433,47.56,9,1,9,0.1,0.001,0.3957
13434,41.72,5,1,5,0.1,0.001,0.3442
13435,43.2,6,1,6,0.1,0.001,0.3675
13436,-34.51,1,0,2,0.1,0.001,0.2466
13437,52.12,12,1,12,0.1,0.001,0.4266
13438,-34.37,1,0,2,0.1,0.001,0.314
13439,-29.96,4,0,5,0.1,0.001,0.4086
13440,-26.13,6,0,7,0.1,0.001,0.5526
13441,40.33,4,1,4,0.1,0.001,0.3317
13442,44.24,6,1,6,0.1,0.001,0.5403
13443,46.35,8,1,8,0.1,0.001,0.419
13444,43.4,6,1,6,0.1,0.001,0.3997
13445,46.99,9,1,9,0.1,0.001,0.3324
13446,44.9,7,1,7,0.1,0.001,0.4143
13447,-10.13,16,0,17,0.1,0.001,0.5807
13448,56.1,14,1,14,0.1,0.001,0.5069
13449,43.18,6,1,6,0.1,0.001,0.3629
13450,-34.41,1,0,2,0.1,0.001,0.2972
13451,45.1,7,1,7,0.1,0.001,0.4422
13452,-33.29,2,0,3,0.1,0.001,0.2373
13453,46.14,7,1,7,0.1,0.001,0.591
13454,37.41,2,1,2,0.1,0.001,0.204
13455,46.36,8,1,8,0.1,0.001,0.4196
13456,45.1,7,1,7,0.1,0.001,0.443
13457,-33.29,2,0,3,0.1,0.001,0.236
13458,43.13,6,1,6,0.1,0.001,0.3544
13459,52.44,12,1,12,0.1,0.001,0.4537
13460,69.81,22,1,22,0.1,0.001,0.5822
13461,41.68,5,1,5,0.1,0.001,0.3351
13462,44.87,7,1,7,0.1,0.001,0.4107
13463,41.75,5,1,5,0.1,0.001,0.3495
13464,44.05,7,1,7,0.1,0.001,0.2935
13465,45.71,8,1,8,0.1,0.001,0.3385
13466,63.85,15,1,15,0.1,0.001,0.9235
13467,43.37,6,1,6,0.1,0.001,0.3954
13468,56.51,15,1,15,0.1,0.001,0.4338
13469,43.24,6,1,6,0.1,0.001,0.3738
13470,43.01,6,1,6,0.1,0.001,0.3348
13471,-21.57,9,0,10,0.1,0.001,0.543
13472,-34.59,1,0,2,0.1,0.001,0.203
13473,43.15,6,1,6,0.1,0.001,0.3586
13474,47.46,9,1,9,0.1,0.001,0.3847
13475,-32.46,2,0,3,0.1,0.001,0.5146
13476,-30.25,4,0,5,0.1,0.001,0.3504
13477,-18.91,11,0,12,0.1,0.001,0.5073
13478,45.97,8,1,8,0.1,0.001,0.3718
13479,41.81,5,1,5,0.1,0.001,0.3616
13480,44.88,7,1,7,0.1,0.001,0.4109
13481,40.24,4,1,4,0.1,0.001,0.3093
13482,47.74,9,1,9,0.1,0.001,0.4153
13483,47.6,9,1,9,0.1,0.001,0.4003
13484,-22.27,9,0,10,0.1,0.001,0.473
13485,41.77,5,1,5,0.1,0.001,0.3536
13486,46.18,8,1,8,0.1,0.001,0.3981
13487,-30.66,4,0,5,0.1,0.001,0.2685
13488,45.7,8,1,8,0.1,0.001,0.3372
13489,45.19,7,1,7,0.1,0.001,0.4562
13490,-30.12,4,0,5,0.1,0.001,0.3757
13491,42.74,6,1,6,0.1,0.001,0.2899
13492,-15.96,10,0,11,0.1,0.001,0.9123
13493,-31.65,3,0,4,0.1,0.001,0.3367
13494,41.76,5,1,5,0.1,0.001,0.3528
13495,47.72,8,1,8,0.1,0.001,0.5894
13496,48.32,9,1,9,0.1,0.001,0.4801
13497,44.43,7,1,7,0.1,0.001,0.3465
13498,42.24,5,1,5,0.1,0.001,0.4481
13499,57.59,15,1,15,0.1,0.001,0.5057
13500,-34.51,1,0,2,0.1,0.001,0.2446
13501,44.96,7,1,7,0.1,0.001,0.423
13502,45.14,7,1,7,0.1,0.001,0.4488
13503,46.51,8,1,8,0.1,0.001,0.4389
13504,48.19,9,1,9,0.1,0.001,0.4651
13505,40.6,4,1,4,0.1,0.001,0.3991
13506,39.44,3,1,3,0.1,0.001,0.4791
13507,42.85,6,1,6,0.1,0.001,0.3083
13508,44.99,7,1,7,0.1,0.001,0.427
13509,48.29,9,1,9,0.1,0.001,0.477
13510,40.4,4,1,4,0.1,0.001,0.3508
13511,-32.62,2,0,3,0.1,0.001,0.4601
13512,47.38,8,1,8,0.1,0.001,0.5472
13513,47.04,9,1,9,0.1,0.001,0.3378
13514,-33.31,2,0,3,0.1,0.001,0.2297
13515,40.56,4,1,4,0.1,0.001,0.3893
13516,49.24,7,1,7,0.1,0.001,1.0347
13517,-32.23,2,0,3,0.1,0.001,0.5893
13518,43.14,6,1,6,0.1,0.001,0.3561
13519,61.3,16,1,16,0.1,0.001,0.6436
13520,-32.94,2,0,3,0.1,0.001,0.3523
13521,-25.99,7,0,8,0.1,0.001,0.3769
13522,-31.49,3,0,4,0.1,0.001,0.3768
13523,43.07,5,1,5,0.1,0.001,0.6138
13524,-33.36,2,0,3,0.1,0.001,0.2147
13525,-20.58,9,0,10,0.1,0.001,0.6423
13526,42.19,5,1,5,0.1,0.001,0.4375
13527,47.99,9,1,9,0.1,0.001,0.4429
13528,40.69,4,1,4,0.1,0.001,0.4218
13529,51.68,11,1,11,0.1,0.001,0.5164
13530,45.78,8,1,8,0.1,0.001,0.348
13531,-31.89,3,0,4,0.1,0.001,0.2767
13532,-15.79,13,0,14,0.1,0.001,0.5148
13533,-27.84,5,0,6,0.1,0.001,0.5264
13534,-31.52,3,0,4,0.1,0.001,0.3701
13535,-34.6,1,0,2,0.1,0.001,0.1988
13536,57.23,15,1,15,0.1,0.001,0.4817
13537,-30.07,4,0,5,0.1,0.001,0.387
13538,57.55,12,1,12,0.1,0.001,0.8796
13539,52.34,12,1,12,0.1,0.001,0.4454
13540,45.0,7,1,7,0.1,0.001,0.428
13541,44.84,7,1,7,0.1,0.001,0.4055
13542,42.99,6,1,6,0.1,0.001,0.3324
13543,-19.28,10,0,11,0.1,0.001,0.611
13544,43.43,5,1,5,0.1,0.001,0.686
13545,46.79,8,1,8,0.1,0.001,0.4736
13546,45.95,8,1,8,0.1,0.001,0.3687
13547,49.89,11,1,11,0.1,0.001,0.3535
13548,47.7,9,1,9,0.1,0.001,0.4114
13549,50.31,10,1,10,0.1,0.001,0.5305
13550,41.6,5,1,5,0.1,0.001,0.3197
13551,-27.76,5,0,6,0.1,0.001,0.5392
13552,43.19,6,1,6,0.1,0.001,0.3649
13553,46.18,8,1,8,0.1,0.001,0.3978
13554,55.05,13,1,13,0.1,0.001,0.5423
13555,41.89,5,1,5,0.1,0.001,0.3785
13556,40.27,4,1,4,0.1,0.001,0.3167
13557,-31.54,3,0,4,0.1,0.001,0.3646
13558,51.19,11,1,11,0.1,0.001,0.4714
13559,-28.72,5,0,6,0.1,0.001,0.3792
13560,55.13,14,1,14,0.1,0.001,0.4377
13561,41.81,5,1,5,0.1,0.001,0.3628
13562,43.67,6,1,6,0.1,0.001,0.4442
13563,43.44,6,1,6,0.1,0.001,0.4061
13564,-8.45,16,0,17,0.1,0.001,0.6793
13565,44.84,7,1,7,0.1,0.001,0.4058
13566,-31.65,3,0,4,0.1,0.001,0.3387
13567,58.61,16,1,16,0.1,0.001,0.4754
13568,-34.37,1,0,2,0.1,0.001,0.3127
13569,45.16,7,1,7,0.1,0.001,0.4515
13570,-20.92,10,0,11,0.1,0.001,0.4616
13571,45.52,8,1,8,0.1,0.001,0.3156
13572,-28.64,5,0,6,0.1,0.001,0.394
13573,57.54,15,1,15,0.1,0.001,0.5026
13574,46.14,8,1,8,0.1,0.001,0.3921
13575,41.41,5,1,5,0.1,0.001,0.2825
13576,44.18,7,1,7,0.1,0.001,0.3111
13577,48.09,9,1,9,0.1,0.001,0.4548
13578,58.99,16,1,16,0.1,0.001,0.4991
13579,43.91,6,1,6,0.1,0.001,0.4846
13580,52.93,12,1,12,0.1,0.001,0.4945
13581,-31.32,3,0,4,0.1,0.001,0.4207
13582,48.93,10,1,10,0.1,0.001,0.3935
13583,-28.83,5,0,6,0.1,0.001,0.361
13584,-31.77,3,0,4,0.1,0.001,0.3085
13585,42.19,5,1,5,0.1,0.001,0.439
13586,-27.21,6,0,7,0.1,0.001,0.3981
13587,-29.86,4,0,5,0.1,0.001,0.4274
13588,40.12,4,1,4,0.1,0.001,0.2802
13589,-23.04,9,0,10,0.1,0.001,0.3963
13590,-24.11,8,0,9,0.1,0.001,0.4322
13591,40.26,4,1,4,0.1,0.001,0.3154
13592,-32.62,2,0,3,0.1,0.001,0.4594
13593,45.99,8,1,8,0.1,0.001,0.3742
13594,-34.52,1,0,2,0.1,0.001,0.2385
13595,42.64,6,1,6,0.1,0.001,0.2733
13596,-34.53,1,0,2,0.1,0.001,0.2363
13597,42.95,6,1,6,0.1,0.001,0.3255
13598,40.47,4,1,4,0.1,0.001,0.3673
13599,-30.17,4,0,5,0.1,0.001,0.3668
13600,40.43,4,1,4,0.1,0.001,0.3574
13601,-22.54,9,0,10,0.1,0.001,0.4457
13602,-29.95,4,0,5,0.1,0.001,0.41
13603,38.8,3,1,3,0.1,0.001,0.2657
13604,44.31,7,1,7,0.1,0.001,0.3299
13605,46.01,8,1,8,0.1,0.001,0.3759
13606,53.71,13,1,13,0.1,0.001,0.4389
13607,40.68,4,1,4,0.1,0.001,0.4195
13608,-28.71,5,0,6,0.1,0.001,0.3809
13609,41.53,5,1,5,0.1,0.001,0.3064
13610,37.57,2,1,2,0.1,0.001,0.2849
13611,46.64,8,1,8,0.1,0.001,0.4549
13612,54.99,13,1,13,0.1,0.001,0.5378
13613,-31.03,3,0,4,0.1,0.001,0.4932
13614,40.35,4,1,4,0.1,0.001,0.3369
13615,41.6,5,1,5,0.1,0.001,0.3204
13616,44.18,7,1,7,0.1,0.001,0.3118
13617,39.02,3,1,3,0.1,0.001,0.3401
13618,41.66,5,1,5,0.1,0.001,0.3325
13619,46.14,8,1,8,0.1,0.001,0.3925
13620,43.2,6,1,6,0.1,0.001,0.3659
13621,-32.84,2,0,3,0.1,0.001,0.388
13622,40.49,4,1,4,0.1,0.001,0.3715
13623,52.99,12,1,12,0.1,0.001,0.4988
13624,42.86,6,1,6,0.1,0.001,0.3106
13625,50.47,11,1,11,0.1,0.001,0.406
13626,-28.42,5,0,6,0.1,0.001,0.4295
13627,-28.28,5,0,6,0.1,0.001,0.454
13628,47.83,9,1,9,0.1,0.001,0.4252
13629,-22.75,8,0,9,0.1,0.001,0.583
13630,37.6,2,1,2,0.1,0.001,0.2978
13631,-32.14,2,0,3,0.1,0.001,0.62
13632,48.2,6,1,6,0.1,0.001,1.2007
13633,51.1,11,1,11,0.1,0.001,0.4637
13634,41.62,5,1,5,0.1,0.001,0.3241
13635,42.82,6,1,6,0.1,0.001,0.304
13636,-33.1,2,0,3,0.1,0.001,0.3004
13637,-28.17,5,0,6,0.1,0.001,0.471
13638,-28.96,5,0,6,0.1,0.001,0.3398
13639,47.48,9,1,9,0.1,0.001,0.3866
13640,49.15,10,1,10,0.1,0.001,0.4149
13641,48.37,9,1,9,0.1,0.001,0.4857
13642,40.22,4,1,4,0.1,0.001,0.306
13643,45.01,7,1,7,0.1,0.001,0.4301
13644,47.3,8,1,8,0.1,0.001,0.538
13645,-25.15,7,0,8,0.1,0.001,0.4817
13646,-31.69,3,0,4,0.1,0.001,0.3281
13647,44.9,7,1,7,0.1,0.001,0.4142
13648,-27.45,6,0,7,0.1,0.001,0.365
13649,37.43,2,1,2,0.1,0.001,0.2134
13650,47.56,9,1,9,0.1,0.001,0.396
13651,62.03,18,1,18,0.1,0.001,0.5017
13652,42.03,5,1,5,0.1,0.001,0.4058
13653,39.58,3,1,3,0.1,0.001,0.5264
13654,-31.6,3,0,4,0.1,0.001,0.3499
13655,-28.74,5,0,6,0.1,0.001,0.3771
13656,42.24,5,1,5,0.1,0.001,0.4476
13657,41.57,5,1,5,0.1,0.001,0.314
13658,39.1,3,1,3,0.1,0.001,0.3666
13659,40.12,4,1,4,0.1,0.001,0.2799
13660,-34.18,1,0,2,0.1,0.001,0.408
13661,-34.55,1,0,2,0.1,0.001,0.2238
13662,40.23,4,1,4,0.1,0.001,0.3075
13663,44.77,7,1,7,0.1,0.001,0.3951
13664,37.6,2,1,2,0.1,0.001,0.3011
13665,44.66,7,1,7,0.1,0.001,0.3797
13666,49.49,8,1,8,0.1,0.001,0.811
13667,56.65,14,1,14,0.1,0.001,0.5462
13668,38.91,3,1,3,0.1,0.001,0.3029
13669,38.88,3,1,3,0.1,0.001,0.2922
13670,-27.23,6,0,7,0.1,0.001,0.3954
13671,50.4,11,1,11,0.1,0.001,0.4
13672,40.51,4,1,4,0.1,0.001,0.3783
13673,48.5,9,1,9,0.1,0.001,0.5002
13674,48.19,9,1,9,0.1,0.001,0.4657
13675,-28.51,5,0,6,0.1,0.001,0.4142
13676,74.51,25,1,25,0.1,0.001,0.5802
13677,45.16,7,1,7,0.1,0.001,0.4508
13678,47.02,8,1,8,0.1,0.001,0.502
13679,42.22,5,1,5,0.1,0.001,0.4432
13680,46.94,8,1,8,0.1,0.001,0.4928
13681,-33.12,2,0,3,0.1,0.001,0.2936
13682,-30.06,4,0,5,0.1,0.001,0.3877
13683,42.83,6,1,6,0.1,0.001,0.3054
13684,39.02,3,1,3,0.1,0.001,0.3385
13685,-24.41,8,0,9,0.1,0.001,0.399
13686,-25.77,6,0,7,0.1,0.001,0.6046
13687,-31.79,3,0,4,0.1,0.001,0.3021
13688,46.31,8,1,8,0.1,0.001,0.4133
13689,-29.91,4,0,5,0.1,0.001,0.4173
13690,49.14,10,1,10,0.1,0.001,0.4137
13691,44.45,7,1,7,0.1,0.001,0.3496
13692,38.84,3,1,3,0.1,0.001,0.2807
13693,48.75,10,1,10,0.1,0.001,0.3754
13694,-32.99,2,0,3,0.1,0.001,0.337
13695,46.41,8,1,8,0.1,0.001,0.4257
13696,40.78,4,1,4,0.1,0.001,0.4444
13697,-25.62,7,0,8,0.1,0.001,0.422
13698,-26.65,6,0,7,0.1,0.001,0.4788
13699,49.71,11,1,11,0.1,0.001,0.3371
13700,40.25,4,1,4,0.1,0.001,0.3124
13701,51.09,11,1,11,0.1,0.001,0.4626
13702,45.74,7,1,7,0.1,0.001,0.5337
13703,42.96,6,1,6,0.1,0.001,0.3273
13704,38.93,3,1,3,0.1,0.001,0.3087
13705,-33.08,2,0,3,0.1,0.001,0.3065
13706,41.46,5,1,5,0.1,0.001,0.2914
13707,-29.5,4,0,5,0.1,0.001,0.5002
13708,-34.56,1,0,2,0.1,0.001,0.22
13709,40.57,4,1,4,0.1,0.001,0.3919
13710,43.48,6,1,6,0.1,0.001,0.414
13711,41.8,5,1,5,0.1,0.001,0.3609
13712,-31.48,3,0,4,0.1,0.001,0.3804
13713,-30.24,4,0,5,0.1,0.001,0.3528
13714,-34.58,1,0,2,0.1,0.001,0.2082
13715,46.27,8,1,8,0.1,0.001,0.4089
13716,-26.59,6,0,7,0.1,0.001,0.4868
13717,-34.59,1,0,2,0.1,0.001,0.2065
13718,45.7,7,1,7,0.1,0.001,0.529
13719,57.26,13,1,13,0.1,0.001,0.7123
13720,-30.16,4,0,5,0.1,0.001,0.3676
13721,43.47,6,1,6,0.1,0.001,0.4114
13722,42.4,5,1,5,0.1,0.001,0.4795
13723,-33.13,2,0,3,0.1,0.001,0.2901
13724,44.64,7,1,7,0.1,0.001,0.3768
13725,-28.48,4,0,5,0.1,0.001,0.7041
13726,-27.37,6,0,7,0.1,0.001,0.3763
13727,50.37,11,1,11,0.1,0.001,0.3975
13728,45.37,7,1,7,0.1,0.001,0.482
13729,47.51,9,1,9,0.1,0.001,0.3905
13730,44.91,7,1,7,0.1,0.001,0.4151
13731,46.06,8,1,8,0.1,0.001,0.3822
13732,47.26,8,1,8,0.1,0.001,0.5324
13733,41.93,5,1,5,0.1,0.001,0.3851
13734,53.06,11,1,11,0.1,0.001,0.6422
13735,44.37,7,1,7,0.1,0.001,0.3387
13736,40.52,4,1,4,0.1,0.001,0.3792
13737,44.74,7,1,7,0.1,0.001,0.3907
13738,58.09,14,1,14,0.1,0.001,0.649
13739,43.18,6,1,6,0.1,0.001,0.3625
13740,36.14,1,1,1,0.1,0.001,0.1404
13741,44.18,7,1,7,0.1,0.001,0.3116
13742,38.93,3,1,3,0.1,0.001,0.3095
13743,41.89,5,1,5,0.1,0.001,0.3773
13744,48.38,9,1,9,0.1,0.001,0.4871
13745,51.31,11,1,11,0.1,0.001,0.4826
13746,41.78,5,1,5,0.1,0.001,0.3556
13747,40.13,4,1,4,0.1,0.001,0.2826
13748,42.02,5,1,5,0.1,0.001,0.4045
13749,40.3,4,1,4,0.1,0.001,0.3254
13750,53.46,13,1,13,0.1,0.001,0.4202
13751,47.65,9,1,9,0.1,0.001,0.4059
13752,40.92,4,1,4,0.1,0.001,0.4811
13753,47.41,9,1,9,0.1,0.001,0.3791
13754,43.04,6,1,6,0.1,0.001,0.3402
13755,43.04,6,1,6,0.1,0.001,0.3395
13756,-30.21,4,0,5,0.1,0.001,0.3584
13757,-34.2,1,0,2,0.1,0.001,0.3991
13758,41.7,5,1,5,0.1,0.001,0.3405
13759,49.54,10,1,10,0.1,0.001,0.4541
13760,43.0,6,1,6,0.1,0.001,0.3327
13761,-24.15,8,0,9,0.1,0.001,0.4278
13762,41.77,5,1,5,0.1,0.001,0.3541
13763,-29.05,4,0,5,0.1,0.001,0.5906
13764,43.62,6,1,6,0.1,0.001,0.4372
13765,-34.23,1,0,2,0.1,0.001,0.3859
13766,-27.88,5,0,6,0.1,0.001,0.5195
13767,-30.35,4,0,5,0.1,0.001,0.33
13768,-34.5,1,0,2,0.1,0.001,0.2476
13769,49.46,10,1,10,0.1,0.001,0.446
13770,41.72,5,1,5,0.1,0.001,0.3447
13771,42.12,5,1,5,0.1,0.001,0.423
13772,45.99,8,1,8,0.1,0.001,0.3731
13773,-22.2,9,0,10,0.1,0.001,0.4805
13774,-32.41,2,0,3,0.1,0.001,0.5294
13775,-29.76,4,0,5,0.1,0.001,0.4485
13776,-19.69,9,0,10,0.1,0.001,0.7315
13777,-31.7,3,0,4,0.1,0.001,0.3242
13778,-30.24,4,0,5,0.1,0.001,0.3528
13779,37.57,2,1,2,0.1,0.001,0.2854
13780,47.36,9,1,9,0.1,0.001,0.3734
13781,-33.09,2,0,3,0.1,0.001,0.3039
13782,43.77,6,1,6,0.1,0.001,0.4614
13783,40.34,4,1,4,0.1,0.001,0.3342
13784,51.26,11,1,11,0.1,0.001,0.4786
13785,-34.57,1,0,2,0.1,0.001,0.2171
13786,51.77,11,1,11,0.1,0.001,0.5249
13787,47.18,9,1,9,0.1,0.001,0.353
13788,-31.28,3,0,4,0.1,0.001,0.4312
13789,40.19,4,1,4,0.1,0.001,0.298
13790,-34.42,1,0,2,0.1,0.001,0.2909
13791,47.0,9,1,9,0.1,0.001,0.3333
13792,-32.9,2,0,3,0.1,0.001,0.365
13793,-34.52,1,0,2,0.1,0.001,0.2391
13794,-34.52,1,0,2,0.1,0.001,0.24
13795,-33.06,2,0,3,0.1,0.001,0.3136
13796,40.45,4,1,4,0.1,0.001,0.3625
13797,42.64,6,1,6,0.1,0.001,0.2725
13798,40.46,4,1,4,0.1,0.001,0.3646
13799,-23.8,8,0,9,0.1,0.001,0.4664
13800,-33.1,2,0,3,0.1,0.001,0.3009
13801,44.44,7,1,7,0.1,0.001,0.3483
13802,49.51,10,1,10,0.1,0.001,0.4514
13803,41.57,5,1,5,0.1,0.001,0.314
13804,-32.83,2,0,3,0.1,0.001,0.3905
13805,41.91,5,1,5,0.1,0.001,0.3824
13806,51.51,11,1,11,0.1,0.001,0.5013
13807,46.64,8,1,8,0.1,0.001,0.4553
13808,43.05,5,1,5,0.1,0.001,0.6099
13809,-34.59,1,0,2,0.1,0.001,0.2075
13810,-34.59,1,0,2,0.1,0.001,0.2074
13811,-29.86,4,0,5,0.1,0.001,0.428
13812,-31.5,3,0,4,0.1,0.001,0.3756
13813,44.29,7,1,7,0.1,0.001,0.3273
13814,-28.87,5,0,6,0.1,0.001,0.3556
13815,40.67,4,1,4,0.1,0.001,0.4163
13816,44.54,7,1,7,0.1,0.001,0.3632
13817,42.0,5,1,5,0.1,0.001,0.4005
13818,64.21,18,1,18,0.1,0.001,0.6226
13819,41.67,5,1,5,0.1,0.001,0.3349
13820,45.83,8,1,8,0.1,0.001,0.3541
13821,43.29,6,1,6,0.1,0.001,0.381
13822,44.46,7,1,7,0.1,0.001,0.3511
13823,40.4,4,1,4,0.1,0.001,0.3497
13824,45.66,8,1,8,0.1,0.001,0.3329
13825,45.02,7,1,7,0.1,0.001,0.4319
13826,-33.24,2,0,3,0.1,0.001,0.2526
13827,-31.76,3,0,4,0.1,0.001,0.3093
13828,47.46,8,1,8,0.1,0.001,0.5569
13829,-7.27,19,0,20,0.1,0.001,0.4864
13830,47.91,9,1,9,0.1,0.001,0.4341
13831,55.34,14,1,14,0.1,0.001,0.453
13832,38.93,3,1,3,0.1,0.001,0.3084
13833,-21.89,9,0,10,0.1,0.001,0.5107
13834,-34.6,1,0,2,0.1,0.001,0.1986
13835,-34.51,1,0,2,0.1,0.001,0.2472
13836,-31.82,3,0,4,0.1,0.001,0.2943
13837,40.9,4,1,4,0.1,0.001,0.4755
13838,-34.57,1,0,2,0.1,0.001,0.2165
13839,52.27,11,1,11,0.1,0.001,0.5702
13840,44.93,7,1,7,0.1,0.001,0.4191
13841,43.59,6,1,6,0.1,0.001,0.4312
13842,41.67,5,1,5,0.1,0.001,0.3338
13843,38.92,3,1,3,0.1,0.001,0.308
13844,-18.12,11,0,12,0.1,0.001,0.5732
13845,50.25,10,1,10,0.1,0.001,0.5246
13846,45.2,7,1,7,0.1,0.001,0.4564
13847,50.1,10,1,10,0.1,0.001,0.5098
13848,49.0,10,1,10,0.1,0.001,0.3999
13849,-29.57,4,0,5,0.1,0.001,0.4866
13850,48.1,9,1,9,0.1,0.001,0.4551
13851,41.68,5,1,5,0.1,0.001,0.3368
13852,41.78,5,1,5,0.1,0.001,0.355
13853,-30.75,3,0,4,0.1,0.001,0.563
13854,52.56,11,1,11,0.1,0.001,0.5962
13855,56.92,15,1,15,0.1,0.001,0.4615
13856,-21.05,9,0,10,0.1,0.001,0.5954
13857,38.77,3,1,3,0.1,0.001,0.2568
13858,-27.0,6,0,7,0.1,0.001,0.4281
13859,43.63,6,1,6,0.1,0.001,0.4384
13860,47.88,9,1,9,0.1,0.001,0.4307
13861,49.65,10,1,10,0.1,0.001,0.4653
13862,50.28,11,1,11,0.1,0.001,0.3895
13863,45.83,8,1,8,0.1,0.001,0.3544
13864,49.65,10,1,10,0.1,0.001,0.4648
13865,50.03,11,1,11,0.1,0.001,0.3663
13866,-23.73,9,0,10,0.1,0.001,0.3271
13867,53.41,11,1,11,0.1,0.001,0.6736
13868,43.92,6,1,6,0.1,0.001,0.4869
13869,39.1,3,1,3,0.1,0.001,0.3665
13870,-30.05,4,0,5,0.1,0.001,0.3896
13871,44.34,7,1,7,0.1,0.001,0.334
13872,-25.65,7,0,8,0.1,0.001,0.4193
13873,43.07,6,1,6,0.1,0.001,0.3456
13874,-19.11,11,0,12,0.1,0.001,0.491
13875,53.71,13,1,13,0.1,0.001,0.4393
13876,56.37,15,1,15,0.1,0.001,0.4248
13877,45.33,7,1,7,0.1,0.001,0.4756
13878,50.89,11,1,11,0.1,0.001,0.4443
13879,46.88,8,1,8,0.1,0.001,0.4844
13880,40.35,4,1,4,0.1,0.001,0.3385
13881,53.46,12,1,12,0.1,0.001,0.538
13882,-30.01,4,0,5,0.1,0.001,0.398
13883,49.85,10,1,10,0.1,0.001,0.4852
13884,45.73,8,1,8,0.1,0.001,0.3414
13885,43.46,6,1,6,0.1,0.001,0.4092
13886,45.27,7,1,7,0.1,0.001,0.4672
13887,52.12,11,1,11,0.1,0.001,0.5561
13888,40.3,4,1,4,0.1,0.001,0.3243
13889,43.02,6,1,6,0.1,0.001,0.3373
13890,40.45,4,1,4,0.1,0.001,0.3626
13891,45.87,8,1,8,0.1,0.001,0.3585
13892,49.82,11,1,11,0.1,0.001,0.3476
13893,-31.28,3,0,4,0.1,0.001,0.4291
13894,44.43,7,1,7,0.1,0.001,0.3466
13895,-27.69,6,0,7,0.1,0.001,0.3295
13896,45.3,7,1,7,0.1,0.001,0.4715
13897,45.99,8,1,8,0.1,0.001,0.3736
13898,43.43,6,1,6,0.1,0.001,0.4052
13899,43.16,6,1,6,0.1,0.001,0.3597
13900,50.97,11,1,11,0.1,0.001,0.4519
13901,41.75,5,1,5,0.1,0.001,0.3507
13902,49.37,10,1,10,0.1,0.001,0.4372
13903,53.01,12,1,12,0.1,0.001,0.5006
13904,42.06,5,1,5,0.1,0.001,0.4128
13905,38.73,3,1,3,0.1,0.001,0.2426
13906,44.67,7,1,7,0.1,0.001,0.3809
13907,53.7,13,1,13,0.1,0.001,0.4383
13908,44.51,7,1,7,0.1,0.001,0.3585
13909,-34.49,1,0,2,0.1,0.001,0.2557
13910,38.84,3,1,3,0.1,0.001,0.2789
13911,-34.45,1,0,2,0.1,0.001,0.273
13912,-32.93,2,0,3,0.1,0.001,0.3553
13913,54.36,13,1,13,0.1,0.001,0.4891
13914,42.51,5,1,5,0.1,0.001,0.5015
13915,47.61,9,1,9,0.1,0.001,0.4011
13916,-24.68,7,0,8,0.1,0.001,0.5398
13917,41.8,5,1,5,0.1,0.001,0.3602
13918,51.45,11,1,11,0.1,0.001,0.4952
13919,-23.58,8,0,9,0.1,0.001,0.4906
13920,40.27,4,1,4,0.1,0.001,0.3174
13921,48.83,10,1,10,0.1,0.001,0.383
13922,-29.86,4,0,5,0.1,0.001,0.4279
13923,44.16,7,1,7,0.1,0.001,0.3083
13924,43.38,6,1,6,0.1,0.001,0.3966
13925,40.23,4,1,4,0.1,0.001,0.3075
13926,39.17,3,1,3,0.1,0.001,0.3912
13927,44.89,7,1,7,0.1,0.001,0.4132
13928,43.45,6,1,6,0.1,0.001,0.4085
13929,40.77,4,1,4,0.1,0.001,0.4421
13930,40.28,4,1,4,0.1,0.001,0.3193
13931,-29.91,4,0,5,0.1,0.001,0.4178
13932,-31.63,3,0,4,0.1,0.001,0.3427
13933,-28.16,5,0,6,0.1,0.001,0.4725
13934,-31.61,3,0,4,0.1,0.001,0.3475
13935,40.61,4,1,4,0.1,0.001,0.4025
13936,48.01,10,1,10,0.1,0.001,0.3007
13937,50.58,10,1,10,0.1,0.001,0.5585
13938,45.14,7,1,7,0.1,0.001,0.4482
13939,37.62,2,1,2,0.1,0.001,0.3107
13940,-22.32,8,0,9,0.1,0.001,0.6314
13941,-33.09,2,0,3,0.1,0.001,0.3023
13942,40.38,4,1,4,0.1,0.001,0.3458
13943,-27.25,6,0,7,0.1,0.001,0.3926
13944,-29.04,5,0,6,0.1,0.001,0.3264
13945,-24.47,7,0,8,0.1,0.001,0.5659
13946,41.6,5,1,5,0.1,0.001,0.3194
13947,43.39,6,1,6,0.1,0.001,0.3983
13948,58.41,16,1,16,0.1,0.001,0.463
13949,51.95,12,1,12,0.1,0.001,0.4123
13950,45.79,8,1,8,0.1,0.001,0.3489
13951,-25.98,7,0,8,0.1,0.001,0.3773
13952,42.76,5,1,5,0.1,0.001,0.5511
13953,-32.43,2,0,3,0.1,0.001,0.5233
13954,-31.86,3,0,4,0.1,0.001,0.2854
13955,48.34,8,1,8,0.1,0.001,0.6676
13956,55.01,14,1,14,0.1,0.001,0.4291
13957,44.75,7,1,7,0.1,0.001,0.3922
13958,47.21,9,1,9,0.1,0.001,0.3562
13959,40.64,4,1,4,0.1,0.001,0.4097
13960,53.97,13,1,13,0.1,0.001,0.4589
13961,45.88,7,1,7,0.1,0.001,0.5548
13962,48.35,9,1,9,0.1,0.001,0.4835
13963,44.43,6,1,6,0.1,0.001,0.5719
13964,48.84,9,1,9,0.1,0.001,0.5378
13965,-21.67,9,0,10,0.1,0.001,0.5326
13966,46.08,8,1,8,0.1,0.001,0.385
13967,39.04,3,1,3,0.1,0.001,0.3481
13968,45.7,7,1,7,0.1,0.001,0.5287
13969,-32.89,2,0,3,0.1,0.001,0.3685
13970,41.84,5,1,5,0.1,0.001,0.3684
13971,-34.49,1,0,2,0.1,0.001,0.2548
13972,45.95,8,1,8,0.1,0.001,0.3682
13973,42.56,6,1,6,0.1,0.001,0.2601
13974,46.29,8,1,8,0.1,0.001,0.4109
13975,-32.98,2,0,3,0.1,0.001,0.3414
13976,42.04,5,1,5,0.1,0.001,0.4075
13977,-28.45,5,0,6,0.1,0.001,0.4249
13978,-20.33,10,0,11,0.1,0.001,0.5151
13979,49.55,9,1,9,0.1,0.001,0.6166
13980,40.06,4,1,4,0.1,0.001,0.2661
13981,50.99,11,1,11,0.1,0.001,0.4536
13982,-32.96,2,0,3,0.1,0.001,0.3466
13983,40.57,4,1,4,0.1,0.001,0.3922
13984,46.82,8,1,8,0.1,0.001,0.4772
13985,48.8,9,1,9,0.1,0.001,0.5335
13986,45.59,7,1,7,0.1,0.001,0.5128
13987,49.32,10,1,10,0.1,0.001,0.4316
13988,38.88,3,1,3,0.1,0.001,0.2947
13989,44.78,7,1,7,0.1,0.001,0.3969
13990,46.42,8,1,8,0.1,0.001,0.4274
13991,46.44,8,1,8,0.1,0.001,0.4303
13992,46.84,8,1,8,0.1,0.001,0.4797
13993,-31.15,3,0,4,0.1,0.001,0.4637
13994,43.19,6,1,6,0.1,0.001,0.3644
13995,47.71,9,1,9,0.1,0.001,0.4118
13996,51.0,12,1,12,0.1,0.001,0.3336
13997,41.7,5,1,5,0.1,0.001,0.3396
13998,49.53,10,1,10,0.1,0.001,0.4532
13999,45.91,8,1,8,0.1,0.001,0.3641
14000,-29.62,4,0,5,0.1,0.001,0.4765
14001,38.89,3,1,3,0.1,0.001,0.2976
14002,40.2,4,1,4,0.1,0.001,0.2994
14003,-33.1,2,0,3,0.1,0.001,0.3012
14004,62.42,18,1,18,0.1,0.001,0.5233
14005,-32.8,2,0,3,0.1,0.001,0.3991
14006,46.3,8,1,8,0.1,0.001,0.4128
14007,50.58,11,1,11,0.1,0.001,0.4167
14008,46.2,8,1,8,0.1,0.001,0.3998
14009,46.98,9,1,9,0.1,0.001,0.3311
14010,45.1,7,1,7,0.1,0.001,0.4429
14011,-24.12,8,0,9,0.1,0.001,0.4313
14012,49.6,10,1,10,0.1,0.001,0.4603
14013,41.51,5,1,5,0.1,0.001,0.3015
14014,44.42,7,1,7,0.1,0.001,0.346
14015,42.16,5,1,5,0.1,0.001,0.4325
14016,46.94,8,1,8,0.1,0.001,0.4928
14017,56.47,14,1,14,0.1,0.001,0.5335
14018,-32.91,2,0,3,0.1,0.001,0.365
14019,40.23,4,1,4,0.1,0.001,0.3081
14020,36.14,1,1,1,0.1,0.001,0.1388
14021,44.4,7,1,7,0.1,0.001,0.3422
14022,40.41,4,1,4,0.1,0.001,0.3524
14023,43.58,6,1,6,0.1,0.001,0.4305
14024,47.64,9,1,9,0.1,0.001,0.4045
14025,46.2,8,1,8,0.1,0.001,0.4005
14026,43.35,6,1,6,0.1,0.001,0.3915
14027,44.16,7,1,7,0.1,0.001,0.3088
14028,51.06,11,1,11,0.1,0.001,0.4596
14029,41.43,5,1,5,0.1,0.001,0.2868
14030,46.88,8,1,8,0.1,0.001,0.485
14031,-15.11,13,0,14,0.1,0.001,0.5639
14032,-32.64,2,0,3,0.1,0.001,0.4545
14033,-34.36,1,0,2,0.1,0.001,0.3223
14034,39.19,3,1,3,0.1,0.001,0.3958
14035,47.18,9,1,9,0.1,0.001,0.3537
14036,43.53,6,1,6,0.1,0.001,0.4217
14037,-23.39,9,0,10,0.1,0.001,0.3609
14038,-34.61,1,0,2,0.1,0.001,0.1972
14039,-34.61,1,0,2,0.1,0.001,0.1972
14040,-28.46,5,0,6,0.1,0.001,0.424
14041,-33.25,2,0,3,0.1,0.001,0.2515
14042,50.62,11,1,11,0.1,0.001,0.4203
14043,42.63,5,1,5,0.1,0.001,0.5252
14044,43.22,5,1,5,0.1,0.001,0.6442
14045,40.21,4,1,4,0.1,0.001,0.3034
14046,-12.22,14,0,15,0.1,0.001,0.6517
14047,46.46,8,1,8,0.1,0.001,0.4326
14048,-34.57,1,0,2,0.1,0.001,0.2151
14049,48.21,9,1,9,0.1,0.001,0.4681
14050,50.51,11,1,11,0.1,0.001,0.4104
14051,-31.01,3,0,4,0.1,0.001,0.4972
14052,46.88,8,1,8,0.1,0.001,0.4853
14053,-33.95,1,0,2,0.1,0.001,0.5271
14054,51.12,10,1,10,0.1,0.001,0.6117
14055,50.2,10,1,10,0.1,0.001,0.5204
14056,44.67,7,1,7,0.1,0.001,0.3821
14057,43.29,6,1,6,0.1,0.001,0.3817
14058,46.53,9,1,9,0.1,0.001,0.2815
14059,43.2,6,1,6,0.1,0.001,0.3664
14060,38.94,3,1,3,0.1,0.001,0.3139
14061,50.05,9,1,9,0.1,0.001,0.6719
14062,44.9,7,1,7,0.1,0.001,0.4149
14063,43.0,6,1,6,0.1,0.001,0.3339
14064,43.32,6,1,6,0.1,0.001,0.3865
14065,47.31,9,1,9,0.1,0.001,0.3683
14066,51.83,12,1,12,0.1,0.001,0.4025
14067,-32.96,2,0,3,0.1,0.001,0.3467
14068,44.62,7,1,7,0.1,0.001,0.3742
14069,55.09,14,1,14,0.1,0.001,0.4348
14070,-34.59,1,0,2,0.1,0.001,0.2067
14071,41.86,5,1,5,0.1,0.001,0.3714
14072,45.02,7,1,7,0.1,0.001,0.4317
14073,43.64,6,1,6,0.1,0.001,0.4402
14074,48.3,9,1,9,0.1,0.001,0.4777
14075,48.01,9,1,9,0.1,0.001,0.4461
14076,46.35,8,1,8,0.1,0.001,0.4191
14077,-26.68,6,0,7,0.1,0.001,0.4747
14078,45.69,7,1,7,0.1,0.001,0.5273
14079,-34.39,1,0,2,0.1,0.001,0.3074
14080,-34.49,1,0,2,0.1,0.001,0.2533
14081,36.13,1,1,1,0.1,0.001,0.1311
14082,44.68,7,1,7,0.1,0.001,0.3824
14083,-31.6,3,0,4,0.1,0.001,0.3491
14084,-31.33,3,0,4,0.1,0.001,0.4168
14085,49.2,10,1,10,0.1,0.001,0.4195
14086,44.91,7,1,7,0.1,0.001,0.416
14087,55.95,13,1,13,0.1,0.001,0.6118
14088,48.93,10,1,10,0.1,0.001,0.393
14089,-33.1,2,0,3,0.1,0.001,0.3014
14090,48.57,9,1,9,0.1,0.001,0.5079
14091,50.84,11,1,11,0.1,0.001,0.4403
14092,-34.61,1,0,2,0.1,0.001,0.1966
14093,-29.47,4,0,5,0.1,0.001,0.5057
14094,-34.37,1,0,2,0.1,0.001,0.316
14095,-32.97,2,0,3,0.1,0.001,0.3421
14096,-29.83,4,0,5,0.1,0.001,0.4332
14097,46.11,8,1,8,0.1,0.001,0.3891
14098,52.37,13,1,13,0.1,0.001,0.3359
14099,39.36,3,1,3,0.1,0.001,0.4545
14100,-19.98,10,0,11,0.1,0.001,0.5475
14101,44.67,7,1,7,0.1,0.001,0.3811
14102,-25.66,7,0,8,0.1,0.001,0.4175
14103,-27.52,6,0,7,0.1,0.001,0.3538
14104,-28.6,4,0,5,0.1,0.001,0.6801
14105,39.18,3,1,3,0.1,0.001,0.392
14106,54.47,12,1,12,0.1,0.001,0.6226
14107,-22.16,10,0,11,0.1,0.001,0.3487
14108,-34.53,1,0,2,0.1,0.001,0.2356
14109,54.78,13,1,13,0.1,0.001,0.5213
14110,-24.21,8,0,9,0.1,0.001,0.4207
14111,44.49,7,1,7,0.1,0.001,0.3551
14112,-26.82,6,0,7,0.1,0.001,0.4544
14113,40.26,4,1,4,0.1,0.001,0.3146
14114,50.32,10,1,10,0.1,0.001,0.5323
14115,43.03,6,1,6,0.1,0.001,0.3383
14116,-33.22,2,0,3,0.1,0.001,0.2596
14117,-31.81,3,0,4,0.1,0.001,0.2966
14118,38.85,3,1,3,0.1,0.001,0.2829
14119,41.64,5,1,5,0.1,0.001,0.3279
14120,-23.2,8,0,9,0.1,0.001,0.5331
14121,50.48,11,1,11,0.1,0.001,0.4072
14122,-34.57,1,0,2,0.1,0.001,0.2164
14123,-27.18,6,0,7,0.1,0.001,0.4022
14124,51.69,11,1,11,0.1,0.001,0.5174
14125,46.63,8,1,8,0.1,0.001,0.4537
14126,60.01,16,1,16,0.1,0.001,0.5631
14127,40.54,4,1,4,0.1,0.001,0.3856
14128,-34.46,1,0,2,0.1,0.001,0.2695
14129,59.32,17,1,17,0.1,0.001,0.4307
14130,50.61,11,1,11,0.1,0.001,0.4189
14131,49.36,9,1,9,0.1,0.001,0.5959
14132,47.25,9,1,9,0.1,0.001,0.3614
14133,53.88,13,1,13,0.1,0.001,0.4525
14134,50.52,11,1,11,0.1,0.001,0.4113
14135,38.86,3,1,3,0.1,0.001,0.2857
14136,50.91,11,1,11,0.1,0.001,0.4466
14137,-32.3,2,0,3,0.1,0.001,0.5661
14138,40.64,4,1,4,0.1,0.001,0.4096
14139,43.3,6,1,6,0.1,0.001,0.384
14140,-31.39,3,0,4,0.1,0.001,0.4017
14141,-24.42,8,0,9,0.1,0.001,0.3977
14142,-31.9,3,0,4,0.1,0.001,0.2745
14143,49.39,10,1,10,0.1,0.001,0.4387
14144,-31.18,3,0,4,0.1,0.001,0.4548
14145,40.32,4,1,4,0.1,0.001,0.3291
14146,48.83,10,1,10,0.1,0.001,0.383
14147,-30.0,4,0,5,0.1,0.001,0.4008
14148,44.77,7,1,7,0.1,0.001,0.3957
14149,62.23,17,1,17,0.1,0.001,0.6015
14150,-33.04,2,0,3,0.1,0.001,0.3203
14151,43.81,6,1,6,0.1,0.001,0.4684
14152,43.38,6,1,6,0.1,0.001,0.3967
14153,46.19,8,1,8,0.1,0.001,0.3982
14154,-34.56,1,0,2,0.1,0.001,0.2204
14155,49.2,10,1,10,0.1,0.001,0.4199
14156,50.71,11,1,11,0.1,0.001,0.4279
14157,46.95,9,1,9,0.1,0.001,0.328
14158,47.54,9,1,9,0.1,0.001,0.3932
14159,44.31,6,1,6,0.1,0.001,0.5523
14160,41.41,5,1,5,0.1,0.001,0.283
14161,45.57,6,1,6,0.1,0.001,0.7618
14162,-29.19,4,0,5,0.1,0.001,0.5615
14163,-34.57,1,0,2,0.1,0.001,0.213
14164,-30.52,4,0,5,0.1,0.001,0.2966
14165,41.91,5,1,5,0.1,0.001,0.383
14166,47.7,9,1,9,0.1,0.001,0.4116
14167,47.46,9,1,9,0.1,0.001,0.3847
14168,50.62,11,1,11,0.1,0.001,0.4204
14169,-33.22,2,0,3,0.1,0.001,0.2593
14170,49.43,10,1,10,0.1,0.001,0.4435
14171,45.1,7,1,7,0.1,0.001,0.4424
14172,46.93,8,1,8,0.1,0.001,0.4918
14173,50.66,11,1,11,0.1,0.001,0.4238
14174,40.32,4,1,4,0.1,0.001,0.3305
14175,-23.4,8,0,9,0.1,0.001,0.5111
14176,-32.7,2,0,3,0.1,0.001,0.4321
14177,37.61,2,1,2,0.1,0.001,0.3044
14178,-34.52,1,0,2,0.1,0.001,0.2398
14179,46.52,8,1,8,0.1,0.001,0.4404
14180,39.08,3,1,3,0.1,0.001,0.3606
14181,-9.62,15,0,16,0.1,0.001,0.7111
14182,-25.37,7,0,8,0.1,0.001,0.4542
14183,61.01,17,1,17,0.1,0.001,0.53
14184,39.22,3,1,3,0.1,0.001,0.406
14185,-29.34,4,0,5,0.1,0.001,0.532
14186,50.11,11,1,11,0.1,0.001,0.3738
14187,-32.86,2,0,3,0.1,0.001,0.3801
14188,44.33,7,1,7,0.1,0.001,0.3326
14189,41.79,5,1,5,0.1,0.001,0.3588
14190,47.27,9,1,9,0.1,0.001,0.3638
14191,-32.82,2,0,3,0.1,0.001,0.3935
14192,56.51,13,1,13,0.1,0.001,0.6549
14193,-34.55,1,0,2,0.1,0.001,0.2255
14194,56.45,14,1,14,0.1,0.001,0.5323
14195,44.42,7,1,7,0.1,0.001,0.3457
14196,-22.47,8,0,9,0.1,0.001,0.6144
14197,50.86,11,1,11,0.1,0.001,0.442
14198,45.9,8,1,8,0.1,0.001,0.3631
14199,47.98,9,1,9,0.1,0.001,0.4419
14200,45.18,7,1,7,0.1,0.001,0.4536
14201,-30.08,4,0,5,0.1,0.001,0.3841
14202,-34.55,1,0,2,0.1,0.001,0.2251
14203,-34.51,1,0,2,0.1,0.001,0.2463
14204,52.95,12,1,12,0.1,0.001,0.4956
14205,-30.21,4,0,5,0.1,0.001,0.3584
14206,55.83,14,1,14,0.1,0.001,0.4878
14207,-34.51,1,0,2,0.1,0.001,0.2428
14208,51.56,12,1,12,0.1,0.001,0.3798
14209,46.24,8,1,8,0.1,0.001,0.4054
14210,44.65,7,1,7,0.1,0.001,0.3782
14211,46.13,8,1,8,0.1,0.001,0.3916
14212,46.91,8,1,8,0.1,0.001,0.4884
14213,48.71,10,1,10,0.1,0.001,0.3709
14214,40.15,4,1,4,0.1,0.001,0.2884
14215,44.85,7,1,7,0.1,0.001,0.4069
14216,36.13,1,1,1,0.1,0.001,0.1261
14217,48.25,9,1,9,0.1,0.001,0.472
14218,-33.08,2,0,3,0.1,0.001,0.3056
14219,53.15,12,1,12,0.1,0.001,0.5124
14220,-26.72,6,0,7,0.1,0.001,0.4681
14221,-30.33,3,0,4,0.1,0.001,0.6676
14222,-29.62,3,0,4,0.1,0.001,0.8439
14223,44.91,7,1,7,0.1,0.001,0.4161
14224,40.32,4,1,4,0.1,0.001,0.3301
14225,37.8,2,1,2,0.1,0.001,0.4002
14226,-34.54,1,0,2,0.1,0.001,0.2294
14227,41.8,5,1,5,0.1,0.001,0.3602
14228,42.87,6,1,6,0.1,0.001,0.3109
14229,45.44,8,1,8,0.1,0.001,0.3048
14230,-24.22,8,0,9,0.1,0.001,0.4204
14231,37.57,2,1,2,0.1,0.001,0.2863
14232,40.32,4,1,4,0.1,0.001,0.331
14233,44.96,7,1,7,0.1,0.001,0.4223
14234,-27.35,6,0,7,0.1,0.001,0.3783
14235,44.85,7,1,7,0.1,0.001,0.4073
14236,41.77,5,1,5,0.1,0.001,0.3536
14237,46.46,8,1,8,0.1,0.001,0.4326
14238,48.17,9,1,9,0.1,0.001,0.463
14239,41.85,5,1,5,0.1,0.001,0.37
14240,41.55,5,1,5,0.1,0.001,0.3098
14241,40.44,4,1,4,0.1,0.001,0.3594
14242,53.92,13,1,13,0.1,0.001,0.4557
14243,-26.76,6,0,7,0.1,0.001,0.4629
14244,-34.54,1,0,2,0.1,0.001,0.2275
14245,40.29,4,1,4,0.1,0.001,0.3234
14246,-24.66,7,0,8,0.1,0.001,0.5422
14247,-29.26,4,0,5,0.1,0.001,0.5477
14248,54.2,13,1,13,0.1,0.001,0.4769
14249,-34.52,1,0,2,0.1,0.001,0.2425
14250,-27.43,5,0,6,0.1,0.001,0.5949
14251,43.05,6,1,6,0.1,0.001,0.3422
14252,45.1,7,1,7,0.1,0.001,0.4431
14253,-30.4,4,0,5,0.1,0.001,0.3201
14254,55.59,13,1,13,0.1,0.001,0.5838
14255,51.98,12,1,12,0.1,0.001,0.4149
14256,-29.78,4,0,5,0.1,0.001,0.443
14257,60.18,17,1,17,0.1,0.001,0.481
14258,-31.46,3,0,4,0.1,0.001,0.3862
14259,-27.24,6,0,7,0.1,0.001,0.3938
14260,-31.31,3,0,4,0.1,0.001,0.4223
14261,-25.66,7,0,8,0.1,0.001,0.4175
14262,41.9,5,1,5,0.1,0.001,0.3791
14263,48.2,9,1,9,0.1,0.001,0.4672
14264,50.71,11,1,11,0.1,0.001,0.4281
14265,56.01,15,1,15,0.1,0.001,0.4009
14266,46.17,8,1,8,0.1,0.001,0.3958
14267,50.73,11,1,11,0.1,0.001,0.4303
14268,49.99,11,1,11,0.1,0.001,0.3629
14269,53.34,13,1,13,0.1,0.001,0.4105
14270,40.56,4,1,4,0.1,0.001,0.3891
14271,44.83,7,1,7,0.1,0.001,0.404
14272,-25.22,7,0,8,0.1,0.001,0.4728
14273,-25.47,7,0,8,0.1,0.001,0.4412
14274,52.37,12,1,12,0.1,0.001,0.4477
14275,44.17,7,1,7,0.1,0.001,0.31
14276,43.88,6,1,6,0.1,0.001,0.4807
14277,57.0,15,1,15,0.1,0.001,0.4666
14278,39.12,3,1,3,0.1,0.001,0.3748
14279,54.6,13,1,13,0.1,0.001,0.5077
14280,-25.67,7,0,8,0.1,0.001,0.4164
14281,52.62,12,1,12,0.1,0.001,0.4686
14282,49.36,10,1,10,0.1,0.001,0.4365
14283,46.47,9,1,9,0.1,0.001,0.2743
14284,-34.41,1,0,2,0.1,0.001,0.293
14285,-30.01,4,0,5,0.1,0.001,0.3978
14286,38.8,3,1,3,0.1,0.001,0.2655
14287,-31.36,3,0,4,0.1,0.001,0.4096
14288,40.03,4,1,4,0.1,0.001,0.2572
14289,43.09,6,1,6,0.1,0.001,0.3476
14290,-31.71,3,0,4,0.1,0.001,0.3231
14291,44.59,7,1,7,0.1,0.001,0.3704
14292,44.32,7,1,7,0.1,0.001,0.3317
14293,47.43,9,1,9,0.1,0.001,0.3815
14294,-34.59,1,0,2,0.1,0.001,0.2064
14295,56.61,12,1,12,0.1,0.001,0.8007
14296,43.21,6,1,6,0.1,0.001,0.3683
14297,-28.07,5,0,6,0.1,0.001,0.4876
14298,-26.79,6,0,7,0.1,0.001,0.4581
14299,45.35,8,1,8,0.1,0.001,0.2939
14300,50.19,10,1,10,0.1,0.001,0.5189
14301,-34.6,1,0,2,0.1,0.001,0.1984
14302,-16.93,12,0,13,0.1,0.001,0.5442
14303,41.61,5,1,5,0.1,0.001,0.3219
14304,-28.84,5,0,6,0.1,0.001,0.3592
14305,50.11,10,1,10,0.1,0.001,0.5106
14306,47.29,9,1,9,0.1,0.001,0.3654
14307,-24.4,8,0,9,0.1,0.001,0.3998
14308,41.48,5,1,5,0.1,0.001,0.2955
14309,-30.49,4,0,5,0.1,0.001,0.3014
14310,44.58,7,1,7,0.1,0.001,0.3685
14311,57.16,15,1,15,0.1,0.001,0.4771
14312,-33.19,2,0,3,0.1,0.001,0.2687
14313,51.89,11,1,11,0.1,0.001,0.5358
14314,-32.9,2,0,3,0.1,0.001,0.367
14315,44.32,7,1,7,0.1,0.001,0.3317
14316,44.33,7,1,7,0.1,0.001,0.333
14317,44.91,7,1,7,0.1,0.001,0.4162
14318,42.79,6,1,6,0.1,0.001,0.2975
14319,41.94,5,1,5,0.1,0.001,0.3871
14320,-30.03,4,0,5,0.1,0.001,0.3944
14321,57.03,15,1,15,0.1,0.001,0.469
14322,-31.62,3,0,4,0.1,0.001,0.3451
14323,54.97,13,1,13,0.1,0.001,0.5362
14324,40.46,4,1,4,0.1,0.001,0.366
14325,41.4,5,1,5,0.1,0.001,0.2797
14326,43.38,6,1,6,0.1,0.001,0.3968
14327,56.35,15,1,15,0.1,0.001,0.4233
14328,47.82,9,1,9,0.1,0.001,0.4239
14329,-34.2,1,0,2,0.1,0.001,0.4004
14330,54.3,13,1,13,0.1,0.001,0.4849
14331,47.75,9,1,9,0.1,0.001,0.4165
14332,-23.7,8,0,9,0.1,0.001,0.4777
14333,-34.49,1,0,2,0.1,0.001,0.2566
14334,-32.86,2,0,3,0.1,0.001,0.3791
14335,41.63,5,1,5,0.1,0.001,0.3256
14336,-25.42,7,0,8,0.1,0.001,0.4471
14337,48.47,9,1,9,0.1,0.001,0.497
14338,47.04,9,1,9,0.1,0.001,0.3374
14339,-20.93,9,0,10,0.1,0.001,0.6074
14340,52.56,12,1,12,0.1,0.001,0.463
14341,-34.46,1,0,2,0.1,0.001,0.2705
14342,38.74,3,1,3,0.1,0.001,0.2477
14343,55.47,14,1,14,0.1,0.001,0.4618
14344,41.7,5,1,5,0.1,0.001,0.34
14345,-34.45,1,0,2,0.1,0.001,0.2773
14346,40.56,4,1,4,0.1,0.001,0.3891
14347,55.22,14,1,14,0.1,0.001,0.4443
14348,38.84,3,1,3,0.1,0.001,0.2785
14349,-32.93,2,0,3,0.1,0.001,0.3571
14350,-30.01,4,0,5,0.1,0.001,0.3982
14351,52.66,12,1,12,0.1,0.001,0.472
14352,47.83,9,1,9,0.1,0.001,0.4257
14353,40.27,4,1,4,0.1,0.001,0.3186
14354,-28.13,5,0,6,0.1,0.001,0.4775
14355,52.5,12,1,12,0.1,0.001,0.4585
14356,50.98,11,1,11,0.1,0.001,0.4525
14357,41.78,5,1,5,0.1,0.001,0.3561
14358,42.12,5,1,5,0.1,0.001,0.4236
14359,47.84,9,1,9,0.1,0.001,0.4265
14360,46.81,9,1,9,0.1,0.001,0.3123
14361,49.08,10,1,10,0.1,0.001,0.4084
14362,49.36,10,1,10,0.1,0.001,0.4361
14363,48.34,9,1,9,0.1,0.001,0.4826
14364,70.78,19,1,19,0.1,0.001,0.8832
14365,44.32,7,1,7,0.1,0.001,0.3317
14366,49.63,11,1,11,0.1,0.001,0.3296
14367,40.46,4,1,4,0.1,0.001,0.3655
14368,59.37,13,1,13,0.1,0.001,0.8749
14369,41.63,5,1,5,0.1,0.001,0.3269
14370,41.35,5,1,5,0.1,0.001,0.2698
14371,48.55,9,1,9,0.1,0.001,0.5051
14372,-25.2,7,0,8,0.1,0.001,0.4744
14373,-34.56,1,0,2,0.1,0.001,0.2177
14374,-21.87,8,0,9,0.1,0.001,0.6811
14375,49.82,11,1,11,0.1,0.001,0.3475
14376,-28.67,5,0,6,0.1,0.001,0.3875
14377,-34.46,1,0,2,0.1,0.001,0.2675
14378,50.77,11,1,11,0.1,0.001,0.4332
14379,-26.21,7,0,8,0.1,0.001,0.3492
14380,-32.84,2,0,3,0.1,0.001,0.3859
14381,42.0,5,1,5,0.1,0.001,0.4003
14382,-33.33,2,0,3,0.1,0.001,0.2223
14383,43.27,6,1,6,0.1,0.001,0.378
14384,57.57,15,1,15,0.1,0.001,0.5048
14385,-33.08,2,0,3,0.1,0.001,0.3079
14386,49.17,10,1,10,0.1,0.001,0.4174
14387,38.91,3,1,3,0.1,0.001,0.3042
14388,43.33,6,1,6,0.1,0.001,0.3877
14389,42.41,5,1,5,0.1,0.001,0.4822
14390,-34.63,1,0,2,0.1,0.001,0.1834
14391,-25.92,7,0,8,0.1,0.001,0.385
14392,45.22,7,1,7,0.1,0.001,0.4598
14393,-25.01,8,0,9,0.1,0.001,0.3326
14394,-25.83,7,0,8,0.1,0.001,0.3968
14395,-34.53,1,0,2,0.1,0.001,0.2346
14396,50.92,11,1,11,0.1,0.001,0.4469
14397,-29.98,4,0,5,0.1,0.001,0.4032
14398,53.22,12,1,12,0.1,0.001,0.5179
14399,42.33,5,1,5,0.1,0.001,0.4666
14400,47.8,9,1,9,0.1,0.001,0.4221
14401,44.48,7,1,7,0.1,0.001,0.354
14402,46.11,8,1,8,0.1,0.001,0.3892
14403,38.85,3,1,3,0.1,0.001,0.2824
14404,-30.1,4,0,5,0.1,0.001,0.3793
14405,55.8,15,1,15,0.1,0.001,0.3865
14406,-19.76,11,0,12,0.1,0.001,0.4369
14407,48.89,10,1,10,0.1,0.001,0.3892
14408,49.26,10,1,10,0.1,0.001,0.4255
14409,40.39,4,1,4,0.1,0.001,0.348
14410,44.0,6,1,6,0.1,0.001,0.4996
14411,-31.44,3,0,4,0.1,0.001,0.3906
14412,-33.18,2,0,3,0.1,0.001,0.2747
14413,48.98,9,1,9,0.1,0.001,0.553
14414,55.29,13,1,13,0.1,0.001,0.5611
14415,54.04,13,1,13,0.1,0.001,0.4643
14416,37.47,2,1,2,0.1,0.001,0.2341
14417,-27.53,6,0,7,0.1,0.001,0.3532
14418,43.27,6,1,6,0.1,0.001,0.3786
14419,54.19,12,1,12,0.1,0.001,0.5995
14420,-28.17,5,0,6,0.1,0.001,0.4717
14421,49.15,10,1,10,0.1,0.001,0.4146
14422,54.13,13,1,13,0.1,0.001,0.4715
14423,-33.13,2,0,3,0.1,0.001,0.2916
14424,41.78,5,1,5,0.1,0.001,0.3558
14425,-34.5,1,0,2,0.1,0.001,0.2522
14426,-30.95,3,0,4,0.1,0.001,0.5126
14427,40.46,4,1,4,0.1,0.001,0.3639
14428,47.94,9,1,9,0.1,0.001,0.4377
14429,46.47,8,1,8,0.1,0.001,0.4343
14430,42.69,6,1,6,0.1,0.001,0.2814
14431,45.06,7,1,7,0.1,0.001,0.4369
14432,-34.4,1,0,2,0.1,0.001,0.2981
14433,45.7,8,1,8,0.1,0.001,0.3373
14434,48.06,9,1,9,0.1,0.001,0.4507
14435,43.16,6,1,6,0.1,0.001,0.3593
14436,-33.0,2,0,3,0.1,0.001,0.334
14437,41.89,5,1,5,0.1,0.001,0.3776
14438,-34.51,1,0,2,0.1,0.001,0.2435
14439,40.16,4,1,4,0.1,0.001,0.2901
14440,41.65,5,1,5,0.1,0.001,0.329
14441,44.43,6,1,6,0.1,0.001,0.572
14442,41.69,5,1,5,0.1,0.001,0.3388
14443,-32.86,2,0,3,0.1,0.001,0.3798
14444,46.1,8,1,8,0.1,0.001,0.3876
14445,41.91,5,1,5,0.1,0.001,0.3823
14446,47.47,9,1,9,0.1,0.001,0.3854
14447,61.86,18,1,18,0.1,0.001,0.4924
14448,46.03,8,1,8,0.1,0.001,0.3791
14449,53.33,13,1,13,0.1,0.001,0.4103
14450,43.05,6,1,6,0.1,0.001,0.3413
14451,-23.96,8,0,9,0.1,0.001,0.4492
14452,-31.75,3,0,4,0.1,0.001,0.3125
14453,43.42,6,1,6,0.1,0.001,0.4026
14454,45.25,7,1,7,0.1,0.001,0.4638
14455,44.65,7,1,7,0.1,0.001,0.3791
14456,38.92,3,1,3,0.1,0.001,0.3063
14457,46.17,8,1,8,0.1,0.001,0.3958
14458,49.69,10,1,10,0.1,0.001,0.4691
14459,53.34,12,1,12,0.1,0.001,0.5286
14460,47.55,9,1,9,0.1,0.001,0.3945
14461,38.95,3,1,3,0.1,0.001,0.3175
14462,-31.66,3,0,4,0.1,0.001,0.3348
14463,46.75,8,1,8,0.1,0.001,0.4684
14464,-18.92,10,0,11,0.1,0.001,0.644
14465,38.89,3,1,3,0.1,0.001,0.2953
14466,-34.28,1,0,2,0.1,0.001,0.3621
14467,54.01,13,1,13,0.1,0.001,0.4625
14468,43.13,6,1,6,0.1,0.001,0.3552
14469,44.06,7,1,7,0.1,0.001,0.294
14470,40.3,4,1,4,0.1,0.001,0.3243
14471,42.17,5,1,5,0.1,0.001,0.435
14472,45.0,7,1,7,0.1,0.001,0.4289
14473,46.24,8,1,8,0.1,0.001,0.4046
14474,48.16,9,1,9,0.1,0.001,0.4622
14475,46.06,8,1,8,0.1,0.001,0.3823
14476,-31.74,3,0,4,0.1,0.001,0.3153
14477,-34.36,1,0,2,0.1,0.001,0.321
14478,53.98,13,1,13,0.1,0.001,0.46
14479,52.93,12,1,12,0.1,0.001,0.4939
14480,52.63,12,1,12,0.1,0.001,0.469
14481,46.43,8,1,8,0.1,0.001,0.4287
14482,-32.66,2,0,3,0.1,0.001,0.4453
14483,55.27,13,1,13,0.1,0.001,0.5593
14484,52.41,12,1,12,0.1,0.001,0.4509
14485,47.99,9,1,9,0.1,0.001,0.4431
14486,-34.59,1,0,2,0.1,0.001,0.2028
14487,40.31,4,1,4,0.1,0.001,0.3267
14488,38.88,3,1,3,0.1,0.001,0.2929
14489,-33.04,2,0,3,0.1,0.001,0.3195
14490,45.25,7,1,7,0.1,0.001,0.4643
14491,50.13,10,1,10,0.1,0.001,0.5127
14492,48.42,10,1,10,0.1,0.001,0.3425
14493,54.22,11,1,11,0.1,0.001,0.7477
14494,44.34,7,1,7,0.1,0.001,0.3348
14495,50.91,9,1,9,0.1,0.001,0.7673
14496,-23.26,9,0,10,0.1,0.001,0.3738
14497,-29.98,4,0,5,0.1,0.001,0.4045
14498,43.17,6,1,6,0.1,0.001,0.3621
14499,36.12,1,1,1,0.1,0.001,0.116
14500,-31.42,3,0,4,0.1,0.001,0.3949
14501,40.19,4,1,4,0.1,0.001,0.2966
14502,50.15,11,1,11,0.1,0.001,0.377
14503,38.83,3,1,3,0.1,0.001,0.2754
14504,40.08,4,1,4,0.1,0.001,0.2701
14505,43.17,6,1,6,0.1,0.001,0.361
14506,45.14,7,1,7,0.1,0.001,0.4493
14507,-34.57,1,0,2,0.1,0.001,0.2135
14508,42.23,5,1,5,0.1,0.001,0.4466
14509,40.33,4,1,4,0.1,0.001,0.3326
14510,41.67,5,1,5,0.1,0.001,0.3348
14511,43.12,6,1,6,0.1,0.001,0.3534
14512,-34.47,1,0,2,0.1,0.001,0.2629
14513,52.66,12,1,12,0.1,0.001,0.4714
14514,-33.99,1,0,2,0.1,0.001,0.5056
14515,46.91,9,1,9,0.1,0.001,0.323
14516,40.23,4,1,4,0.1,0.001,0.3076
14517,-33.13,2,0,3,0.1,0.001,0.2888
14518,43.07,6,1,6,0.1,0.001,0.3444
14519,40.1,4,1,4,0.1,0.001,0.2754
14520,-23.98,8,0,9,0.1,0.001,0.4467
14521,40.23,4,1,4,0.1,0.001,0.3082
14522,40.31,4,1,4,0.1,0.001,0.3287
14523,-27.17,6,0,7,0.1,0.001,0.404
14524,53.27,13,1,13,0.1,0.001,0.4057
14525,44.4,7,1,7,0.1,0.001,0.3434
14526,-22.81,8,0,9,0.1,0.001,0.5762
14527,41.9,5,1,5,0.1,0.001,0.3794
14528,-34.46,1,0,2,0.1,0.001,0.2685
14529,-29.39,4,0,5,0.1,0.001,0.5219
14530,38.75,3,1,3,0.1,0.001,0.2513
14531,42.45,5,1,5,0.1,0.001,0.4908
14532,50.67,11,1,11,0.1,0.001,0.4248
14533,50.23,11,1,11,0.1,0.001,0.3843
14534,37.6,2,1,2,0.1,0.001,0.2976
14535,41.78,5,1,5,0.1,0.001,0.3565
14536,40.98,4,1,4,0.1,0.001,0.4942
14537,40.51,4,1,4,0.1,0.001,0.3769
14538,43.02,6,1,6,0.1,0.001,0.3374
14539,49.75,9,1,9,0.1,0.001,0.639
14540,-31.34,3,0,4,0.1,0.001,0.415
14541,-34.48,1,0,2,0.1,0.001,0.2597
14542,47.79,9,1,9,0.1,0.001,0.4213
14543,44.58,7,1,7,0.1,0.001,0.3689
14544,-31.3,3,0,4,0.1,0.001,0.4245
14545,45.44,8,1,8,0.1,0.001,0.3056
14546,-34.61,1,0,2,0.1,0.001,0.1939
14547,-24.12,8,0,9,0.1,0.001,0.431
14548,-31.95,3,0,4,0.1,0.001,0.2626
14549,-26.84,7,0,8,0.1,0.001,0.2698
14550,38.67,3,1,3,0.1,0.001,0.2245
14551,48.13,10,1,10,0.1,0.001,0.3125
14552,43.77,6,1,6,0.1,0.001,0.4614
14553,57.2,15,1,15,0.1,0.001,0.4803
14554,44.66,7,1,7,0.1,0.001,0.3795
14555,-34.53,1,0,2,0.1,0.001,0.2326
14556,48.26,10,1,10,0.1,0.001,0.3258
14557,40.35,4,1,4,0.1,0.001,0.3376
14558,44.67,7,1,7,0.1,0.001,0.3808
14559,-23.02,9,0,10,0.1,0.001,0.3976
14560,53.54,12,1,12,0.1,0.001,0.5447
14561,40.26,4,1,4,0.1,0.001,0.3157
14562,47.48,9,1,9,0.1,0.001,0.3867
14563,40.12,4,1,4,0.1,0.001,0.2802
14564,-34.2,1,0,2,0.1,0.001,0.3975
14565,-34.59,1,0,2,0.1,0.001,0.2057
14566,49.17,10,1,10,0.1,0.001,0.4166
14567,41.75,5,1,5,0.1,0.001,0.3502
14568,-34.57,1,0,2,0.1,0.001,0.2135
14569,46.38,8,1,8,0.1,0.001,0.4227
14570,-31.65,3,0,4,0.1,0.001,0.3375
14571,46.7,8,1,8,0.1,0.001,0.4621
14572,-34.29,1,0,2,0.1,0.001,0.3534
14573,43.53,6,1,6,0.1,0.001,0.4213
14574,42.7,5,1,5,0.1,0.001,0.5393
14575,48.43,9,1,9,0.1,0.001,0.4925
14576,-33.03,2,0,3,0.1,0.001,0.3244
14577,44.28,7,1,7,0.1,0.001,0.3258
14578,40.3,4,1,4,0.1,0.001,0.3255
14579,40.16,4,1,4,0.1,0.001,0.2888
14580,-28.83,5,0,6,0.1,0.001,0.361
14581,46.35,8,1,8,0.1,0.001,0.4185
14582,44.39,7,1,7,0.1,0.001,0.3408
14583,39.26,3,1,3,0.1,0.001,0.4201
14584,-28.18,5,0,6,0.1,0.001,0.4708
14585,-19.38,12,0,13,0.1,0.001,0.3555
14586,-34.55,1,0,2,0.1,0.001,0.2238
14587,40.13,4,1,4,0.1,0.001,0.2834
14588,50.26,11,1,11,0.1,0.001,0.3876
14589,44.13,7,1,7,0.1,0.001,0.3049
14590,46.31,8,1,8,0.1,0.001,0.4135
14591,-25.3,7,0,8,0.1,0.001,0.4621
14592,38.76,3,1,3,0.1,0.001,0.2528
14593,-33.18,2,0,3,0.1,0.001,0.2725
14594,51.04,11,1,11,0.1,0.001,0.458
14595,-21.8,10,0,11,0.1,0.001,0.382
14596,44.52,7,1,7,0.1,0.001,0.3603
14597,41.47,5,1,5,0.1,0.001,0.2935
14598,42.72,6,1,6,0.1,0.001,0.2874
14599,43.49,6,1,6,0.1,0.001,0.4149
14600,-31.63,3,0,4,0.1,0.001,0.3416
14601,47.33,9,1,9,0.1,0.001,0.3703
14602,45.08,5,1,5,0.1,0.001,1.0163
14603,-18.55,12,0,13,0.1,0.001,0.4189
14604,-23.75,7,0,8,0.1,0.001,0.6559
14605,40.41,4,1,4,0.1,0.001,0.3531
14606,44.31,7,1,7,0.1,0.001,0.3305
14607,-24.9,8,0,9,0.1,0.001,0.3449
14608,39.09,3,1,3,0.1,0.001,0.3623
14609,47.96,9,1,9,0.1,0.001,0.4398
14610,-29.73,4,0,5,0.1,0.001,0.4546
14611,-26.02,7,0,8,0.1,0.001,0.3728
14612,-34.65,1,0,2,0.1,0.001,0.1748
14613,-29.24,4,0,5,0.1,0.001,0.553
14614,-14.37,15,0,16,0.1,0.001,0.4142
14615,47.64,9,1,9,0.1,0.001,0.4041
14616,-13.55,11,0,12,0.1,0.001,0.9544
14617,43.09,6,1,6,0.1,0.001,0.3484
14618,-34.57,1,0,2,0.1,0.001,0.2127
14619,59.83,12,1,12,0.1,0.001,1.0691
14620,-33.4,2,0,3,0.1,0.001,0.1984
14621,52.59,12,1,12,0.1,0.001,0.4657
14622,-34.37,1,0,2,0.1,0.001,0.3147
14623,45.03,7,1,7,0.1,0.001,0.4331
14624,-24.36,8,0,9,0.1,0.001,0.4046
14625,38.84,3,1,3,0.1,0.001,0.2793
14626,41.9,5,1,5,0.1,0.001,0.3791
14627,45.07,7,1,7,0.1,0.001,0.4382
14628,-34.31,1,0,2,0.1,0.001,0.3426
14629,54.15,11,1,11,0.1,0.001,0.7411
14630,-31.45,3,0,4,0.1,0.001,0.3864
14631,-20.44,9,0,10,0.1,0.001,0.6563
14632,37.43,2,1,2,0.1,0.001,0.2133
14633,38.74,3,1,3,0.1,0.001,0.2476
14634,-33.13,2,0,3,0.1,0.001,0.2886
14635,41.71,5,1,5,0.1,0.001,0.3415
14636,-34.19,1,0,2,0.1,0.001,0.403
14637,38.86,3,1,3,0.1,0.001,0.2868
14638,42.75,6,1,6,0.1,0.001,0.2921
14639,39.0,3,1,3,0.1,0.001,0.333
14640,52.11,10,1,10,0.1,0.001,0.7111
14641,-25.1,7,0,8,0.1,0.001,0.4877
14642,-18.61,11,0,12,0.1,0.001,0.5321
14643,40.32,4,1,4,0.1,0.001,0.3299
14644,-29.77,4,0,5,0.1,0.001,0.4462
14645,40.23,4,1,4,0.1,0.001,0.308
14646,48.87,9,1,9,0.1,0.001,0.5409
14647,-34.5,1,0,2,0.1,0.001,0.2513
14648,-34.47,1,0,2,0.1,0.001,0.267
14649,45.64,7,1,7,0.1,0.001,0.5201
14650,-29.56,4,0,5,0.1,0.001,0.489
14651,47.63,9,1,9,0.1,0.001,0.4033
14652,44.32,7,1,7,0.1,0.001,0.331
14653,49.69,10,1,10,0.1,0.001,0.4685
14654,49.4,10,1,10,0.1,0.001,0.4397
14655,-34.32,1,0,2,0.1,0.001,0.3393
14656,52.81,12,1,12,0.1,0.001,0.4838
14657,48.31,10,1,10,0.1,0.001,0.3306
14658,51.21,11,1,11,0.1,0.001,0.4732
14659,49.73,10,1,10,0.1,0.001,0.4732
14660,44.8,7,1,7,0.1,0.001,0.4004
14661,45.8,8,1,8,0.1,0.001,0.3498
14662,50.83,11,1,11,0.1,0.001,0.4387
14663,45.18,7,1,7,0.1,0.001,0.4537
14664,56.22,14,1,14,0.1,0.001,0.5159
14665,42.76,6,1,6,0.1,0.001,0.2933
14666,50.97,11,1,11,0.1,0.001,0.452
14667,40.03,4,1,4,0.1,0.001,0.2564
14668,-28.88,5,0,6,0.1,0.001,0.3538
14669,47.29,8,1,8,0.1,0.001,0.5359
14670,39.93,4,1,4,0.1,0.001,0.2334
14671,38.84,3,1,3,0.1,0.001,0.2792
14672,39.03,3,1,3,0.1,0.001,0.3439
14673,50.43,11,1,11,0.1,0.001,0.4023
14674,49.22,10,1,10,0.1,0.001,0.4217
14675,37.58,2,1,2,0.1,0.001,0.2907
14676,44.21,7,1,7,0.1,0.001,0.3163
14677,49.02,9,1,9,0.1,0.001,0.5574
14678,-31.45,3,0,4,0.1,0.001,0.3868
14679,-29.63,4,0,5,0.1,0.001,0.4732
14680,49.28,10,1,10,0.1,0.001,0.4279
14681,-29.72,4,0,5,0.1,0.001,0.4554
14682,45.95,8,1,8,0.1,0.001,0.3691
14683,44.45,6,1,6,0.1,0.001,0.5748
14684,40.25,4,1,4,0.1,0.001,0.3118
14685,50.93,11,1,11,0.1,0.001,0.4478
14686,-34.6,1,0,2,0.1,0.001,0.1989
14687,49.09,9,1,9,0.1,0.001,0.5653
14688,-34.46,1,0,2,0.1,0.001,0.2693
14689,51.14,11,1,11,0.1,0.001,0.4674
14690,-33.09,2,0,3,0.1,0.001,0.3036
14691,-31.75,3,0,4,0.1,0.001,0.313
14692,37.45,2,1,2,0.1,0.001,0.225
14693,-34.61,1,0,2,0.1,0.001,0.1955
14694,50.06,10,1,10,0.1,0.001,0.5055
14695,43.49,6,1,6,0.1,0.001,0.4152
14696,54.13,14,1,14,0.1,0.001,0.3664
14697,47.12,9,1,9,0.1,0.001,0.3464
14698,50.35,11,1,11,0.1,0.001,0.3952
14699,-31.61,3,0,4,0.1,0.001,0.3469
14700,49.18,10,1,10,0.1,0.001,0.4177
14701,43.55,6,1,6,0.1,0.001,0.4257
14702,47.17,9,1,9,0.1,0.001,0.3519
14703,48.61,10,1,10,0.1,0.001,0.3606
14704,-34.64,1,0,2,0.1,0.001,0.1805
14705,43.37,6,1,6,0.1,0.001,0.3954
14706,48.63,10,1,10,0.1,0.001,0.3634
14707,-34.62,1,0,2,0.1,0.001,0.1888
14708,39.01,3,1,3,0.1,0.001,0.3372
14709,-32.02,3,0,4,0.1,0.001,0.2442
14710,-34.61,1,0,2,0.1,0.001,0.1939
14711,38.81,3,1,3,0.1,0.001,0.2699
14712,-31.72,3,0,4,0.1,0.001,0.3195
14713,-34.61,1,0,2,0.1,0.001,0.1959
14714,36.12,1,1,1,0.1,0.001,0.1249
14715,-18.95,11,0,12,0.1,0.001,0.5039
14716,41.92,5,1,5,0.1,0.001,0.385
14717,46.3,8,1,8,0.1,0.001,0.4121
14718,43.03,6,1,6,0.1,0.001,0.3377
14719,43.1,6,1,6,0.1,0.001,0.3497
14720,50.35,11,1,11,0.1,0.001,0.3952
14721,53.92,13,1,13,0.1,0.001,0.4557
14722,43.06,6,1,6,0.1,0.001,0.3425
14723,-29.72,4,0,5,0.1,0.001,0.457
14724,-16.32,7,0,8,0.1,0.001,1.5847
14725,-34.41,1,0,2,0.1,0.001,0.2928
14726,46.34,7,1,7,0.1,0.001,0.6196
14727,40.13,4,1,4,0.1,0.001,0.2816
14728,-30.06,4,0,5,0.1,0.001,0.3886
14729,40.41,4,1,4,0.1,0.001,0.3517
14730,45.79,8,1,8,0.1,0.001,0.3485
14731,40.41,4,1,4,0.1,0.001,0.3531
14732,49.85,10,1,10,0.1,0.001,0.4847
14733,38.67,3,1,3,0.1,0.001,0.2242
14734,42.78,6,1,6,0.1,0.001,0.296
14735,47.2,9,1,9,0.1,0.001,0.3558
14736,50.21,11,1,11,0.1,0.001,0.3827
14737,42.69,6,1,6,0.1,0.001,0.281
14738,45.47,7,1,7,0.1,0.001,0.4961
14739,47.09,8,1,8,0.1,0.001,0.5118
14740,38.81,3,1,3,0.1,0.001,0.2716
14741,45.25,7,1,7,0.1,0.001,0.4639
14742,43.43,6,1,6,0.1,0.001,0.4042
14743,49.59,10,1,10,0.1,0.001,0.4593
14744,-34.19,1,0,2,0.1,0.001,0.4039
14745,45.93,8,1,8,0.1,0.001,0.3668
14746,47.11,9,1,9,0.1,0.001,0.3453
14747,52.88,11,1,11,0.1,0.001,0.6258
14748,-33.21,2,0,3,0.1,0.001,0.2623
14749,-29.1,5,0,6,0.1,0.001,0.3168
14750,45.84,8,1,8,0.1,0.001,0.3551
14751,40.51,4,1,4,0.1,0.001,0.3764
14752,47.92,9,1,9,0.1,0.001,0.4356
14753,40.31,4,1,4,0.1,0.001,0.3278
14754,49.08,10,1,10,0.1,0.001,0.4076
14755,40.88,4,1,4,0.1,0.001,0.4709
14756,-32.79,2,0,3,0.1,0.001,0.4046
14757,-34.53,1,0,2,0.1,0.001,0.2347
14758,43.41,6,1,6,0.1,0.001,0.4023
14759,-34.38,1,0,2,0.1,0.001,0.3094
14760,-22.19,9,0,10,0.1,0.001,0.4814
14761,-21.13,10,0,11,0.1,0.001,0.4424
14762,-24.35,8,0,9,0.1,0.001,0.4056
14763,-33.3,2,0,3,0.1,0.001,0.2331
14764,43.4,6,1,6,0.1,0.001,0.3995
14765,41.95,5,1,5,0.1,0.001,0.389
14766,-28.93,5,0,6,0.1,0.001,0.345
14767,47.22,9,1,9,0.1,0.001,0.3575
14768,47.97,9,1,9,0.1,0.001,0.4414
14769,-30.45,4,0,5,0.1,0.001,0.3106
14770,45.43,8,1,8,0.1,0.001,0.3044
14771,-33.3,2,0,3,0.1,0.001,0.2346
14772,-29.41,5,0,6,0.1,0.001,0.2653
14773,-27.43,6,0,7,0.1,0.001,0.3668
14774,43.99,7,1,7,0.1,0.001,0.2842
14775,53.61,13,1,13,0.1,0.001,0.4318
14776,-31.82,3,0,4,0.1,0.001,0.2941
14777,-34.54,1,0,2,0.1,0.001,0.2289
14778,47.73,9,1,9,0.1,0.001,0.4149
14779,53.69,13,1,13,0.1,0.001,0.438
14780,-29.01,5,0,6,0.1,0.001,0.3319
14781,-13.59,15,0,16,0.1,0.001,0.463
14782,41.36,5,1,5,0.1,0.001,0.272
14783,-30.59,4,0,5,0.1,0.001,0.283
14784,48.61,10,1,10,0.1,0.001,0.3605
14785,54.51,13,1,13,0.1,0.001,0.5004
14786,-34.61,1,0,2,0.1,0.001,0.1973
14787,40.41,4,1,4,0.1,0.001,0.3519
14788,42.93,6,1,6,0.1,0.001,0.3215
14789,-28.95,5,0,6,0.1,0.001,0.3408
14790,43.46,6,1,6,0.1,0.001,0.4097
14791,37.5,2,1,2,0.1,0.001,0.2508
14792,41.56,5,1,5,0.1,0.001,0.3122
14793,45.03,7,1,7,0.1,0.001,0.4327
14794,40.06,4,1,4,0.1,0.001,0.2651
14795,38.73,3,1,3,0.1,0.001,0.2447
14796,53.98,12,1,12,0.1,0.001,0.5813
14797,41.8,5,1,5,0.1,0.001,0.36
14798,44.82,7,1,7,0.1,0.001,0.403
14799,45.69,8,1,8,0.1,0.001,0.3357
14800,50.33,11,1,11,0.1,0.001,0.3934
14801,52.54,12,1,12,0.1,0.001,0.4619
14802,47.14,9,1,9,0.1,0.001,0.3492
14803,49.93,10,1,10,0.1,0.001,0.4925
14804,46.65,8,1,8,0.1,0.001,0.4563
14805,48.99,10,1,10,0.1,0.001,0.3987
14806,-31.29,3,0,4,0.1,0.001,0.4276
14807,-34.42,1,0,2,0.1,0.001,0.2901
14808,48.19,9,1,9,0.1,0.001,0.4659
14809,-31.81,3,0,4,0.1,0.001,0.2987
14810,-31.76,3,0,4,0.1,0.001,0.3094
14811,51.09,11,1,11,0.1,0.001,0.4625
14812,37.51,2,1,2,0.1,0.001,0.2571
14813,48.6,10,1,10,0.1,0.001,0.3604
14814,47.8,9,1,9,0.1,0.001,0.4224
14815,-34.59,1,0,2,0.1,0.001,0.2068
14816,41.96,5,1,5,0.1,0.001,0.3923
14817,56.17,14,1,14,0.1,0.001,0.5125
14818,-34.18,1,0,2,0.1,0.001,0.4091
14819,-22.82,9,0,10,0.1,0.001,0.4178
14820,47.11,9,1,9,0.1,0.001,0.3457
14821,50.14,10,1,10,0.1,0.001,0.5144
14822,43.22,6,1,6,0.1,0.001,0.3694
14823,42.98,6,1,6,0.1,0.001,0.3308
14824,43.23,5,1,5,0.1,0.001,0.6462
14825,-26.95,6,0,7,0.1,0.001,0.4359
14826,37.45,2,1,2,0.1,0.001,0.2258
14827,36.12,1,1,1,0.1,0.001,0.1201
14828,-16.8,12,0,13,0.1,0.001,0.5536
14829,40.57,4,1,4,0.1,0.001,0.3924
14830,43.65,6,1,6,0.1,0.001,0.4412
14831,39.02,3,1,3,0.1,0.001,0.3399
14832,38.82,3,1,3,0.1,0.001,0.2736
14833,43.03,6,1,6,0.1,0.001,0.3375
14834,49.62,10,1,10,0.1,0.001,0.4624
14835,51.09,11,1,11,0.1,0.001,0.4623
14836,39.99,4,1,4,0.1,0.001,0.2463
14837,-32.76,2,0,3,0.1,0.001,0.4125
14838,54.41,13,1,13,0.1,0.001,0.4934
14839,-19.6,12,0,13,0.1,0.001,0.3382
14840,41.61,5,1,5,0.1,0.001,0.3219
14841,-34.59,1,0,2,0.1,0.001,0.2069
14842,46.84,8,1,8,0.1,0.001,0.4798
14843,44.92,7,1,7,0.1,0.001,0.4174
14844,-28.84,5,0,6,0.1,0.001,0.3603
14845,56.08,14,1,14,0.1,0.001,0.5058
14846,-33.02,2,0,3,0.1,0.001,0.3254
14847,-34.68,1,0,2,0.1,0.001,0.1596
14848,-33.25,2,0,3,0.1,0.001,0.2492
14849,45.66,8,1,8,0.1,0.001,0.3319
14850,43.3,6,1,6,0.1,0.001,0.383
14851,48.5,10,1,10,0.1,0.001,0.3495
14852,52.75,12,1,12,0.1,0.001,0.4795
14853,48.08,9,1,9,0.1,0.001,0.4538
14854,44.16,6,1,6,0.1,0.001,0.5265
14855,52.26,12,1,12,0.1,0.001,0.4387
14856,48.48,10,1,10,0.1,0.001,0.3475
14857,44.79,7,1,7,0.1,0.001,0.3981
14858,44.55,7,1,7,0.1,0.001,0.3648
14859,48.35,9,1,9,0.1,0.001,0.4837
14860,50.07,10,1,10,0.1,0.001,0.5071
14861,52.29,11,1,11,0.1,0.001,0.5716
14862,-17.63,12,0,13,0.1,0.001,0.4899
14863,41.54,5,1,5,0.1,0.001,0.3072
14864,-31.37,3,0,4,0.1,0.001,0.4067
14865,47.2,9,1,9,0.1,0.001,0.3552
14866,47.41,9,1,9,0.1,0.001,0.3785
14867,38.83,3,1,3,0.1,0.001,0.2767
14868,-33.4,2,0,3,0.1,0.001,0.1999
14869,50.42,11,1,11,0.1,0.001,0.4023
14870,-27.21,6,0,7,0.1,0.001,0.399
14871,55.89,14,1,14,0.1,0.001,0.4924
14872,44.68,7,1,7,0.1,0.001,0.3824
14873,45.87,8,1,8,0.1,0.001,0.3589
14874,-28.26,6,0,7,0.1,0.001,0.2485
14875,-30.44,4,0,5,0.1,0.001,0.3125
14876,-26.99,6,0,7,0.1,0.001,0.43
14877,48.12,9,1,9,0.1,0.001,0.4582
14878,40.31,4,1,4,0.1,0.001,0.3285
14879,41.92,5,1,5,0.1,0.001,0.3843
14880,42.06,5,1,5,0.1,0.001,0.4112
14881,40.17,4,1,4,0.1,0.001,0.2934
14882,41.5,5,1,5,0.1,0.001,0.3
14883,46.51,8,1,8,0.1,0.001,0.439
14884,62.68,17,1,17,0.1,0.001,0.6284
14885,-30.55,4,0,5,0.1,0.001,0.2905
14886,40.08,4,1,4,0.1,0.001,0.2689
14887,47.54,9,1,9,0.1,0.001,0.3933
14888,42.92,6,1,6,0.1,0.001,0.3194
14889,54.64,14,1,14,0.1,0.001,0.403
14890,45.75,8,1,8,0.1,0.001,0.3437
14891,-31.42,3,0,4,0.1,0.001,0.3958
14892,50.44,11,1,11,0.1,0.001,0.4033
14893,36.12,1,1,1,0.1,0.001,0.1205
14894,-31.67,3,0,4,0.1,0.001,0.3314
14895,52.06,12,1,12,0.1,0.001,0.4218
14896,54.48,13,1,13,0.1,0.001,0.4988
14897,43.47,6,1,6,0.1,0.001,0.4112
14898,-24.62,8,0,9,0.1,0.001,0.376
14899,48.78,10,1,10,0.1,0.001,0.3776
14900,44.21,7,1,7,0.1,0.001,0.3155
14901,46.53,8,1,8,0.1,0.001,0.4409
14902,-27.76,6,0,7,0.1,0.001,0.3197
14903,-23.0,9,0,10,0.1,0.001,0.3999
14904,46.74,8,1,8,0.1,0.001,0.4681
14905,44.2,7,1,7,0.1,0.001,0.315
14906,49.64,9,1,9,0.1,0.001,0.6272
14907,-31.42,3,0,4,0.1,0.001,0.3953
14908,46.54,8,1,8,0.1,0.001,0.442
14909,-30.36,4,0,5,0.1,0.001,0.3284
14910,44.54,7,1,7,0.1,0.001,0.3634
14911,42.62,6,1,6,0.1,0.001,0.2707
14912,-24.04,8,0,9,0.1,0.001,0.4401
14913,44.27,7,1,7,0.1,0.001,0.325
14914,-28.71,5,0,6,0.1,0.001,0.3822
14915,43.38,6,1,6,0.1,0.001,0.3965
14916,44.51,7,1,7,0.1,0.001,0.3581
14917,48.08,9,1,9,0.1,0.001,0.4534
14918,-28.57,5,0,6,0.1,0.001,0.4042
14919,54.87,14,1,14,0.1,0.001,0.419
14920,-28.67,5,0,6,0.1,0.001,0.3883
14921,-34.6,1,0,2,0.1,0.001,0.1989
14922,-34.6,1,0,2,0.1,0.001,0.1982
14923,45.24,8,1,8,0.1,0.001,0.2796
14924,-34.58,1,0,2,0.1,0.001,0.2083
14925,-28.78,5,0,6,0.1,0.001,0.3703
14926,46.91,9,1,9,0.1,0.001,0.3236
14927,41.91,5,1,5,0.1,0.001,0.3811
14928,-32.61,2,0,3,0.1,0.001,0.4641
14929,-25.71,7,0,8,0.1,0.001,0.4119
14930,46.27,8,1,8,0.1,0.001,0.4093
14931,-27.7,6,0,7,0.1,0.001,0.3285
14932,-25.08,8,0,9,0.1,0.001,0.3244
14933,-34.52,1,0,2,0.1,0.001,0.2414
14934,44.75,7,1,7,0.1,0.001,0.3924
14935,43.63,6,1,6,0.1,0.001,0.4391
14936,-34.42,1,0,2,0.1,0.001,0.2889
14937,43.47,6,1,6,0.1,0.001,0.4119
14938,-29.25,4,0,5,0.1,0.001,0.5509
14939,41.76,5,1,5,0.1,0.001,0.3522
14940,44.76,7,1,7,0.1,0.001,0.395
14941,51.82,12,1,12,0.1,0.001,0.402
14942,-32.13,3,0,4,0.1,0.001,0.2172
14943,42.92,6,1,6,0.1,0.001,0.3197
14944,-32.13,3,0,4,0.1,0.001,0.2171
14945,54.56,14,1,14,0.1,0.001,0.3972
14946,46.45,8,1,8,0.1,0.001,0.4318
14947,-31.59,3,0,4,0.1,0.001,0.3537
14948,41.96,5,1,5,0.1,0.001,0.3916
14949,-34.63,1,0,2,0.1,0.001,0.1847
14950,47.56,7,1,7,0.1,0.001,0.7946
14951,41.48,5,1,5,0.1,0.001,0.2954
14952,-22.35,9,0,10,0.1,0.001,0.4647
14953,-25.49,7,0,8,0.1,0.001,0.439
14954,53.39,13,1,13,0.1,0.001,0.4149
14955,40.44,4,1,4,0.1,0.001,0.3608
14956,48.41,10,1,10,0.1,0.001,0.3411
14957,-28.92,5,0,6,0.1,0.001,0.3475
14958,-11.42,16,0,17,0.1,0.001,0.5045
14959,45.94,8,1,8,0.1,0.001,0.3673
14960,53.11,13,1,13,0.1,0.001,0.3928
14961,57.5,15,1,15,0.1,0.001,0.5
14962,47.13,9,1,9,0.1,0.001,0.3473
14963,46.76,8,1,8,0.1,0.001,0.4701
14964,-23.61,8,0,9,0.1,0.001,0.4882
14965,-34.58,1,0,2,0.1,0.001,0.2088
14966,-34.58,1,0,2,0.1,0.001,0.209
14967,50.45,11,1,11,0.1,0.001,0.4044
14968,-32.23,2,0,3,0.1,0.001,0.5903
14969,-33.32,2,0,3,0.1,0.001,0.2274
14970,44.15,7,1,7,0.1,0.001,0.3071
14971,41.52,5,1,5,0.1,0.001,0.3044
14972,46.95,9,1,9,0.1,0.001,0.3283
14973,47.85,9,1,9,0.1,0.001,0.4274
14974,48.62,9,1,9,0.1,0.001,0.5131
14975,50.35,10,1,10,0.1,0.001,0.5352
14976,43.43,6,1,6,0.1,0.001,0.4054
14977,-34.57,1,0,2,0.1,0.001,0.2138
14978,43.64,6,1,6,0.1,0.001,0.4402
14979,52.44,13,1,13,0.1,0.001,0.3415
14980,49.01,10,1,10,0.1,0.001,0.4012
14981,47.71,9,1,9,0.1,0.001,0.4121
14982,38.76,3,1,3,0.1,0.001,0.2526
14983,49.88,10,1,10,0.1,0.001,0.4883
14984,-30.67,4,0,5,0.1,0.001,0.2656
14985,54.3,13,1,13,0.1,0.001,0.4844
14986,-31.69,3,0,4,0.1,0.001,0.3274
14987,41.76,5,1,5,0.1,0.001,0.3517
14988,42.92,6,1,6,0.1,0.001,0.3197
14989,49.5,10,1,10,0.1,0.001,0.4498
14990,-31.82,3,0,4,0.1,0.001,0.2952
14991,47.2,9,1,9,0.1,0.001,0.3557
14992,-33.41,2,0,3,0.1,0.001,0.1967
14993,43.98,6,1,6,0.1,0.001,0.4974
14994,51.63,12,1,12,0.1,0.001,0.3862
14995,43.41,6,1,6,0.1,0.001,0.402
14996,-28.38,5,0,6,0.1,0.001,0.4372
14997,48.99,10,1,10,0.1,0.001,0.3986
14998,-30.25,4,0,5,0.1,0.001,0.3497
14999,-31.77,3,0,4,0.1,0.001,0.3076
15000,-34.63,1,0,2,0.1,0.001,0.1843
15001,41.89,5,1,5,0.1,0.001,0.3775
15002,-34.63,1,0,2,0.1,0.001,0.1854
15003,37.52,2,1,2,0.1,0.001,0.261
15004,-28.29,5,0,6,0.1,0.001,0.4511
15005,38.88,3,1,3,0.1,0.001,0.2949
15006,51.44,12,1,12,0.1,0.001,0.3698
15007,46.31,8,1,8,0.1,0.001,0.4137
15008,44.84,7,1,7,0.1,0.001,0.4056
15009,50.39,11,1,11,0.1,0.001,0.399
15010,-30.32,4,0,5,0.1,0.001,0.3352
15011,40.29,4,1,4,0.1,0.001,0.3214
15012,38.84,3,1,3,0.1,0.001,0.2793
15013,-31.36,3,0,4,0.1,0.001,0.409
15014,52.15,11,1,11,0.1,0.001,0.5587
15015,-26.29,7,0,8,0.1,0.001,0.3388
15016,50.94,11,1,11,0.1,0.001,0.449
15017,-25.51,7,0,8,0.1,0.001,0.4365
15018,57.99,15,1,15,0.1,0.001,0.5329
15019,44.78,7,1,7,0.1,0.001,0.3966
15020,40.7,4,1,4,0.1,0.001,0.4252
15021,41.71,5,1,5,0.1,0.001,0.3412
15022,-29.6,4,0,5,0.1,0.001,0.4805
15023,-34.53,1,0,2,0.1,0.001,0.2345
15024,43.27,6,1,6,0.1,0.001,0.3786
15025,43.02,6,1,6,0.1,0.001,0.3361
15026,58.11,15,1,15,0.1,0.001,0.5405
15027,49.34,10,1,10,0.1,0.001,0.434
15028,45.68,8,1,8,0.1,0.001,0.3352
15029,-34.52,1,0,2,0.1,0.001,0.2394
15030,-33.16,2,0,3,0.1,0.001,0.2796
15031,49.71,10,1,10,0.1,0.001,0.4707
15032,49.85,10,1,10,0.1,0.001,0.4855
15033,53.34,12,1,12,0.1,0.001,0.5281
15034,50.01,10,1,10,0.1,0.001,0.5008
15035,48.5,10,1,10,0.1,0.001,0.3498
15036,-33.29,2,0,3,0.1,0.001,0.2376
15037,38.87,3,1,3,0.1,0.001,0.2899
15038,-34.53,1,0,2,0.1,0.001,0.2367
15039,-27.43,6,0,7,0.1,0.001,0.3669
15040,47.96,9,1,9,0.1,0.001,0.4396
15041,-34.47,1,0,2,0.1,0.001,0.2648
15042,-25.01,8,0,9,0.1,0.001,0.3319
15043,44.87,7,1,7,0.1,0.001,0.4099
15044,-30.24,4,0,5,0.1,0.001,0.3514
15045,37.44,2,1,2,0.1,0.001,0.2221
15046,44.53,7,1,7,0.1,0.001,0.362
15047,-30.35,4,0,5,0.1,0.001,0.3296
15048,-31.14,3,0,4,0.1,0.001,0.4651
15049,-28.21,5,0,6,0.1,0.001,0.4646
15050,40.12,4,1,4,0.1,0.001,0.2794
15051,41.11,4,1,4,0.1,0.001,0.5279
15052,-30.09,4,0,5,0.1,0.001,0.3819
15053,42.08,5,1,5,0.1,0.001,0.417
15054,44.99,7,1,7,0.1,0.001,0.4265
15055,45.94,8,1,8,0.1,0.001,0.3678
15056,40.2,4,1,4,0.1,0.001,0.3006
15057,-33.16,2,0,3,0.1,0.001,0.2806
15058,-34.53,1,0,2,0.1,0.001,0.2339
15059,44.15,7,1,7,0.1,0.001,0.3076
15060,45.21,7,1,7,0.1,0.001,0.4593
15061,50.9,11,1,11,0.1,0.001,0.4453
15062,38.97,3,1,3,0.1,0.001,0.3233
15063,-34.23,1,0,2,0.1,0.001,0.3859
15064,-25.73,7,0,8,0.1,0.001,0.4084
15065,-33.01,2,0,3,0.1,0.001,0.3306
15066,47.41,9,1,9,0.1,0.001,0.379
15067,42.41,6,1,6,0.1,0.001,0.2347
15068,-29.01,5,0,6,0.1,0.001,0.3313
15069,47.65,9,1,9,0.1,0.001,0.4053
15070,45.41,8,1,8,0.1,0.001,0.3012
15071,46.57,8,1,8,0.1,0.001,0.4462
15072,-29.92,4,0,5,0.1,0.001,0.4164
15073,-30.24,4,0,5,0.1,0.001,0.3521
15074,41.57,5,1,5,0.1,0.001,0.3131
15075,48.58,10,1,10,0.1,0.001,0.3577
15076,-33.17,2,0,3,0.1,0.001,0.2771
15077,-27.46,6,0,7,0.1,0.001,0.3627
15078,50.81,9,1,9,0.1,0.001,0.7566
15079,-34.54,1,0,2,0.1,0.001,0.2319
15080,36.13,1,1,1,0.1,0.001,0.1255
15081,44.86,7,1,7,0.1,0.001,0.4084
15082,44.08,7,1,7,0.1,0.001,0.2971
15083,46.69,9,1,9,0.1,0.001,0.2994
15084,47.07,9,1,9,0.1,0.001,0.3407
15085,46.75,7,1,7,0.1,0.001,0.6784
15086,-30.46,4,0,5,0.1,0.001,0.3072
15087,-30.04,4,0,5,0.1,0.001,0.3912
15088,37.51,2,1,2,0.1,0.001,0.2544
15089,37.64,2,1,2,0.1,0.001,0.3193
15090,-26.03,7,0,8,0.1,0.001,0.3706
15091,53.32,13,1,13,0.1,0.001,0.4089
15092,42.86,6,1,6,0.1,0.001,0.31
15093,-33.28,2,0,3,0.1,0.001,0.2384
15094,-12.13,15,0,16,0.1,0.001,0.5545
15095,-32.08,3,0,4,0.1,0.001,0.229
15096,-31.67,3,0,4,0.1,0.001,0.3334
15097,40.37,4,1,4,0.1,0.001,0.3431
15098,42.71,6,1,6,0.1,0.001,0.2853
15099,-33.15,2,0,3,0.1,0.001,0.2846
15100,47.25,9,1,9,0.1,0.001,0.3612
15101,-30.23,4,0,5,0.1,0.001,0.355
15102,44.06,7,1,7,0.1,0.001,0.2938
15103,-31.36,3,0,4,0.1,0.001,0.4097
15104,-34.5,1,0,2,0.1,0.001,0.2477
15105,54.98,13,1,13,0.1,0.001,0.5366
15106,-34.49,1,0,2,0.1,0.001,0.253
15107,42.97,6,1,6,0.1,0.001,0.3291
15108,-33.34,2,0,3,0.1,0.001,0.2212
15109,-33.04,2,0,3,0.1,0.001,0.3185
15110,48.36,9,1,9,0.1,0.001,0.484
15111,46.5,8,1,8,0.1,0.001,0.4378
15112,43.46,6,1,6,0.1,0.001,0.4099
15113,49.01,10,1,10,0.1,0.001,0.4014
15114,45.92,8,1,8,0.1,0.001,0.3653
15115,-24.28,8,0,9,0.1,0.001,0.4137
15116,-33.32,2,0,3,0.1,0.001,0.2251
15117,44.48,7,1,7,0.1,0.001,0.354
15118,52.14,11,1,11,0.1,0.001,0.5586
15119,46.27,8,1,8,0.1,0.001,0.4087
15120,46.16,8,1,8,0.1,0.001,0.3953
15121,-28.05,5,0,6,0.1,0.001,0.4913
15122,48.77,10,1,10,0.1,0.001,0.3775
15123,-32.36,2,0,3,0.1,0.001,0.5479
15124,-20.95,10,0,11,0.1,0.001,0.4595
15125,47.56,9,1,9,0.1,0.001,0.3957
15126,43.05,6,1,6,0.1,0.001,0.3424
15127,45.11,7,1,7,0.1,0.001,0.444
15128,38.94,3,1,3,0.1,0.001,0.3117
15129,-32.29,2,0,3,0.1,0.001,0.5715
15130,40.54,4,1,4,0.1,0.001,0.3861
15131,44.62,7,1,7,0.1,0.001,0.3743
15132,-33.18,2,0,3,0.1,0.001,0.274
15133,46.13,8,1,8,0.1,0.001,0.3907
15134,49.22,10,1,10,0.1,0.001,0.4225
15135,41.31,5,1,5,0.1,0.001,0.2623
15136,-34.63,1,0,2,0.1,0.001,0.1856
15137,48.94,9,1,9,0.1,0.001,0.5493
15138,48.65,10,1,10,0.1,0.001,0.3653
15139,-33.3,2,0,3,0.1,0.001,0.2347
15140,45.0,7,1,7,0.1,0.001,0.4291
15141,-26.33,7,0,8,0.1,0.001,0.3342
15142,45.81,8,1,8,0.1,0.001,0.3516
15143,-33.23,2,0,3,0.1,0.001,0.2571
15144,44.47,7,1,7,0.1,0.001,0.3528
15145,46.51,8,1,8,0.1,0.001,0.4394
15146,49.5,11,1,11,0.1,0.001,0.3182
15147,42.95,6,1,6,0.1,0.001,0.3257
15148,37.42,2,1,2,0.1,0.001,0.2112
15149,41.58,5,1,5,0.1,0.001,0.3162
15150,40.31,4,1,4,0.1,0.001,0.3269
15151,47.57,9,1,9,0.1,0.001,0.3962
15152,47.56,9,1,9,0.1,0.001,0.3952
15153,44.66,7,1,7,0.1,0.001,0.3802
15154,40.2,4,1,4,0.1,0.001,0.3002
15155,44.47,7,1,7,0.1,0.001,0.3523
15156,42.93,6,1,6,0.1,0.001,0.3209
15157,46.29,8,1,8,0.1,0.001,0.411
15158,-18.47,10,0,11,0.1,0.001,0.6842
15159,-34.49,1,0,2,0.1,0.001,0.2563
15160,50.0,9,1,9,0.1,0.001,0.6662
15161,44.95,7,1,7,0.1,0.001,0.421
15162,46.48,8,1,8,0.1,0.001,0.4347
15163,-30.64,4,0,5,0.1,0.001,0.2728
15164,37.39,2,1,2,0.1,0.001,0.1931
15165,48.54,9,1,9,0.1,0.001,0.5047
15166,47.18,9,1,9,0.1,0.001,0.3537
15167,53.65,13,1,13,0.1,0.001,0.435
15168,51.53,11,1,11,0.1,0.001,0.5031
15169,41.49,5,1,5,0.1,0.001,0.2989
15170,60.26,15,1,15,0.1,0.001,0.684
15171,54.24,12,1,12,0.1,0.001,0.6036
15172,52.09,11,1,11,0.1,0.001,0.5533
15173,-25.25,6,0,7,0.1,0.001,0.679
15174,-33.29,2,0,3,0.1,0.001,0.2372
15175,-30.23,4,0,5,0.1,0.001,0.3543
15176,44.41,7,1,7,0.1,0.001,0.3438
15177,53.16,12,1,12,0.1,0.001,0.5129
15178,39.04,3,1,3,0.1,0.001,0.3464
15179,49.87,11,1,11,0.1,0.001,0.3517
15180,48.93,10,1,10,0.1,0.001,0.3928
15181,47.53,9,1,9,0.1,0.001,0.3924
15182,44.67,7,1,7,0.1,0.001,0.3821
15183,40.63,4,1,4,0.1,0.001,0.4084
15184,47.1,8,1,8,0.1,0.001,0.5127
15185,-28.68,5,0,6,0.1,0.001,0.3865
15186,42.82,6,1,6,0.1,0.001,0.3038
15187,50.01,10,1,10,0.1,0.001,0.5008
15188,49.74,10,1,10,0.1,0.001,0.4742
15189,42.85,6,1,6,0.1,0.001,0.3084
15190,-34.68,1,0,2,0.1,0.001,0.1589
15191,-32.18,3,0,4,0.1,0.001,0.2043
15192,-27.81,5,0,6,0.1,0.001,0.5318
15193,-30.64,4,0,5,0.1,0.001,0.2721
15194,-32.02,3,0,4,0.1,0.001,0.244
15195,37.46,2,1,2,0.1,0.001,0.2283
15196,45.15,8,1,8,0.1,0.001,0.2689
15197,56.84,13,1,13,0.1,0.001,0.68
15198,45.68,8,1,8,0.1,0.001,0.3355
15199,43.4,6,1,6,0.1,0.001,0.4006
15200,51.28,11,1,11,0.1,0.001,0.4801
15201,45.31,8,1,8,0.1,0.001,0.2882
15202,43.02,6,1,6,0.1,0.001,0.3359
15203,-34.42,1,0,2,0.1,0.001,0.2903
15204,43.42,6,1,6,0.1,0.001,0.4025
15205,48.89,9,1,9,0.1,0.001,0.5434
15206,-30.14,4,0,5,0.1,0.001,0.3714
15207,-28.79,5,0,6,0.1,0.001,0.3685
15208,45.55,7,1,7,0.1,0.001,0.5071
15209,47.26,8,1,8,0.1,0.001,0.5319
15210,-16.7,12,0,13,0.1,0.001,0.5612
15211,-29.91,4,0,5,0.1,0.001,0.4176
15212,41.62,5,1,5,0.1,0.001,0.3249
15213,-33.07,2,0,3,0.1,0.001,0.31
15214,40.44,4,1,4,0.1,0.001,0.359
15215,47.66,9,1,9,0.1,0.001,0.4065
15216,-18.57,11,0,12,0.1,0.001,0.5359
15217,-34.57,1,0,2,0.1,0.001,0.2138
15218,-29.15,5,0,6,0.1,0.001,0.3088
15219,48.87,10,1,10,0.1,0.001,0.387
15220,45.87,8,1,8,0.1,0.001,0.3593
15221,49.51,10,1,10,0.1,0.001,0.4508
15222,-34.58,1,0,2,0.1,0.001,0.208
15223,49.26,10,1,10,0.1,0.001,0.426
15224,53.4,12,1,12,0.1,0.001,0.5334
15225,48.91,9,1,9,0.1,0.001,0.545
15226,46.37,8,1,8,0.1,0.001,0.4207
15227,53.4,12,1,12,0.1,0.001,0.5333
15228,41.55,5,1,5,0.1,0.001,0.3104
15229,-34.58,1,0,2,0.1,0.001,0.2082
15230,45.86,7,1,7,0.1,0.001,0.5516
15231,-32.76,2,0,3,0.1,0.001,0.4136
15232,40.48,4,1,4,0.1,0.001,0.369
15233,48.9,10,1,10,0.1,0.001,0.3903
15234,-34.46,1,0,2,0.1,0.001,0.2677
15235,42.0,5,1,5,0.1,0.001,0.4001
15236,46.2,8,1,8,0.1,0.001,0.4004
15237,52.68,11,1,11,0.1,0.001,0.6073
15238,42.76,6,1,6,0.1,0.001,0.293
15239,45.84,8,1,8,0.1,0.001,0.3544
15240,37.77,2,1,2,0.1,0.001,0.3858
15241,-33.25,2,0,3,0.1,0.001,0.2505
15242,50.35,11,1,11,0.1,0.001,0.3958
15243,-34.5,1,0,2,0.1,0.001,0.2503
15244,-33.19,2,0,3,0.1,0.001,0.2707
15245,52.34,13,1,13,0.1,0.001,0.334
15246,-31.54,3,0,4,0.1,0.001,0.3654
15247,46.29,8,1,8,0.1,0.001,0.4117
15248,41.73,5,1,5,0.1,0.001,0.3462
15249,49.84,10,1,10,0.1,0.001,0.4844
15250,-34.56,1,0,2,0.1,0.001,0.2201
15251,49.49,10,1,10,0.1,0.001,0.449
15252,45.95,8,1,8,0.1,0.001,0.3689
15253,43.36,6,1,6,0.1,0.001,0.3925
15254,42.82,6,1,6,0.1,0.001,0.3031
15255,-28.66,5,0,6,0.1,0.001,0.3892
15256,42.92,6,1,6,0.1,0.001,0.3194
15257,49.51,10,1,10,0.1,0.001,0.4511
15258,52.64,11,1,11,0.1,0.001,0.604
15259,-34.57,1,0,2,0.1,0.001,0.2149
15260,48.79,10,1,10,0.1,0.001,0.3795
15261,46.17,8,1,8,0.1,0.001,0.3966
15262,-34.58,1,0,2,0.1,0.001,0.2097
15263,46.05,8,1,8,0.1,0.001,0.3809
15264,41.55,5,1,5,0.1,0.001,0.3109
15265,-30.78,4,0,5,0.1,0.001,0.2438
15266,-34.35,1,0,2,0.1,0.001,0.3252
15267,-27.41,6,0,7,0.1,0.001,0.3701
15268,47.88,9,1,9,0.1,0.001,0.4308
15269,-34.59,1,0,2,0.1,0.001,0.2042
15270,43.04,6,1,6,0.1,0.001,0.3397
15271,43.65,6,1,6,0.1,0.001,0.4422
15272,-34.59,1,0,2,0.1,0.001,0.2039
15273,-29.84,4,0,5,0.1,0.001,0.4312
15274,41.46,5,1,5,0.1,0.001,0.2915
15275,-34.66,1,0,2,0.1,0.001,0.1697
15276,-28.72,5,0,6,0.1,0.001,0.3808
15277,-32.05,3,0,4,0.1,0.001,0.238
15278,-30.74,4,0,5,0.1,0.001,0.2514
15279,-34.5,1,0,2,0.1,0.001,0.2499
15280,40.29,4,1,4,0.1,0.001,0.3229
15281,46.39,8,1,8,0.1,0.001,0.4237
15282,41.18,4,1,4,0.1,0.001,0.5453
15283,44.9,7,1,7,0.1,0.001,0.4136
15284,42.66,6,1,6,0.1,0.001,0.2768
15285,42.76,6,1,6,0.1,0.001,0.2932
15286,50.82,11,1,11,0.1,0.001,0.4378
15287,44.83,7,1,7,0.1,0.001,0.4042
15288,-34.61,1,0,2,0.1,0.001,0.1961
15289,40.13,4,1,4,0.1,0.001,0.2825
15290,49.99,11,1,11,0.1,0.001,0.3623
15291,53.43,12,1,12,0.1,0.001,0.5355
15292,56.88,15,1,15,0.1,0.001,0.4584
15293,-30.4,4,0,5,0.1,0.001,0.3202
15294,42.96,6,1,6,0.1,0.001,0.3259
15295,47.9,9,1,9,0.1,0.001,0.4332
15296,37.46,2,1,2,0.1,0.001,0.2302
15297,51.62,12,1,12,0.1,0.001,0.3846
15298,41.6,5,1,5,0.1,0.001,0.3204
15299,-26.46,6,0,7,0.1,0.001,0.505
15300,-27.8,5,0,6,0.1,0.001,0.533
15301,44.1,7,1,7,0.1,0.001,0.3003
15302,38.83,3,1,3,0.1,0.001,0.2781
15303,55.33,14,1,14,0.1,0.001,0.4518
15304,43.09,6,1,6,0.1,0.001,0.3478
15305,42.59,6,1,6,0.1,0.001,0.2657
15306,-12.84,15,0,16,0.1,0.001,0.5102
15307,49.66,11,1,11,0.1,0.001,0.3329
15308,37.4,2,1,2,0.1,0.001,0.2012
15309,40.19,4,1,4,0.1,0.001,0.2987
15310,60.54,18,1,18,0.1,0.001,0.419
15311,38.8,3,1,3,0.1,0.001,0.2654
15312,48.3,10,1,10,0.1,0.001,0.3302
15313,-34.33,1,0,2,0.1,0.001,0.3351
15314,48.25,10,1,10,0.1,0.001,0.3247
15315,-34.46,1,0,2,0.1,0.001,0.2681
15316,47.06,9,1,9,0.1,0.001,0.3397
15317,37.44,2,1,2,0.1,0.001,0.2184
15318,-9.93,14,0,15,0.1,0.001,0.8044
15319,54.92,13,1,13,0.1,0.001,0.5323
15320,55.01,14,1,14,0.1,0.001,0.4294
15321,43.05,6,1,6,0.1,0.001,0.3412
15322,48.09,10,1,10,0.1,0.001,0.3086
15323,41.77,5,1,5,0.1,0.001,0.3546
15324,-23.57,8,0,9,0.1,0.001,0.4923
15325,41.42,5,1,5,0.1,0.001,0.2838
15326,51.26,12,1,12,0.1,0.001,0.3553
15327,-29.9,4,0,5,0.1,0.001,0.4191
15328,41.9,5,1,5,0.1,0.001,0.3806
15329,40.85,4,1,4,0.1,0.001,0.4617
15330,-29.24,4,0,5,0.1,0.001,0.5521
15331,57.34,13,1,13,0.1,0.001,0.7182
15332,44.71,7,1,7,0.1,0.001,0.3866
15333,46.16,8,1,8,0.1,0.001,0.3953
15334,54.78,14,1,14,0.1,0.001,0.413
15335,52.93,12,1,12,0.1,0.001,0.4943
15336,49.56,10,1,10,0.1,0.001,0.4563
15337,-33.38,2,0,3,0.1,0.001,0.208
15338,43.19,6,1,6,0.1,0.001,0.3649
15339,48.63,10,1,10,0.1,0.001,0.3632
15340,-33.38,2,0,3,0.1,0.001,0.2075
15341,56.49,14,1,14,0.1,0.001,0.5349
15342,38.75,3,1,3,0.1,0.001,0.2505
15343,-33.38,2,0,3,0.1,0.001,0.2068
15344,44.65,7,1,7,0.1,0.001,0.378
15345,-31.78,3,0,4,0.1,0.001,0.3045
15346,-25.44,7,0,8,0.1,0.001,0.4444
15347,38.9,3,1,3,0.1,0.001,0.3
15348,42.77,6,1,6,0.1,0.001,0.2954
15349,-34.49,1,0,2,0.1,0.001,0.2561
15350,-33.18,2,0,3,0.1,0.001,0.2729
15351,37.4,2,1,2,0.1,0.001,0.202
15352,40.45,4,1,4,0.1,0.001,0.3625
15353,-34.51,1,0,2,0.1,0.001,0.2452
15354,40.23,4,1,4,0.1,0.001,0.3068
15355,43.32,6,1,6,0.1,0.001,0.3868
15356,47.75,9,1,9,0.1,0.001,0.4162
15357,41.56,5,1,5,0.1,0.001,0.3111
15358,42.93,6,1,6,0.1,0.001,0.3216
15359,-22.62,9,0,10,0.1,0.001,0.4384
15360,-32.93,2,0,3,0.1,0.001,0.3562
15361,41.51,5,1,5,0.1,0.001,0.3021
15362,64.41,17,1,17,0.1,0.001,0.7299
15363,43.36,6,1,6,0.1,0.001,0.394
15364,50.37,11,1,11,0.1,0.001,0.3976
15365,40.13,4,1,4,0.1,0.001,0.2824
15366,44.45,7,1,7,0.1,0.001,0.3496
15367,40.55,4,1,4,0.1,0.001,0.3883
15368,-23.17,8,0,9,0.1,0.001,0.5361
15369,49.54,10,1,10,0.1,0.001,0.4541
15370,40.24,4,1,4,0.1,0.001,0.3088
15371,51.72,12,1,12,0.1,0.001,0.3936
15372,-30.2,4,0,5,0.1,0.001,0.3605
15373,49.47,10,1,10,0.1,0.001,0.4471
15374,50.42,10,1,10,0.1,0.001,0.5417
15375,43.04,6,1,6,0.1,0.001,0.3403
15376,47.41,9,1,9,0.1,0.001,0.3786
15377,45.46,8,1,8,0.1,0.001,0.3077
15378,-33.21,2,0,3,0.1,0.001,0.2647
15379,36.12,1,1,1,0.1,0.001,0.1243
15380,-28.79,5,0,6,0.1,0.001,0.3681
15381,58.59,16,1,16,0.1,0.001,0.4747
15382,45.1,7,1,7,0.1,0.001,0.4426
15383,-31.95,3,0,4,0.1,0.001,0.2621
15384,-31.9,3,0,4,0.1,0.001,0.2753
15385,41.7,5,1,5,0.1,0.001,0.3406
15386,43.69,6,1,6,0.1,0.001,0.4491
15387,49.01,10,1,10,0.1,0.001,0.4012
15388,45.68,8,1,8,0.1,0.001,0.3352
15389,41.61,5,1,5,0.1,0.001,0.3213
15390,-34.62,1,0,2,0.1,0.001,0.1904
15391,44.88,7,1,7,0.1,0.001,0.4117
15392,51.67,12,1,12,0.1,0.001,0.3891
15393,-31.82,3,0,4,0.1,0.001,0.2939
15394,44.06,7,1,7,0.1,0.001,0.2943
15395,47.55,9,1,9,0.1,0.001,0.3941
15396,41.64,5,1,5,0.1,0.001,0.3278
15397,47.08,9,1,9,0.1,0.001,0.3426
15398,43.83,6,1,6,0.1,0.001,0.4718
15399,40.34,4,1,4,0.1,0.001,0.3348
15400,48.9,9,1,9,0.1,0.001,0.5448
15401,-24.31,8,0,9,0.1,0.001,0.4103
15402,-30.29,4,0,5,0.1,0.001,0.3414
15403,-29.56,4,0,5,0.1,0.001,0.4879
15404,50.16,11,1,11,0.1,0.001,0.3779
15405,52.26,12,1,12,0.1,0.001,0.4382
15406,-33.34,2,0,3,0.1,0.001,0.2188
15407,44.86,7,1,7,0.1,0.001,0.4093
15408,38.94,3,1,3,0.1,0.001,0.3126
15409,44.08,7,1,7,0.1,0.001,0.2973
15410,-33.2,2,0,3,0.1,0.001,0.2652
15411,-23.21,8,0,9,0.1,0.001,0.5318
15412,38.7,3,1,3,0.1,0.001,0.2347
15413,42.99,6,1,6,0.1,0.001,0.3322
15414,-25.83,7,0,8,0.1,0.001,0.3957
15415,44.51,6,1,6,0.1,0.001,0.5854
15416,-32.92,2,0,3,0.1,0.001,0.3605
15417,46.36,8,1,8,0.1,0.001,0.4195
15418,-31.26,3,0,4,0.1,0.001,0.4355
15419,-28.2,5,0,6,0.1,0.001,0.4667
15420,-34.63,1,0,2,0.1,0.001,0.183
15421,40.15,4,1,4,0.1,0.001,0.2871
15422,-34.64,1,0,2,0.1,0.001,0.1812
15423,-29.71,4,0,5,0.1,0.001,0.4574
15424,41.35,5,1,5,0.1,0.001,0.2692
15425,-9.66,16,0,17,0.1,0.001,0.6084
15426,47.49,9,1,9,0.1,0.001,0.3878
15427,48.62,10,1,10,0.1,0.001,0.3621
15428,-32.61,2,0,3,0.1,0.001,0.4633
15429,50.92,11,1,11,0.1,0.001,0.4476
15430,-34.64,1,0,2,0.1,0.001,0.1796
15431,-27.28,6,0,7,0.1,0.001,0.3882
15432,-27.87,6,0,7,0.1,0.001,0.3042
15433,-31.72,3,0,4,0.1,0.001,0.3206
15434,43.12,6,1,6,0.1,0.001,0.3529
15435,-32.04,3,0,4,0.1,0.001,0.2409
15436,52.65,12,1,12,0.1,0.001,0.4708
15437,47.52,9,1,9,0.1,0.001,0.3906
15438,44.56,7,1,7,0.1,0.001,0.3659
15439,-31.96,3,0,4,0.1,0.001,0.2594
15440,-33.35,2,0,3,0.1,0.001,0.2153
15441,44.62,7,1,7,0.1,0.001,0.3744
15442,-32.66,2,0,3,0.1,0.001,0.4473
15443,49.57,10,1,10,0.1,0.001,0.4573
15444,47.31,9,1,9,0.1,0.001,0.3681
15445,47.5,9,1,9,0.1,0.001,0.3884
15446,47.23,9,1,9,0.1,0.001,0.3589
15447,39.1,3,1,3,0.1,0.001,0.3675
15448,-34.63,1,0,2,0.1,0.001,0.1834
15449,47.24,8,1,8,0.1,0.001,0.5302
15450,47.58,9,1,9,0.1,0.001,0.3977
15451,50.2,11,1,11,0.1,0.001,0.3823
15452,-26.7,6,0,7,0.1,0.001,0.4708
15453,44.1,7,1,7,0.1,0.001,0.3002
15454,40.29,4,1,4,0.1,0.001,0.3233
15455,48.07,9,1,9,0.1,0.001,0.4527
15456,42.75,5,1,5,0.1,0.001,0.5508
15457,53.86,12,1,12,0.1,0.001,0.5714
15458,-33.27,2,0,3,0.1,0.001,0.2428
15459,50.73,12,1,12,0.1,0.001,0.3112
15460,44.28,7,1,7,0.1,0.001,0.3263
15461,-27.34,6,0,7,0.1,0.001,0.3796
15462,43.69,6,1,6,0.1,0.001,0.4476
15463,44.44,7,1,7,0.1,0.001,0.3485
15464,45.41,8,1,8,0.1,0.001,0.3006
15465,40.15,4,1,4,0.1,0.001,0.2866
15466,-33.11,2,0,3,0.1,0.001,0.2952
15467,45.84,8,1,8,0.1,0.001,0.3548
15468,59.32,17,1,17,0.1,0.001,0.4307
15469,39.9,4,1,4,0.1,0.001,0.2247
15470,-33.14,2,0,3,0.1,0.001,0.288
15471,46.45,8,1,8,0.1,0.001,0.4313
15472,49.09,10,1,10,0.1,0.001,0.4094
15473,-31.99,3,0,4,0.1,0.001,0.2535
15474,38.69,3,1,3,0.1,0.001,0.2301
15475,-34.65,1,0,2,0.1,0.001,0.1774
15476,64.04,19,1,19,0.1,0.001,0.5283
15477,41.54,5,1,5,0.1,0.001,0.3081
15478,42.97,5,1,5,0.1,0.001,0.5939
15479,50.56,12,1,12,0.1,0.001,0.2967
15480,41.93,5,1,5,0.1,0.001,0.3856
15481,-34.54,1,0,2,0.1,0.001,0.2292
15482,-33.03,2,0,3,0.1,0.001,0.3232
15483,42.92,6,1,6,0.1,0.001,0.3198
15484,49.9,10,1,10,0.1,0.001,0.4902
15485,50.31,11,1,11,0.1,0.001,0.3914
15486,-34.65,1,0,2,0.1,0.001,0.1759
15487,40.25,4,1,4,0.1,0.001,0.3132
15488,42.91,6,1,6,0.1,0.001,0.318
15489,42.77,6,1,6,0.1,0.001,0.2951
15490,45.46,8,1,8,0.1,0.001,0.3078
15491,49.07,10,1,10,0.1,0.001,0.4072
15492,40.38,4,1,4,0.1,0.001,0.3458
15493,47.63,9,1,9,0.1,0.001,0.4028
15494,44.39,7,1,7,0.1,0.001,0.3414
15495,41.34,5,1,5,0.1,0.001,0.2676
15496,-27.9,6,0,7,0.1,0.001,0.3001
15497,-31.56,3,0,4,0.1,0.001,0.3609
15498,37.38,2,1,2,0.1,0.001,0.1894
15499,47.91,9,1,9,0.1,0.001,0.4348
15500,41.39,5,1,5,0.1,0.001,0.2779
15501,-32.62,2,0,3,0.1,0.001,0.4591
15502,41.38,5,1,5,0.1,0.001,0.2764
15503,38.82,3,1,3,0.1,0.001,0.2727
15504,45.62,8,1,8,0.1,0.001,0.3271
15505,43.67,6,1,6,0.1,0.001,0.4454
15506,-23.77,8,0,9,0.1,0.001,0.47
15507,42.93,6,1,6,0.1,0.001,0.3225
15508,44.22,7,1,7,0.1,0.001,0.3172
15509,-33.2,2,0,3,0.1,0.001,0.2665
15510,43.38,6,1,6,0.1,0.001,0.3971
15511,-22.28,9,0,10,0.1,0.001,0.4719
15512,51.74,12,1,12,0.1,0.001,0.3948
15513,41.47,5,1,5,0.1,0.001,0.2939
15514,41.13,5,1,5,0.1,0.001,0.227
15515,-31.76,3,0,4,0.1,0.001,0.3088
15516,-27.64,6,0,7,0.1,0.001,0.3377
15517,-32.64,2,0,3,0.1,0.001,0.4546
15518,-30.14,4,0,5,0.1,0.001,0.3719
15519,46.15,8,1,8,0.1,0.001,0.3936
15520,-34.5,1,0,2,0.1,0.001,0.2507
15521,46.21,8,1,8,0.1,0.001,0.4014
15522,45.71,8,1,8,0.1,0.001,0.3386
15523,46.34,8,1,8,0.1,0.001,0.4171
15524,41.63,5,1,5,0.1,0.001,0.3261
15525,-31.07,3,0,4,0.1,0.001,0.4813
15526,43.07,6,1,6,0.1,0.001,0.3448
15527,40.15,4,1,4,0.1,0.001,0.2881
15528,45.75,7,1,7,0.1,0.001,0.5354
15529,-34.63,1,0,2,0.1,0.001,0.1861
15530,44.72,7,1,7,0.1,0.001,0.3881
15531,36.11,1,1,1,0.1,0.001,0.11
15532,-34.66,1,0,2,0.1,0.001,0.1718
15533,41.64,5,1,5,0.1,0.001,0.3284
15534,-34.51,1,0,2,0.1,0.001,0.2463
15535,-34.45,1,0,2,0.1,0.001,0.2769
15536,36.11,1,1,1,0.1,0.001,0.1112
15537,-28.76,5,0,6,0.1,0.001,0.3732
15538,46.24,8,1,8,0.1,0.001,0.4048
15539,-34.66,1,0,2,0.1,0.001,0.1717
15540,-29.79,4,0,5,0.1,0.001,0.4411
15541,48.5,10,1,10,0.1,0.001,0.3496
15542,38.79,3,1,3,0.1,0.001,0.264
15543,57.23,14,1,14,0.1,0.001,0.5875
15544,46.55,8,1,8,0.1,0.001,0.4439
15545,46.77,8,1,8,0.1,0.001,0.4713
15546,47.0,9,1,9,0.1,0.001,0.3337
15547,38.68,3,1,3,0.1,0.001,0.2277
15548,45.31,7,1,7,0.1,0.001,0.4725
15549,-25.23,7,0,8,0.1,0.001,0.4719
15550,47.59,8,1,8,0.1,0.001,0.5739
15551,49.58,11,1,11,0.1,0.001,0.3251
15552,-31.96,3,0,4,0.1,0.001,0.2589
15553,38.86,3,1,3,0.1,0.001,0.2862
15554,45.91,8,1,8,0.1,0.001,0.3639
15555,44.62,6,1,6,0.1,0.001,0.6028
15556,43.17,6,1,6,0.1,0.001,0.3625
15557,40.35,4,1,4,0.1,0.001,0.3384
15558,41.54,5,1,5,0.1,0.001,0.3071
15559,43.87,7,1,7,0.1,0.001,0.2677
15560,44.28,7,1,7,0.1,0.001,0.3257
15561,45.36,8,1,8,0.1,0.001,0.2948
15562,43.92,7,1,7,0.1,0.001,0.2746
15563,41.25,5,1,5,0.1,0.001,0.2508
15564,44.89,7,1,7,0.1,0.001,0.4125
15565,-31.88,3,0,4,0.1,0.001,0.2812
15566,41.28,5,1,5,0.1,0.001,0.2554
15567,54.25,13,1,13,0.1,0.001,0.4811
15568,40.33,4,1,4,0.1,0.001,0.3319
15569,41.34,5,1,5,0.1,0.001,0.2674
15570,42.68,6,1,6,0.1,0.001,0.2807
15571,-22.69,8,0,9,0.1,0.001,0.5895
15572,-27.78,6,0,7,0.1,0.001,0.3165
15573,38.83,3,1,3,0.1,0.001,0.2782
15574,44.2,7,1,7,0.1,0.001,0.3139
15575,-31.72,3,0,4,0.1,0.001,0.3209
15576,41.93,5,1,5,0.1,0.001,0.3862
15577,45.51,8,1,8,0.1,0.001,0.3139
15578,49.6,10,1,10,0.1,0.001,0.4602
15579,45.27,7,1,7,0.1,0.001,0.4678
15580,37.6,2,1,2,0.1,0.001,0.3001
15581,-21.97,9,0,10,0.1,0.001,0.5033
15582,-30.18,3,0,4,0.1,0.001,0.704
15583,45.33,7,1,7,0.1,0.001,0.4753
15584,51.0,12,1,12,0.1,0.001,0.3332
15585,-30.17,4,0,5,0.1,0.001,0.3667
15586,49.7,10,1,10,0.1,0.001,0.4703
15587,44.7,7,1,7,0.1,0.001,0.3859
15588,49.59,10,1,10,0.1,0.001,0.4586
15589,64.39,19,1,19,0.1,0.001,0.5468
15590,50.77,11,1,11,0.1,0.001,0.4335
15591,43.12,6,1,6,0.1,0.001,0.3537
15592,39.08,3,1,3,0.1,0.001,0.3605
15593,45.9,8,1,8,0.1,0.001,0.3627
15594,42.66,6,1,6,0.1,0.001,0.2765
15595,47.21,9,1,9,0.1,0.001,0.3568
15596,37.36,2,1,2,0.1,0.001,0.1816
15597,40.17,4,1,4,0.1,0.001,0.2937
15598,52.27,12,1,12,0.1,0.001,0.4395
15599,-28.48,5,0,6,0.1,0.001,0.4204
15600,-17.54,12,0,13,0.1,0.001,0.4967
15601,47.51,9,1,9,0.1,0.001,0.3904
15602,44.41,7,1,7,0.1,0.001,0.3446
15603,44.46,7,1,7,0.1,0.001,0.3518
15604,53.91,12,1,12,0.1,0.001,0.5757
15605,-27.31,6,0,7,0.1,0.001,0.3838
15606,49.52,10,1,10,0.1,0.001,0.4523
15607,46.07,8,1,8,0.1,0.001,0.3838
15608,-31.96,3,0,4,0.1,0.001,0.2606
15609,44.28,7,1,7,0.1,0.001,0.3257
15610,-31.47,3,0,4,0.1,0.001,0.382
15611,-33.43,2,0,3,0.1,0.001,0.1896
15612,-32.95,2,0,3,0.1,0.001,0.3504
15613,41.41,5,1,5,0.1,0.001,0.2818
15614,-28.52,5,0,6,0.1,0.001,0.4136
15615,-34.31,1,0,2,0.1,0.001,0.3441
15616,51.08,12,1,12,0.1,0.001,0.3398
15617,40.33,4,1,4,0.1,0.001,0.3329
15618,41.49,5,1,5,0.1,0.001,0.2986
15619,52.88,12,1,12,0.1,0.001,0.4899
15620,43.68,6,1,6,0.1,0.001,0.4464
15621,43.29,6,1,6,0.1,0.001,0.3814
15622,42.93,6,1,6,0.1,0.001,0.3215
15623,41.57,5,1,5,0.1,0.001,0.3131
15624,38.95,3,1,3,0.1,0.001,0.3176
15625,-30.3,4,0,5,0.1,0.001,0.3391
15626,-32.06,3,0,4,0.1,0.001,0.2347
15627,46.49,8,1,8,0.1,0.001,0.4362
15628,41.93,5,1,5,0.1,0.001,0.3858
15629,46.87,9,1,9,0.1,0.001,0.3189
15630,45.02,7,1,7,0.1,0.001,0.432
15631,-24.23,8,0,9,0.1,0.001,0.4186
15632,41.53,5,1,5,0.1,0.001,0.3066
15633,47.48,9,1,9,0.1,0.001,0.3871
15634,46.28,8,1,8,0.1,0.001,0.4105
15635,-27.37,6,0,7,0.1,0.001,0.3762
15636,46.67,8,1,8,0.1,0.001,0.4591
15637,41.53,5,1,5,0.1,0.001,0.3052
15638,42.85,6,1,6,0.1,0.001,0.3081
15639,43.72,6,1,6,0.1,0.001,0.454
15640,47.91,9,1,9,0.1,0.001,0.4348
15641,40.06,4,1,4,0.1,0.001,0.2644
15642,-26.98,6,0,7,0.1,0.001,0.4312
15643,-33.4,2,0,3,0.1,0.001,0.1985
15644,41.65,5,1,5,0.1,0.001,0.3293
15645,44.84,7,1,7,0.1,0.001,0.4058
15646,41.85,5,1,5,0.1,0.001,0.37
15647,50.89,11,1,11,0.1,0.001,0.4444
15648,44.5,7,1,7,0.1,0.001,0.357
15649,-31.81,3,0,4,0.1,0.001,0.2973
15650,55.6,14,1,14,0.1,0.001,0.4713
15651,-34.64,1,0,2,0.1,0.001,0.1789
15652,40.41,4,1,4,0.1,0.001,0.3523
15653,45.07,7,1,7,0.1,0.001,0.4382
15654,44.53,7,1,7,0.1,0.001,0.361
15655,-34.67,1,0,2,0.1,0.001,0.1631
15656,47.31,9,1,9,0.1,0.001,0.368
15657,-30.17,4,0,5,0.1,0.001,0.3666
15658,43.04,6,1,6,0.1,0.001,0.3398
15659,44.56,7,1,7,0.1,0.001,0.3661
15660,45.37,8,1,8,0.1,0.001,0.2967
15661,-33.33,2,0,3,0.1,0.001,0.2242
15662,38.99,3,1,3,0.1,0.001,0.3295
15663,45.0,7,1,7,0.1,0.001,0.429
15664,-34.4,1,0,2,0.1,0.001,0.3009
15665,-32.67,2,0,3,0.1,0.001,0.4437
15666,-31.82,3,0,4,0.1,0.001,0.2942
15667,-23.73,9,0,10,0.1,0.001,0.3275
15668,48.4,9,1,9,0.1,0.001,0.4893
15669,38.97,3,1,3,0.1,0.001,0.3229
15670,54.26,12,1,12,0.1,0.001,0.605
15671,47.7,9,1,9,0.1,0.001,0.4113
15672,45.8,8,1,8,0.1,0.001,0.3506
15673,44.16,7,1,7,0.1,0.001,0.3086
15674,51.04,11,1,11,0.1,0.001,0.4583
15675,60.13,16,1,16,0.1,0.001,0.5704
15676,43.59,6,1,6,0.1,0.001,0.4317
15677,42.55,6,1,6,0.1,0.001,0.2591
15678,-34.58,1,0,2,0.1,0.001,0.2122
15679,45.67,8,1,8,0.1,0.001,0.3338
15680,53.44,13,1,13,0.1,0.001,0.4187
15681,54.79,13,1,13,0.1,0.001,0.5221
15682,-34.67,1,0,2,0.1,0.001,0.1627
15683,43.06,6,1,6,0.1,0.001,0.3438
15684,-33.36,2,0,3,0.1,0.001,0.2149
15685,-29.17,5,0,6,0.1,0.001,0.3052
15686,-34.68,1,0,2,0.1,0.001,0.161
15687,44.06,7,1,7,0.1,0.001,0.2936
15688,40.12,4,1,4,0.1,0.001,0.2791
15689,-20.6,9,0,10,0.1,0.001,0.6402
15690,41.64,5,1,5,0.1,0.001,0.3287
15691,44.19,7,1,7,0.1,0.001,0.3132
15692,-34.68,1,0,2,0.1,0.001,0.161
15693,-26.1,7,0,8,0.1,0.001,0.3625
15694,56.24,15,1,15,0.1,0.001,0.416
15695,51.18,11,1,11,0.1,0.001,0.4708
15696,42.76,6,1,6,0.1,0.001,0.2937
15697,52.27,11,1,11,0.1,0.001,0.5697
15698,48.03,9,1,9,0.1,0.001,0.4479
15699,44.73,7,1,7,0.1,0.001,0.3903
15700,47.92,9,1,9,0.1,0.001,0.4361
15701,-22.24,10,0,11,0.1,0.001,0.3416
15702,47.35,9,1,9,0.1,0.001,0.3717
15703,46.31,9,1,9,0.1,0.001,0.2571
15704,46.74,9,1,9,0.1,0.001,0.3047
15705,-32.95,2,0,3,0.1,0.001,0.3495
15706,-30.51,4,0,5,0.1,0.001,0.2988
15707,42.66,6,1,6,0.1,0.001,0.2759
15708,-28.77,5,0,6,0.1,0.001,0.3718
15709,48.64,9,1,9,0.1,0.001,0.5156
15710,40.16,4,1,4,0.1,0.001,0.2909
15711,38.91,3,1,3,0.1,0.001,0.3037
15712,41.84,5,1,5,0.1,0.001,0.3675
15713,-29.13,5,0,6,0.1,0.001,0.311
15714,-34.66,1,0,2,0.1,0.001,0.1719
15715,-26.25,7,0,8,0.1,0.001,0.3444
15716,45.56,8,1,8,0.1,0.001,0.3198
15717,48.07,10,1,10,0.1,0.001,0.3068
15718,44.85,7,1,7,0.1,0.001,0.4072
15719,-32.02,3,0,4,0.1,0.001,0.2453
15720,39.91,4,1,4,0.1,0.001,0.2277
15721,-28.89,5,0,6,0.1,0.001,0.3516
15722,44.43,7,1,7,0.1,0.001,0.3468
15723,48.15,9,1,9,0.1,0.001,0.4615
15724,-28.9,5,0,6,0.1,0.001,0.3508
15725,-31.44,3,0,4,0.1,0.001,0.3909
15726,54.1,13,1,13,0.1,0.001,0.4691
15727,-33.14,2,0,3,0.1,0.001,0.2867
15728,37.4,2,1,2,0.1,0.001,0.2023
15729,51.09,11,1,11,0.1,0.001,0.4627
15730,43.64,6,1,6,0.1,0.001,0.4399
15731,41.66,5,1,5,0.1,0.001,0.3325
15732,41.93,5,1,5,0.1,0.001,0.3856
15733,-30.17,4,0,5,0.1,0.001,0.3654
15734,-33.2,2,0,3,0.1,0.001,0.2656
15735,44.36,7,1,7,0.1,0.001,0.3364
15736,49.05,10,1,10,0.1,0.001,0.4047
15737,-34.45,1,0,2,0.1,0.001,0.2742
15738,40.52,4,1,4,0.1,0.001,0.3803
15739,47.03,9,1,9,0.1,0.001,0.3372
15740,-31.77,3,0,4,0.1,0.001,0.3083
15741,45.53,7,1,7,0.1,0.001,0.5047
15742,42.95,6,1,6,0.1,0.001,0.3248
15743,-34.65,1,0,2,0.1,0.001,0.1759
15744,43.29,6,1,6,0.1,0.001,0.3809
15745,48.65,10,1,10,0.1,0.001,0.3651
15746,47.41,9,1,9,0.1,0.001,0.3788
15747,-34.64,1,0,2,0.1,0.001,0.1782
15748,-30.35,4,0,5,0.1,0.001,0.3309
15749,51.53,12,1,12,0.1,0.001,0.3772
15750,37.59,2,1,2,0.1,0.001,0.2959
15751,40.72,4,1,4,0.1,0.001,0.429
15752,42.83,6,1,6,0.1,0.001,0.3049
15753,-34.56,1,0,2,0.1,0.001,0.221
15754,43.0,6,1,6,0.1,0.001,0.3335
15755,48.79,10,1,10,0.1,0.001,0.379
15756,49.55,10,1,10,0.1,0.001,0.4548
15757,42.98,6,1,6,0.1,0.001,0.3293
15758,66.54,21,1,21,0.1,0.001,0.5018
15759,-22.14,9,0,10,0.1,0.001,0.486
15760,-25.83,7,0,8,0.1,0.001,0.3957
15761,55.81,15,1,15,0.1,0.001,0.3871
15762,44.51,7,1,7,0.1,0.001,0.3586
15763,41.69,5,1,5,0.1,0.001,0.3378
15764,-22.67,9,0,10,0.1,0.001,0.4328
15765,-32.97,2,0,3,0.1,0.001,0.3443
15766,37.5,2,1,2,0.1,0.001,0.2519
15767,46.33,8,1,8,0.1,0.001,0.4165
15768,46.29,8,1,8,0.1,0.001,0.4111
15769,47.48,9,1,9,0.1,0.001,0.3863
15770,41.75,5,1,5,0.1,0.001,0.3504
15771,38.77,3,1,3,0.1,0.001,0.2558
15772,44.25,7,1,7,0.1,0.001,0.3215
15773,-28.02,6,0,7,0.1,0.001,0.2822
15774,-33.18,2,0,3,0.1,0.001,0.2737
15775,45.64,8,1,8,0.1,0.001,0.3306
15776,48.97,10,1,10,0.1,0.001,0.3968
15777,48.54,10,1,10,0.1,0.001,0.3542
15778,49.15,10,1,10,0.1,0.001,0.4151
15779,-34.56,1,0,2,0.1,0.001,0.2185
15780,41.51,5,1,5,0.1,0.001,0.3015
15781,49.6,10,1,10,0.1,0.001,0.4596
15782,-26.41,6,0,7,0.1,0.001,0.5129
15783,52.04,12,1,12,0.1,0.001,0.4201
15784,48.18,9,1,9,0.1,0.001,0.464
15785,-34.33,1,0,2,0.1,0.001,0.3354
15786,42.77,6,1,6,0.1,0.001,0.2944
15787,37.44,2,1,2,0.1,0.001,0.2191
15788,41.38,5,1,5,0.1,0.001,0.2769
15789,47.68,9,1,9,0.1,0.001,0.4089
15790,45.14,7,1,7,0.1,0.001,0.4489
15791,41.34,5,1,5,0.1,0.001,0.2685
15792,42.84,6,1,6,0.1,0.001,0.3065
15793,52.86,12,1,12,0.1,0.001,0.4883
15794,53.51,13,1,13,0.1,0.001,0.4241
15795,40.1,4,1,4,0.1,0.001,0.275
15796,44.64,7,1,7,0.1,0.001,0.3768
15797,-34.22,1,0,2,0.1,0.001,0.388
15798,44.61,7,1,7,0.1,0.001,0.3723
15799,43.8,6,1,6,0.1,0.001,0.4672
15800,-30.72,4,0,5,0.1,0.001,0.2557
15801,43.11,6,1,6,0.1,0.001,0.3514
15802,48.91,10,1,10,0.1,0.001,0.3909
15803,-34.69,1,0,2,0.1,0.001,0.1541
15804,-31.86,3,0,4,0.1,0.001,0.2845
15805,-26.41,6,0,7,0.1,0.001,0.5123
15806,44.12,7,1,7,0.1,0.001,0.3036
15807,50.61,11,1,11,0.1,0.001,0.4191
15808,41.36,5,1,5,0.1,0.001,0.2722
15809,-34.7,1,0,2,0.1,0.001,0.1494
15810,41.45,5,1,5,0.1,0.001,0.2892
15811,52.63,12,1,12,0.1,0.001,0.4691
15812,-31.76,3,0,4,0.1,0.001,0.309
15813,-27.03,6,0,7,0.1,0.001,0.4245
15814,40.12,4,1,4,0.1,0.001,0.2807
15815,46.08,8,1,8,0.1,0.001,0.3847
15816,39.0,3,1,3,0.1,0.001,0.3344
15817,-26.57,7,0,8,0.1,0.001,0.3035
15818,-32.68,2,0,3,0.1,0.001,0.4412
15819,37.56,2,1,2,0.1,0.001,0.2786
15820,-20.16,11,0,12,0.1,0.001,0.403
15821,47.22,9,1,9,0.1,0.001,0.3576
15822,46.72,8,1,8,0.1,0.001,0.4655
15823,47.22,9,1,9,0.1,0.001,0.3578
15824,42.87,6,1,6,0.1,0.001,0.3123
15825,45.5,8,1,8,0.1,0.001,0.3122
15826,38.89,3,1,3,0.1,0.001,0.2978
15827,-31.32,3,0,4,0.1,0.001,0.4191
15828,48.64,10,1,10,0.1,0.001,0.3638
15829,-31.8,3,0,4,0.1,0.001,0.3012
15830,44.25,7,1,7,0.1,0.001,0.322
15831,48.15,9,1,9,0.1,0.001,0.4616
15832,-27.77,6,0,7,0.1,0.001,0.3192
15833,36.12,1,1,1,0.1,0.001,0.1166
15834,57.94,16,1,16,0.1,0.001,0.4337
15835,41.53,5,1,5,0.1,0.001,0.3059
15836,-16.94,13,0,14,0.1,0.001,0.4326
15837,-32.78,2,0,3,0.1,0.001,0.405
15838,41.54,5,1,5,0.1,0.001,0.3084
15839,51.02,12,1,12,0.1,0.001,0.3354
15840,43.98,6,1,6,0.1,0.001,0.4966
15841,43.24,6,1,6,0.1,0.001,0.3728
15842,44.55,7,1,7,0.1,0.001,0.3643
15843,48.3,10,1,10,0.1,0.001,0.3299
15844,46.83,9,1,9,0.1,0.001,0.3148
15845,43.53,6,1,6,0.1,0.001,0.4219
15846,44.61,7,1,7,0.1,0.001,0.3729
15847,38.94,3,1,3,0.1,0.001,0.3118
15848,41.38,5,1,5,0.1,0.001,0.2758
15849,-23.47,8,0,9,0.1,0.001,0.5034
15850,43.39,6,1,6,0.1,0.001,0.3976
15851,-33.28,2,0,3,0.1,0.001,0.2415
15852,-28.56,5,0,6,0.1,0.001,0.406
15853,43.23,6,1,6,0.1,0.001,0.3712
15854,-23.55,9,0,10,0.1,0.001,0.345
15855,-33.24,2,0,3,0.1,0.001,0.2546
15856,44.21,7,1,7,0.1,0.001,0.3158
15857,-30.54,4,0,5,0.1,0.001,0.2911
15858,46.07,8,1,8,0.1,0.001,0.3843
15859,51.29,11,1,11,0.1,0.001,0.4813
15860,-30.17,4,0,5,0.1,0.001,0.3653
15861,-18.85,12,0,13,0.1,0.001,0.396
15862,49.72,11,1,11,0.1,0.001,0.3385
15863,55.42,14,1,14,0.1,0.001,0.4589
15864,40.35,4,1,4,0.1,0.001,0.3387
15865,43.79,7,1,7,0.1,0.001,0.2552
15866,-30.33,4,0,5,0.1,0.001,0.3341
15867,42.92,6,1,6,0.1,0.001,0.3208
15868,-19.98,11,0,12,0.1,0.001,0.4181
15869,44.08,7,1,7,0.1,0.001,0.297
15870,52.16,12,1,12,0.1,0.001,0.4304
15871,37.5,2,1,2,0.1,0.001,0.2504
15872,40.34,4,1,4,0.1,0.001,0.3358
15873,42.6,6,1,6,0.1,0.001,0.2663
15874,43.31,6,1,6,0.1,0.001,0.3855
15875,44.03,7,1,7,0.1,0.001,0.2895
15876,55.63,14,1,14,0.1,0.001,0.4733
15877,46.11,8,1,8,0.1,0.001,0.3885
15878,41.48,5,1,5,0.1,0.001,0.296
15879,45.7,8,1,8,0.1,0.001,0.3381
15880,-10.77,16,0,17,0.1,0.001,0.5431
15881,-29.21,5,0,6,0.1,0.001,0.2981
15882,47.41,9,1,9,0.1,0.001,0.379
15883,51.64,12,1,12,0.1,0.001,0.3863
15884,47.1,9,1,9,0.1,0.001,0.3443
15885,47.81,9,1,9,0.1,0.001,0.4229
15886,40.01,4,1,4,0.1,0.001,0.2528
15887,47.01,9,1,9,0.1,0.001,0.3346
15888,-26.89,6,0,7,0.1,0.001,0.4441
15889,43.97,7,1,7,0.1,0.001,0.2812
15890,43.2,6,1,6,0.1,0.001,0.3675
15891,37.41,2,1,2,0.1,0.001,0.205
15892,-28.1,5,0,6,0.1,0.001,0.4837
15893,45.64,8,1,8,0.1,0.001,0.3305
15894,47.78,9,1,9,0.1,0.001,0.4199
15895,41.4,5,1,5,0.1,0.001,0.2801
15896,-31.36,3,0,4,0.1,0.001,0.4103
15897,42.8,6,1,6,0.1,0.001,0.3005
15898,36.11,1,1,1,0.1,0.001,0.1066
15899,-33.28,2,0,3,0.1,0.001,0.24
15900,38.67,3,1,3,0.1,0.001,0.2223
15901,40.35,4,1,4,0.1,0.001,0.3373
15902,-29.02,5,0,6,0.1,0.001,0.3307
15903,40.25,4,1,4,0.1,0.001,0.3119
15904,-29.57,4,0,5,0.1,0.001,0.4861
15905,46.11,8,1,8,0.1,0.001,0.3882
15906,56.96,15,1,15,0.1,0.001,0.4642
15907,37.36,2,1,2,0.1,0.001,0.1822
15908,41.6,5,1,5,0.1,0.001,0.3202
15909,49.48,10,1,10,0.1,0.001,0.4478
15910,44.64,7,1,7,0.1,0.001,0.3767
15911,-21.45,9,0,10,0.1,0.001,0.5549
15912,40.14,4,1,4,0.1,0.001,0.2852
15913,47.55,9,1,9,0.1,0.001,0.394
15914,41.4,5,1,5,0.1,0.001,0.2806
15915,41.49,5,1,5,0.1,0.001,0.2975
15916,46.8,9,1,9,0.1,0.001,0.3107
15917,-29.9,4,0,5,0.1,0.001,0.4199
15918,47.48,9,1,9,0.1,0.001,0.387
15919,-33.14,2,0,3,0.1,0.001,0.2865
15920,39.03,3,1,3,0.1,0.001,0.3436
15921,-34.59,1,0,2,0.1,0.001,0.2073
15922,-27.56,6,0,7,0.1,0.001,0.3492
15923,-24.87,8,0,9,0.1,0.001,0.3477
15924,41.82,5,1,5,0.1,0.001,0.3634
15925,72.6,21,1,21,0.1,0.001,0.7907
15926,47.99,9,1,9,0.1,0.001,0.4436
15927,47.36,9,1,9,0.1,0.001,0.3728
15928,-34.62,1,0,2,0.1,0.001,0.1906
15929,43.91,7,1,7,0.1,0.001,0.2731
15930,48.59,10,1,10,0.1,0.001,0.3594
15931,44.53,7,1,7,0.1,0.001,0.3611
15932,44.85,7,1,7,0.1,0.001,0.4072
15933,-34.42,1,0,2,0.1,0.001,0.291
15934,44.64,7,1,7,0.1,0.001,0.3764
15935,43.06,6,1,6,0.1,0.001,0.3432
15936,45.8,7,1,7,0.1,0.001,0.5429
15937,44.94,7,1,7,0.1,0.001,0.4198
15938,49.34,11,1,11,0.1,0.001,0.304
15939,-31.47,3,0,4,0.1,0.001,0.3824
15940,42.66,6,1,6,0.1,0.001,0.2772
15941,50.27,11,1,11,0.1,0.001,0.3877
15942,41.42,5,1,5,0.1,0.001,0.2844
15943,45.74,8,1,8,0.1,0.001,0.3419
15944,44.44,7,1,7,0.1,0.001,0.3491
15945,40.15,4,1,4,0.1,0.001,0.2875
15946,42.76,6,1,6,0.1,0.001,0.2929
15947,50.0,10,1,10,0.1,0.001,0.4999
15948,48.78,10,1,10,0.1,0.001,0.3785
15949,45.76,8,1,8,0.1,0.001,0.3448
15950,44.72,7,1,7,0.1,0.001,0.3886
15951,49.67,11,1,11,0.1,0.001,0.3334
15952,-34.64,1,0,2,0.1,0.001,0.1814
15953,40.19,4,1,4,0.1,0.001,0.2969
15954,-22.63,9,0,10,0.1,0.001,0.4375
15955,45.61,8,1,8,0.1,0.001,0.326
15956,40.24,4,1,4,0.1,0.001,0.3098
15957,50.45,10,1,10,0.1,0.001,0.5452
15958,-27.75,6,0,7,0.1,0.001,0.3215
15959,-30.29,4,0,5,0.1,0.001,0.342
15960,50.38,11,1,11,0.1,0.001,0.398
15961,50.31,11,1,11,0.1,0.001,0.3915
15962,-23.31,8,0,9,0.1,0.001,0.521
15963,-26.09,6,0,7,0.1,0.001,0.5584
15964,47.57,9,1,9,0.1,0.001,0.3966
15965,42.01,5,1,5,0.1,0.001,0.4025
15966,47.39,9,1,9,0.1,0.001,0.3765
15967,39.94,4,1,4,0.1,0.001,0.2344
15968,45.1,7,1,7,0.1,0.001,0.4424
15969,46.78,9,1,9,0.1,0.001,0.3084
15970,55.46,14,1,14,0.1,0.001,0.4614
15971,-32.88,2,0,3,0.1,0.001,0.3721
15972,44.41,7,1,7,0.1,0.001,0.3445
15973,41.18,5,1,5,0.1,0.001,0.2355
15974,45.9,8,1,8,0.1,0.001,0.3629
15975,46.18,8,1,8,0.1,0.001,0.3976
15976,-28.85,5,0,6,0.1,0.001,0.3581
15977,46.35,8,1,8,0.1,0.001,0.4191
15978,48.75,9,1,9,0.1,0.001,0.5273
15979,43.19,6,1,6,0.1,0.001,0.3647
15980,47.06,8,1,8,0.1,0.001,0.507
15981,56.05,15,1,15,0.1,0.001,0.4031
15982,-30.69,4,0,5,0.1,0.001,0.2625
15983,55.66,14,1,14,0.1,0.001,0.4758
15984,-28.02,6,0,7,0.1,0.001,0.2826
15985,50.62,11,1,11,0.1,0.001,0.4203
15986,-25.69,7,0,8,0.1,0.001,0.4143
15987,-28.25,6,0,7,0.1,0.001,0.2502
15988,40.56,4,1,4,0.1,0.001,0.3896
15989,-14.86,14,0,15,0.1,0.001,0.4763
15990,41.81,5,1,5,0.1,0.001,0.3622
15991,-34.59,1,0,2,0.1,0.001,0.2052
15992,-26.31,7,0,8,0.1,0.001,0.3367
15993,45.44,7,1,7,0.1,0.001,0.4908
15994,48.61,10,1,10,0.1,0.001,0.3612
15995,-33.06,2,0,3,0.1,0.001,0.3148
15996,-27.88,6,0,7,0.1,0.001,0.3022
15997,-32.74,2,0,3,0.1,0.001,0.4212
15998,45.55,8,1,8,0.1,0.001,0.319
15999,42.98,6,1,6,0.1,0.001,0.3307
16000,54.47,13,1,13,0.1,0.001,0.498
16001,-24.97,8,0,9,0.1,0.001,0.3368
16002,49.97,11,1,11,0.1,0.001,0.361
16003,49.83,11,1,11,0.1,0.001,0.3478
16004,46.73,8,1,8,0.1,0.001,0.4668
16005,48.48,10,1,10,0.1,0.001,0.3482
16006,61.27,17,1,17,0.1,0.001,0.5455
16007,-23.43,9,0,10,0.1,0.001,0.3568
16008,51.4,12,1,12,0.1,0.001,0.3664
16009,48.11,10,1,10,0.1,0.001,0.3113
16010,44.9,7,1,7,0.1,0.001,0.4145
16011,52.7,12,1,12,0.1,0.001,0.4749
16012,44.46,7,1,7,0.1,0.001,0.3511
16013,53.06,13,1,13,0.1,0.001,0.3889
16014,46.02,8,1,8,0.1,0.001,0.3774
16015,-33.14,2,0,3,0.1,0.001,0.2872
16016,46.68,9,1,9,0.1,0.001,0.2974
16017,50.06,11,1,11,0.1,0.001,0.3694
16018,44.27,7,1,7,0.1,0.001,0.324
16019,43.75,7,1,7,0.1,0.001,0.2494
16020,49.61,11,1,11,0.1,0.001,0.3286
16021,36.12,1,1,1,0.1,0.001,0.1169
16022,-30.97,3,0,4,0.1,0.001,0.5086
16023,-32.91,2,0,3,0.1,0.001,0.363
16024,47.8,9,1,9,0.1,0.001,0.4223
16025,40.21,4,1,4,0.1,0.001,0.3034
16026,43.19,6,1,6,0.1,0.001,0.3655
16027,42.85,6,1,6,0.1,0.001,0.3087
16028,45.28,8,1,8,0.1,0.001,0.285
16029,47.48,9,1,9,0.1,0.001,0.3868
16030,45.71,8,1,8,0.1,0.001,0.3387
16031,48.36,10,1,10,0.1,0.001,0.3365
16032,-34.58,1,0,2,0.1,0.001,0.2077
16033,-34.61,1,0,2,0.1,0.001,0.1965
16034,53.44,12,1,12,0.1,0.001,0.5365
16035,-23.68,9,0,10,0.1,0.001,0.3324
16036,55.19,14,1,14,0.1,0.001,0.4419
16037,52.46,11,1,11,0.1,0.001,0.5872
16038,-34.57,1,0,2,0.1,0.001,0.2132
16039,46.54,8,1,8,0.1,0.001,0.4431
16040,40.01,4,1,4,0.1,0.001,0.252
16041,43.83,7,1,7,0.1,0.001,0.2616
16042,56.47,14,1,14,0.1,0.001,0.5338
16043,42.88,6,1,6,0.1,0.001,0.3137
16044,40.17,4,1,4,0.1,0.001,0.2926
16045,47.1,9,1,9,0.1,0.001,0.3441
16046,38.71,3,1,3,0.1,0.001,0.2352
16047,52.15,12,1,12,0.1,0.001,0.4288
16048,47.37,9,1,9,0.1,0.001,0.3745
16049,45.88,8,1,8,0.1,0.001,0.3606
16050,44.6,7,1,7,0.1,0.001,0.3718
16051,40.13,4,1,4,0.1,0.001,0.2828
16052,-28.94,5,0,6,0.1,0.001,0.3428
16053,46.79,9,1,9,0.1,0.001,0.3097
16054,-33.42,2,0,3,0.1,0.001,0.1922
16055,43.29,6,1,6,0.1,0.001,0.3809
16056,47.29,9,1,9,0.1,0.001,0.3661
16057,-31.47,3,0,4,0.1,0.001,0.3816
16058,42.91,6,1,6,0.1,0.001,0.3179
16059,43.2,6,1,6,0.1,0.001,0.3675
16060,43.44,6,1,6,0.1,0.001,0.4072
16061,-33.28,2,0,3,0.1,0.001,0.2399
16062,-27.8,6,0,7,0.1,0.001,0.3136
16063,48.94,10,1,10,0.1,0.001,0.394
16064,-34.67,1,0,2,0.1,0.001,0.1674
16065,51.2,12,1,12,0.1,0.001,0.3499
16066,46.07,8,1,8,0.1,0.001,0.3838
16067,-34.49,1,0,2,0.1,0.001,0.254
16068,-28.84,5,0,6,0.1,0.001,0.3593
16069,47.8,9,1,9,0.1,0.001,0.4225
16070,45.69,8,1,8,0.1,0.001,0.336
16071,42.67,6,1,6,0.1,0.001,0.2788
16072,41.65,5,1,5,0.1,0.001,0.3291
16073,47.19,9,1,9,0.1,0.001,0.354
16074,42.83,6,1,6,0.1,0.001,0.3043
16075,56.04,14,1,14,0.1,0.001,0.5031
16076,48.65,10,1,10,0.1,0.001,0.3652
16077,42.64,6,1,6,0.1,0.001,0.2738
16078,41.38,5,1,5,0.1,0.001,0.2753
16079,-30.42,4,0,5,0.1,0.001,0.3153
16080,47.41,9,1,9,0.1,0.001,0.3789
16081,-34.48,1,0,2,0.1,0.001,0.2579
16082,40.24,4,1,4,0.1,0.001,0.3107
16083,46.0,8,1,8,0.1,0.001,0.3756
16084,46.08,8,1,8,0.1,0.001,0.3856
16085,47.67,9,1,9,0.1,0.001,0.4078
16086,37.38,2,1,2,0.1,0.001,0.1897
16087,43.05,6,1,6,0.1,0.001,0.3413
16088,-34.61,1,0,2,0.1,0.001,0.1972
16089,36.11,1,1,1,0.1,0.001,0.1143
16090,51.76,10,1,10,0.1,0.001,0.6756
16091,51.46,12,1,12,0.1,0.001,0.3718
16092,-34.62,1,0,2,0.1,0.001,0.1894
16093,38.83,3,1,3,0.1,0.001,0.2761
16094,-33.22,2,0,3,0.1,0.001,0.2611
16095,-30.23,4,0,5,0.1,0.001,0.3539
16096,46.4,8,1,8,0.1,0.001,0.4253
16097,40.4,4,1,4,0.1,0.001,0.35
16098,50.36,11,1,11,0.1,0.001,0.3963
16099,45.74,8,1,8,0.1,0.001,0.3423
16100,-32.54,2,0,3,0.1,0.001,0.487
16101,-29.99,4,0,5,0.1,0.001,0.4012
16102,39.9,4,1,4,0.1,0.001,0.224
16103,42.95,6,1,6,0.1,0.001,0.3242
16104,41.75,5,1,5,0.1,0.001,0.3491
16105,50.49,11,1,11,0.1,0.001,0.4086
16106,47.28,8,1,8,0.1,0.001,0.5356
16107,-33.42,2,0,3,0.1,0.001,0.1948
16108,-34.69,1,0,2,0.1,0.001,0.1562
16109,-27.83,6,0,7,0.1,0.001,0.3105
16110,41.75,5,1,5,0.1,0.001,0.35
16111,51.82,11,1,11,0.1,0.001,0.5293
16112,-34.57,1,0,2,0.1,0.001,0.2164
16113,-30.17,4,0,5,0.1,0.001,0.366
16114,49.32,10,1,10,0.1,0.001,0.4318
16115,-27.35,6,0,7,0.1,0.001,0.3785
16116,-19.68,11,0,12,0.1,0.001,0.4433
16117,43.88,6,1,6,0.1,0.001,0.4797
16118,-33.08,2,0,3,0.1,0.001,0.308
16119,59.27,16,1,16,0.1,0.001,0.5168
16120,47.05,9,1,9,0.1,0.001,0.3389
16121,37.7,2,1,2,0.1,0.001,0.3485
16122,45.46,8,1,8,0.1,0.001,0.3081
16123,-31.82,3,0,4,0.1,0.001,0.2953
16124,44.71,7,1,7,0.1,0.001,0.387
16125,43.14,6,1,6,0.1,0.001,0.3563
16126,40.34,4,1,4,0.1,0.001,0.3338
16127,47.86,9,1,9,0.1,0.001,0.4288
16128,49.36,10,1,10,0.1,0.001,0.4357
16129,50.09,10,1,10,0.1,0.001,0.5092
16130,46.46,8,1,8,0.1,0.001,0.4328
16131,45.62,8,1,8,0.1,0.001,0.3276
16132,-31.26,3,0,4,0.1,0.001,0.4345
16133,-26.81,5,0,6,0.1,0.001,0.6979
16134,-24.64,7,0,8,0.1,0.001,0.5449
16135,-24.54,8,0,9,0.1,0.001,0.384
16136,54.64,13,1,13,0.1,0.001,0.5107
16137,-28.41,5,0,6,0.1,0.001,0.432
16138,46.16,8,1,8,0.1,0.001,0.3955
16139,46.39,8,1,8,0.1,0.001,0.4239
16140,42.75,6,1,6,0.1,0.001,0.291
16141,49.43,10,1,10,0.1,0.001,0.4429
16142,41.8,5,1,5,0.1,0.001,0.3608
16143,49.98,11,1,11,0.1,0.001,0.3622
16144,44.1,7,1,7,0.1,0.001,0.2993
16145,41.31,5,1,5,0.1,0.001,0.2623
16146,37.56,2,1,2,0.1,0.001,0.2824
16147,51.53,12,1,12,0.1,0.001,0.3779
16148,-34.7,1,0,2,0.1,0.001,0.1498
16149,45.24,8,1,8,0.1,0.001,0.2805
16150,46.06,8,1,8,0.1,0.001,0.3828
16151,46.46,8,1,8,0.1,0.001,0.4329
16152,42.8,6,1,6,0.1,0.001,0.3
16153,44.37,7,1,7,0.1,0.001,0.3386
16154,-34.46,1,0,2,0.1,0.001,0.268
16155,49.12,10,1,10,0.1,0.001,0.4123
16156,54.14,13,1,13,0.1,0.001,0.4721
16157,41.64,5,1,5,0.1,0.001,0.3272
16158,41.67,5,1,5,0.1,0.001,0.3332
16159,41.59,5,1,5,0.1,0.001,0.3188
16160,43.04,6,1,6,0.1,0.001,0.3403
16161,-30.42,4,0,5,0.1,0.001,0.3165
16162,44.33,7,1,7,0.1,0.001,0.3328
16163,42.55,5,1,5,0.1,0.001,0.5093
16164,49.26,10,1,10,0.1,0.001,0.4255
16165,49.49,10,1,10,0.1,0.001,0.4485
16166,46.62,8,1,8,0.1,0.001,0.452
16167,-34.68,1,0,2,0.1,0.001,0.1601
16168,39.93,4,1,4,0.1,0.001,0.2335
16169,40.15,4,1,4,0.1,0.001,0.2873
16170,43.83,6,1,6,0.1,0.001,0.4715
16171,45.56,7,1,7,0.1,0.001,0.5085
16172,38.75,3,1,3,0.1,0.001,0.2495
16173,-30.2,4,0,5,0.1,0.001,0.3597
16174,45.91,7,1,7,0.1,0.001,0.5584
16175,46.18,8,1,8,0.1,0.001,0.3973
16176,-31.6,3,0,4,0.1,0.001,0.3502
16177,43.41,6,1,6,0.1,0.001,0.4024
16178,44.42,7,1,7,0.1,0.001,0.3461
16179,-28.81,5,0,6,0.1,0.001,0.3649
16180,50.93,11,1,11,0.1,0.001,0.4484
16181,-34.61,1,0,2,0.1,0.001,0.1948
16182,-28.57,5,0,6,0.1,0.001,0.4048
16183,44.38,7,1,7,0.1,0.001,0.34
16184,42.65,6,1,6,0.1,0.001,0.2757
16185,45.8,8,1,8,0.1,0.001,0.3506
16186,44.79,7,1,7,0.1,0.001,0.3985
16187,61.16,18,1,18,0.1,0.001,0.4536
16188,45.17,7,1,7,0.1,0.001,0.4528
16189,43.06,6,1,6,0.1,0.001,0.3426
16190,48.02,9,1,9,0.1,0.001,0.447
16191,-25.8,7,0,8,0.1,0.001,0.3996
16192,37.41,2,1,2,0.1,0.001,0.203
16193,-32.84,2,0,3,0.1,0.001,0.3853
16194,-30.55,4,0,5,0.1,0.001,0.2904
16195,-33.17,2,0,3,0.1,0.001,0.2768
16196,58.25,14,1,14,0.1,0.001,0.661
16197,45.63,8,1,8,0.1,0.001,0.3285
16198,-31.91,3,0,4,0.1,0.001,0.2715
16199,37.79,2,1,2,0.1,0.001,0.3965
16200,50.96,11,1,11,0.1,0.001,0.4506
16201,57.94,15,1,15,0.1,0.001,0.5291
16202,43.54,6,1,6,0.1,0.001,0.4234
16203,41.97,5,1,5,0.1,0.001,0.3932
16204,-31.72,3,0,4,0.1,0.001,0.3199
16205,42.64,6,1,6,0.1,0.001,0.2738
16206,50.14,11,1,11,0.1,0.001,0.3764
16207,44.79,7,1,7,0.1,0.001,0.3988
16208,-34.35,1,0,2,0.1,0.001,0.324
16209,-32.73,2,0,3,0.1,0.001,0.4241
16210,44.54,7,1,7,0.1,0.001,0.3625
16211,48.73,10,1,10,0.1,0.001,0.3734
16212,49.35,10,1,10,0.1,0.001,0.4347
16213,-34.61,1,0,2,0.1,0.001,0.1967
16214,49.84,11,1,11,0.1,0.001,0.349
16215,42.87,6,1,6,0.1,0.001,0.3113
16216,43.22,6,1,6,0.1,0.001,0.3696
16217,40.06,4,1,4,0.1,0.001,0.2638
16218,-29.52,4,0,5,0.1,0.001,0.4966
16219,38.84,3,1,3,0.1,0.001,0.2793
16220,-34.61,1,0,2,0.1,0.001,0.1951
16221,41.95,5,1,5,0.1,0.001,0.3899
16222,-26.42,6,0,7,0.1,0.001,0.5118
16223,47.05,8,1,8,0.1,0.001,0.5061
16224,36.12,1,1,1,0.1,0.001,0.1151
16225,38.82,3,1,3,0.1,0.001,0.273
16226,-31.91,3,0,4,0.1,0.001,0.2718
16227,-33.27,2,0,3,0.1,0.001,0.2446
16228,48.73,10,1,10,0.1,0.001,0.373
16229,37.54,2,1,2,0.1,0.001,0.2688
16230,43.97,7,1,7,0.1,0.001,0.2808
16231,38.81,3,1,3,0.1,0.001,0.2715
16232,44.14,7,1,7,0.1,0.001,0.3055
16233,52.49,12,1,12,0.1,0.001,0.4576
16234,48.11,9,1,9,0.1,0.001,0.4565
16235,47.22,9,1,9,0.1,0.001,0.3575
16236,-28.41,5,0,6,0.1,0.001,0.4323
16237,40.18,4,1,4,0.1,0.001,0.2959
16238,-33.43,2,0,3,0.1,0.001,0.1894
16239,-21.56,10,0,11,0.1,0.001,0.4037
16240,52.93,13,1,13,0.1,0.001,0.3791
16241,46.72,8,1,8,0.1,0.001,0.4649
16242,-23.16,9,0,10,0.1,0.001,0.3842
16243,46.4,8,1,8,0.1,0.001,0.4253
16244,53.32,12,1,12,0.1,0.001,0.5267
16245,42.8,6,1,6,0.1,0.001,0.3001
16246,50.94,11,1,11,0.1,0.001,0.4494
16247,-26.53,6,0,7,0.1,0.001,0.4962
16248,51.0,12,1,12,0.1,0.001,0.3333
16249,43.13,6,1,6,0.1,0.001,0.3542
16250,-34.59,1,0,2,0.1,0.001,0.2071
16251,-33.34,2,0,3,0.1,0.001,0.2184
16252,45.04,7,1,7,0.1,0.001,0.4347
16253,46.72,8,1,8,0.1,0.001,0.465
16254,41.43,5,1,5,0.1,0.001,0.2864
16255,52.46,12,1,12,0.1,0.001,0.4551
16256,45.9,8,1,8,0.1,0.001,0.3629
16257,-34.62,1,0,2,0.1,0.001,0.1914
16258,-23.95,9,0,10,0.1,0.001,0.3051
16259,47.98,9,1,9,0.1,0.001,0.4418
16260,-24.72,7,0,8,0.1,0.001,0.5354
16261,-26.78,6,0,7,0.1,0.001,0.4598
16262,-32.11,3,0,4,0.1,0.001,0.2237
16263,-28.67,5,0,6,0.1,0.001,0.3876
16264,-29.09,4,0,5,0.1,0.001,0.5814
16265,-29.04,5,0,6,0.1,0.001,0.3267
16266,44.24,7,1,7,0.1,0.001,0.3203
16267,-31.65,3,0,4,0.1,0.001,0.3363
16268,-33.28,2,0,3,0.1,0.001,0.2393
16269,-25.79,7,0,8,0.1,0.001,0.4017
16270,42.39,5,1,5,0.1,0.001,0.479
16271,38.7,3,1,3,0.1,0.001,0.2337
16272,44.86,7,1,7,0.1,0.001,0.4079
16273,-34.62,1,0,2,0.1,0.001,0.1911
16274,46.87,9,1,9,0.1,0.001,0.3186
16275,-32.07,3,0,4,0.1,0.001,0.2332
16276,44.22,7,1,7,0.1,0.001,0.3166
16277,38.66,3,1,3,0.1,0.001,0.2203
16278,48.79,10,1,10,0.1,0.001,0.3791
16279,-33.12,2,0,3,0.1,0.001,0.295
16280,-30.38,4,0,5,0.1,0.001,0.3241
16281,41.45,5,1,5,0.1,0.001,0.2892
16282,44.32,7,1,7,0.1,0.001,0.3314
16283,44.65,7,1,7,0.1,0.001,0.3784
16284,52.41,12,1,12,0.1,0.001,0.4506
16285,47.5,9,1,9,0.1,0.001,0.3893
16286,-31.75,3,0,4,0.1,0.001,0.3137
16287,56.57,16,1,16,0.1,0.001,0.3483
16288,61.6,18,1,18,0.1,0.001,0.4777
16289,46.79,8,1,8,0.1,0.001,0.474
16290,44.78,7,1,7,0.1,0.001,0.3978
16291,37.63,2,1,2,0.1,0.001,0.3168
16292,38.82,3,1,3,0.1,0.001,0.2723
16293,-34.69,1,0,2,0.1,0.001,0.1548
16294,41.66,5,1,5,0.1,0.001,0.3321
16295,-33.26,2,0,3,0.1,0.001,0.2474
16296,54.38,14,1,14,0.1,0.001,0.3845
16297,-34.62,1,0,2,0.1,0.001,0.1898
16298,41.67,5,1,5,0.1,0.001,0.3331
16299,-30.67,4,0,5,0.1,0.001,0.267
16300,-30.73,4,0,5,0.1,0.001,0.2539
16301,41.79,5,1,5,0.1,0.001,0.3584
16302,44.28,7,1,7,0.1,0.001,0.3258
16303,-33.33,2,0,3,0.1,0.001,0.2225
16304,-24.82,7,0,8,0.1,0.001,0.5227
16305,-34.61,1,0,2,0.1,0.001,0.196
16306,50.56,11,1,11,0.1,0.001,0.4149
16307,-34.6,1,0,2,0.1,0.001,0.1979
16308,-33.08,2,0,3,0.1,0.001,0.307
16309,46.3,8,1,8,0.1,0.001,0.4121
16310,-33.23,2,0,3,0.1,0.001,0.2567
16311,47.36,9,1,9,0.1,0.001,0.3737
16312,42.96,6,1,6,0.1,0.001,0.326
16313,48.68,10,1,10,0.1,0.001,0.3676
16314,47.37,9,1,9,0.1,0.001,0.3743
16315,43.6,6,1,6,0.1,0.001,0.4337
16316,-34.6,1,0,2,0.1,0.001,0.1997
16317,-14.07,15,0,16,0.1,0.001,0.4332
16318,49.3,10,1,10,0.1,0.001,0.4302
16319,47.11,9,1,9,0.1,0.001,0.346
16320,44.91,7,1,7,0.1,0.001,0.4162
16321,41.43,5,1,5,0.1,0.001,0.2852
16322,44.47,7,1,7,0.1,0.001,0.353
16323,-19.13,11,0,12,0.1,0.001,0.4889
16324,47.83,9,1,9,0.1,0.001,0.4257
16325,-31.13,3,0,4,0.1,0.001,0.4663
16326,40.27,4,1,4,0.1,0.001,0.317
16327,42.02,5,1,5,0.1,0.001,0.4045
16328,41.74,5,1,5,0.1,0.001,0.3484
16329,-34.52,1,0,2,0.1,0.001,0.2419
16330,-30.58,4,0,5,0.1,0.001,0.2846
16331,51.48,11,1,11,0.1,0.001,0.498
16332,42.59,6,1,6,0.1,0.001,0.2646
16333,-25.66,7,0,8,0.1,0.001,0.4179
16334,-23.58,9,0,10,0.1,0.001,0.342
16335,53.63,13,1,13,0.1,0.001,0.4334
16336,-30.43,4,0,5,0.1,0.001,0.3141
16337,49.26,10,1,10,0.1,0.001,0.4257
16338,42.68,5,1,5,0.1,0.001,0.5352
16339,-22.55,9,0,10,0.1,0.001,0.4449
16340,-32.93,2,0,3,0.1,0.001,0.3555
16341,50.37,11,1,11,0.1,0.001,0.3974
16342,45.41,8,1,8,0.1,0.001,0.3008
16343,47.08,9,1,9,0.1,0.001,0.3419
16344,40.67,4,1,4,0.1,0.001,0.4172
16345,-15.66,11,0,12,0.1,0.001,0.778
16346,41.25,5,1,5,0.1,0.001,0.2494
16347,-34.64,1,0,2,0.1,0.001,0.1786
16348,-33.37,2,0,3,0.1,0.001,0.2105
16349,50.07,11,1,11,0.1,0.001,0.3702
16350,-31.59,3,0,4,0.1,0.001,0.3534
16351,-29.27,4,0,5,0.1,0.001,0.5451
16352,49.2,10,1,10,0.1,0.001,0.4204
16353,51.17,12,1,12,0.1,0.001,0.3478
16354,45.51,8,1,8,0.1,0.001,0.3135
16355,-22.1,9,0,10,0.1,0.001,0.4896
16356,56.92,15,1,15,0.1,0.001,0.4613
16357,42.99,6,1,6,0.1,0.001,0.3314
16358,38.69,3,1,3,0.1,0.001,0.2295
16359,-34.67,1,0,2,0.1,0.001,0.1634
16360,52.22,12,1,12,0.1,0.001,0.435
16361,41.38,5,1,5,0.1,0.001,0.2762
16362,54.43,14,1,14,0.1,0.001,0.3881
16363,42.45,6,1,6,0.1,0.001,0.2421
16364,46.54,8,1,8,0.1,0.001,0.4427
16365,36.11,1,1,1,0.1,0.001,0.1125
16366,44.24,7,1,7,0.1,0.001,0.3204
16367,41.82,5,1,5,0.1,0.001,0.3631
16368,-25.5,7,0,8,0.1,0.001,0.4369
16369,-30.73,4,0,5,0.1,0.001,0.2533
16370,41.45,5,1,5,0.1,0.001,0.2908
16371,46.91,9,1,9,0.1,0.001,0.3231
16372,41.5,5,1,5,0.1,0.001,0.2995
16373,45.98,8,1,8,0.1,0.001,0.3724
16374,36.11,1,1,1,0.1,0.001,0.1134
16375,49.03,10,1,10,0.1,0.001,0.4034
16376,49.47,10,1,10,0.1,0.001,0.447
16377,-22.36,9,0,10,0.1,0.001,0.4639
16378,50.94,11,1,11,0.1,0.001,0.4495
16379,42.24,5,1,5,0.1,0.001,0.4476
16380,-23.07,7,0,8,0.1,0.001,0.7411
16381,48.1,9,1,9,0.1,0.001,0.4559
16382,-28.78,5,0,6,0.1,0.001,0.3707
16383,-34.61,1,0,2,0.1,0.001,0.1944
16384,45.23,7,1,7,0.1,0.001,0.4608
16385,-33.03,2,0,3,0.1,0.001,0.324
16386,-25.23,7,0,8,0.1,0.001,0.4719
16387,47.34,9,1,9,0.1,0.001,0.3709
16388,49.48,10,1,10,0.1,0.001,0.4483
16389,46.69,8,1,8,0.1,0.001,0.4615
16390,-34.37,1,0,2,0.1,0.001,0.3126
16391,47.57,9,1,9,0.1,0.001,0.3968
16392,48.82,10,1,10,0.1,0.001,0.3821
16393,42.89,6,1,6,0.1,0.001,0.3155
16394,-32.92,2,0,3,0.1,0.001,0.3613
16395,43.67,6,1,6,0.1,0.001,0.4448
16396,43.29,6,1,6,0.1,0.001,0.3821
16397,-29.17,4,0,5,0.1,0.001,0.5666
16398,-31.48,3,0,4,0.1,0.001,0.3788
16399,-34.61,1,0,2,0.1,0.001,0.1938
16400,42.8,6,1,6,0.1,0.001,0.3004
16401,-27.81,6,0,7,0.1,0.001,0.3122
16402,40.68,4,1,4,0.1,0.001,0.4197
16403,57.52,14,1,14,0.1,0.001,0.6083
16404,51.95,12,1,12,0.1,0.001,0.4125
16405,44.26,7,1,7,0.1,0.001,0.3225
16406,36.11,1,1,1,0.1,0.001,0.1123
16407,38.7,3,1,3,0.1,0.001,0.233
16408,-34.61,1,0,2,0.1,0.001,0.1931
16409,48.06,10,1,10,0.1,0.001,0.3064
16410,-34.44,1,0,2,0.1,0.001,0.2821
16411,41.63,5,1,5,0.1,0.001,0.3262
16412,44.01,7,1,7,0.1,0.001,0.2873
16413,41.68,5,1,5,0.1,0.001,0.3356
16414,45.26,8,1,8,0.1,0.001,0.283
16415,42.87,6,1,6,0.1,0.001,0.3114
16416,42.91,6,1,6,0.1,0.001,0.3187
16417,-27.35,6,0,7,0.1,0.001,0.378
16418,45.98,8,1,8,0.1,0.001,0.3725
16419,49.53,11,1,11,0.1,0.001,0.3209
16420,43.09,6,1,6,0.1,0.001,0.3476
16421,-31.71,3,0,4,0.1,0.001,0.3229
16422,46.6,8,1,8,0.1,0.001,0.4504
16423,-34.61,1,0,2,0.1,0.001,0.1959
16424,47.8,9,1,9,0.1,0.001,0.4221
16425,-27.14,6,0,7,0.1,0.001,0.4086
16426,50.3,11,1,11,0.1,0.001,0.3909
16427,46.5,8,1,8,0.1,0.001,0.437
16428,45.91,8,1,8,0.1,0.001,0.3632
16429,-25.71,7,0,8,0.1,0.001,0.411
16430,43.03,6,1,6,0.1,0.001,0.3387
16431,-24.45,8,0,9,0.1,0.001,0.3941
16432,49.75,11,1,11,0.1,0.001,0.3408
16433,48.14,9,1,9,0.1,0.001,0.4596
16434,54.9,14,1,14,0.1,0.001,0.4214
16435,-33.14,2,0,3,0.1,0.001,0.2858
16436,44.56,7,1,7,0.1,0.001,0.3656
16437,43.25,6,1,6,0.1,0.001,0.3747
16438,41.88,5,1,5,0.1,0.001,0.3767
16439,47.13,7,1,7,0.1,0.001,0.7323
16440,37.48,2,1,2,0.1,0.001,0.2411
16441,48.04,9,1,9,0.1,0.001,0.4484
16442,44.11,7,1,7,0.1,0.001,0.3008
16443,48.77,10,1,10,0.1,0.001,0.3771
16444,45.44,8,1,8,0.1,0.001,0.3047
16445,38.72,3,1,3,0.1,0.001,0.2392
16446,41.46,5,1,5,0.1,0.001,0.2914
16447,46.98,9,1,9,0.1,0.001,0.3314
16448,-30.08,4,0,5,0.1,0.001,0.385
16449,-32.82,2,0,3,0.1,0.001,0.3932
16450,-34.55,1,0,2,0.1,0.001,0.2255
16451,-22.52,9,0,10,0.1,0.001,0.4477
16452,48.73,10,1,10,0.1,0.001,0.373
16453,44.49,7,1,7,0.1,0.001,0.356
16454,-31.99,3,0,4,0.1,0.001,0.2513
16455,-34.67,1,0,2,0.1,0.001,0.1667
16456,-33.22,2,0,3,0.1,0.001,0.2585
16457,63.13,19,1,19,0.1,0.001,0.4804
16458,37.51,2,1,2,0.1,0.001,0.2575
16459,48.77,10,1,10,0.1,0.001,0.3766
16460,42.58,6,1,6,0.1,0.001,0.2631
16461,56.69,13,1,13,0.1,0.001,0.6682
16462,-20.05,11,0,12,0.1,0.001,0.4125
16463,-30.04,4,0,5,0.1,0.001,0.3911
16464,40.16,4,1,4,0.1,0.001,0.2905
16465,50.48,11,1,11,0.1,0.001,0.4071
16466,-28.78,5,0,6,0.1,0.001,0.3706
16467,-27.52,6,0,7,0.1,0.001,0.3542
16468,46.1,8,1,8,0.1,0.001,0.3873
16469,51.37,11,1,11,0.1,0.001,0.4883
16470,45.28,7,1,7,0.1,0.001,0.4688
16471,40.49,4,1,4,0.1,0.001,0.3733
16472,52.49,13,1,13,0.1,0.001,0.3456
16473,-19.17,12,0,13,0.1,0.001,0.3714
16474,53.58,12,1,12,0.1,0.001,0.5484
16475,43.49,6,1,6,0.1,0.001,0.4147
16476,50.6,11,1,11,0.1,0.001,0.4184
16477,48.64,10,1,10,0.1,0.001,0.3643
16478,38.93,3,1,3,0.1,0.001,0.3097
16479,39.02,3,1,3,0.1,0.001,0.3385
16480,-22.98,9,0,10,0.1,0.001,0.4019
16481,-31.56,3,0,4,0.1,0.001,0.3598
16482,41.6,5,1,5,0.1,0.001,0.3196
16483,42.2,5,1,5,0.1,0.001,0.4405
16484,-28.83,5,0,6,0.1,0.001,0.3623
16485,50.49,11,1,11,0.1,0.001,0.4085
16486,45.02,7,1,7,0.1,0.001,0.4318
16487,40.38,4,1,4,0.1,0.001,0.3455
16488,49.84,11,1,11,0.1,0.001,0.3488
16489,38.87,3,1,3,0.1,0.001,0.2893
16490,51.0,11,1,11,0.1,0.001,0.4547
16491,46.12,8,1,8,0.1,0.001,0.3905
16492,58.81,15,1,15,0.1,0.001,0.5874
16493,-34.36,1,0,2,0.1,0.001,0.3222
16494,43.02,6,1,6,0.1,0.001,0.3359
16495,41.45,5,1,5,0.1,0.001,0.2902
16496,-29.36,5,0,6,0.1,0.001,0.2728
16497,50.45,11,1,11,0.1,0.001,0.4049
16498,-29.98,4,0,5,0.1,0.001,0.4041
16499,41.88,5,1,5,0.1,0.001,0.3751
16500,-27.56,6,0,7,0.1,0.001,0.3487
16501,-34.72,1,0,2,0.1,0.001,0.1391
16502,-34.65,1,0,2,0.1,0.001,0.1737
16503,41.46,5,1,5,0.1,0.001,0.2918
16504,44.21,7,1,7,0.1,0.001,0.3156
16505,-28.76,5,0,6,0.1,0.001,0.3741
16506,42.89,6,1,6,0.1,0.001,0.3149
16507,-27.34,6,0,7,0.1,0.001,0.3805
16508,43.15,6,1,6,0.1,0.001,0.358
16509,40.13,4,1,4,0.1,0.001,0.283
16510,-30.24,4,0,5,0.1,0.001,0.3528
16511,-34.7,1,0,2,0.1,0.001,0.1518
16512,44.4,7,1,7,0.1,0.001,0.3424
16513,43.01,6,1,6,0.1,0.001,0.3354
16514,-31.22,3,0,4,0.1,0.001,0.4442
16515,38.77,3,1,3,0.1,0.001,0.2566
16516,41.84,5,1,5,0.1,0.001,0.3689
16517,-33.42,2,0,3,0.1,0.001,0.1928
16518,-29.83,4,0,5,0.1,0.001,0.434
16519,44.72,7,1,7,0.1,0.001,0.3892
16520,56.58,15,1,15,0.1,0.001,0.4387
16521,47.55,9,1,9,0.1,0.001,0.3941
16522,-30.48,4,0,5,0.1,0.001,0.3037
16523,41.33,5,1,5,0.1,0.001,0.2663
16524,51.56,12,1,12,0.1,0.001,0.3802
16525,52.4,11,1,11,0.1,0.001,0.5821
16526,-27.25,6,0,7,0.1,0.001,0.3933
16527,46.4,8,1,8,0.1,0.001,0.4245
16528,-31.96,3,0,4,0.1,0.001,0.2611
16529,40.04,4,1,4,0.1,0.001,0.261
16530,44.01,7,1,7,0.1,0.001,0.2873
16531,-30.0,4,0,5,0.1,0.001,0.4
16532,44.4,7,1,7,0.1,0.001,0.3433
16533,46.07,8,1,8,0.1,0.001,0.3842
16534,-32.61,2,0,3,0.1,0.001,0.4638
16535,41.6,5,1,5,0.1,0.001,0.3201
16536,41.27,5,1,5,0.1,0.001,0.2535
16537,41.85,5,1,5,0.1,0.001,0.3702
16538,40.08,4,1,4,0.1,0.001,0.2709
16539,59.57,16,1,16,0.1,0.001,0.5353
16540,44.32,7,1,7,0.1,0.001,0.3314
16541,-31.7,3,0,4,0.1,0.001,0.3239
16542,45.66,8,1,8,0.1,0.001,0.3322
16543,45.5,8,1,8,0.1,0.001,0.312
16544,-28.63,5,0,6,0.1,0.001,0.3952
16545,55.6,13,1,13,0.1,0.001,0.5846
16546,-28.95,5,0,6,0.1,0.001,0.3423
16547,54.55,13,1,13,0.1,0.001,0.5038
16548,39.04,3,1,3,0.1,0.001,0.3476
16549,40.14,4,1,4,0.1,0.001,0.2849
16550,50.33,11,1,11,0.1,0.001,0.3937
16551,-33.31,2,0,3,0.1,0.001,0.2313
16552,44.26,7,1,7,0.1,0.001,0.323
16553,38.89,3,1,3,0.1,0.001,0.298
16554,48.36,10,1,10,0.1,0.001,0.3357
16555,44.35,7,1,7,0.1,0.001,0.3357
16556,44.46,7,1,7,0.1,0.001,0.3514
16557,40.23,4,1,4,0.1,0.001,0.3086
16558,50.52,11,1,11,0.1,0.001,0.4106
16559,-33.21,2,0,3,0.1,0.001,0.2627
16560,-34.6,1,0,2,0.1,0.001,0.2009
16561,50.04,11,1,11,0.1,0.001,0.3672
16562,-34.61,1,0,2,0.1,0.001,0.1968
16563,44.87,7,1,7,0.1,0.001,0.4096
16564,47.7,9,1,9,0.1,0.001,0.4116
16565,45.58,8,1,8,0.1,0.001,0.323
16566,-31.72,3,0,4,0.1,0.001,0.3199
16567,43.34,6,1,6,0.1,0.001,0.3901
16568,61.21,17,1,17,0.1,0.001,0.5416
16569,42.89,6,1,6,0.1,0.001,0.3145
16570,-19.85,12,0,13,0.1,0.001,0.3195
16571,45.37,7,1,7,0.1,0.001,0.4814
16572,-30.27,4,0,5,0.1,0.001,0.3457
16573,44.25,7,1,7,0.1,0.001,0.3207
16574,42.38,6,1,6,0.1,0.001,0.2307
16575,40.0,4,1,4,0.1,0.001,0.2508
16576,-34.62,1,0,2,0.1,0.001,0.1911
16577,44.86,8,1,8,0.1,0.001,0.2323
16578,40.23,4,1,4,0.1,0.001,0.3087
16579,-28.91,5,0,6,0.1,0.001,0.348
16580,40.05,4,1,4,0.1,0.001,0.2617
16581,42.91,6,1,6,0.1,0.001,0.319
16582,-31.31,3,0,4,0.1,0.001,0.4224
16583,44.48,7,1,7,0.1,0.001,0.3544
16584,-27.92,6,0,7,0.1,0.001,0.2974
16585,46.63,8,1,8,0.1,0.001,0.4542
16586,42.28,6,1,6,0.1,0.001,0.2126
16587,55.69,15,1,15,0.1,0.001,0.379
16588,-21.61,10,0,11,0.1,0.001,0.3989
16589,47.41,9,1,9,0.1,0.001,0.3792
16590,41.51,5,1,5,0.1,0.001,0.3024
16591,42.59,6,1,6,0.1,0.001,0.2652
16592,-34.64,1,0,2,0.1,0.001,0.1782
16593,46.03,8,1,8,0.1,0.001,0.3787
16594,36.11,1,1,1,0.1,0.001,0.1119
16595,43.19,6,1,6,0.1,0.001,0.3643
16596,-31.93,3,0,4,0.1,0.001,0.2668
16597,-26.32,7,0,8,0.1,0.001,0.3351
16598,50.38,11,1,11,0.1,0.001,0.3978
16599,41.79,5,1,5,0.1,0.001,0.3573
16600,45.64,8,1,8,0.1,0.001,0.33
16601,41.49,5,1,5,0.1,0.001,0.2989
16602,40.15,4,1,4,0.1,0.001,0.2864
16603,45.61,8,1,8,0.1,0.001,0.3269
16604,55.52,14,1,14,0.1,0.001,0.4657
16605,-33.12,2,0,3,0.1,0.001,0.295
16606,45.42,8,1,8,0.1,0.001,0.3029
16607,46.71,9,1,9,0.1,0.001,0.3012
16608,40.23,4,1,4,0.1,0.001,0.3072
16609,-24.32,8,0,9,0.1,0.001,0.4092
16610,-34.64,1,0,2,0.1,0.001,0.1796
16611,43.23,6,1,6,0.1,0.001,0.3721
16612,47.96,9,1,9,0.1,0.001,0.4395
16613,50.86,11,1,11,0.1,0.001,0.4415
16614,44.34,7,1,7,0.1,0.001,0.3348
16615,37.34,2,1,2,0.1,0.001,0.1723
16616,53.96,13,1,13,0.1,0.001,0.4582
16617,48.57,10,1,10,0.1,0.001,0.3569
16618,41.52,5,1,5,0.1,0.001,0.3031
16619,40.66,4,1,4,0.1,0.001,0.4147
16620,64.39,19,1,19,0.1,0.001,0.5466
16621,52.74,12,1,12,0.1,0.001,0.478
16622,47.25,9,1,9,0.1,0.001,0.3616
16623,49.91,10,1,10,0.1,0.001,0.4912
16624,44.11,7,1,7,0.1,0.001,0.3018
16625,54.28,13,1,13,0.1,0.001,0.4831
16626,49.75,10,1,10,0.1,0.001,0.4751
16627,40.27,4,1,4,0.1,0.001,0.317
16628,-31.96,3,0,4,0.1,0.001,0.261
16629,41.65,5,1,5,0.1,0.001,0.3301
16630,-24.18,8,0,9,0.1,0.001,0.4243
16631,41.81,5,1,5,0.1,0.001,0.3627
16632,-23.89,8,0,9,0.1,0.001,0.4568
16633,46.83,9,1,9,0.1,0.001,0.3146
16634,47.67,8,1,8,0.1,0.001,0.5836
16635,-34.69,1,0,2,0.1,0.001,0.1552
16636,46.27,9,1,9,0.1,0.001,0.2527
16637,42.58,6,1,6,0.1,0.001,0.264
16638,-29.72,4,0,5,0.1,0.001,0.4553
16639,-34.6,1,0,2,0.1,0.001,0.1989
16640,48.17,9,1,9,0.1,0.001,0.4635
16641,41.64,5,1,5,0.1,0.001,0.3289
16642,42.97,6,1,6,0.1,0.001,0.3286
16643,43.44,6,1,6,0.1,0.001,0.4068
16644,50.96,12,1,12,0.1,0.001,0.3302
16645,-19.48,11,0,12,0.1,0.001,0.4599
16646,42.57,6,1,6,0.1,0.001,0.2623
16647,40.02,4,1,4,0.1,0.001,0.2545
16648,48.96,10,1,10,0.1,0.001,0.3962
16649,44.85,7,1,7,0.1,0.001,0.4069
16650,61.1,17,1,17,0.1,0.001,0.5351
16651,38.56,3,1,3,0.1,0.001,0.1879
16652,56.38,15,1,15,0.1,0.001,0.4253
16653,43.4,6,1,6,0.1,0.001,0.4002
16654,44.59,7,1,7,0.1,0.001,0.37
16655,45.88,7,1,7,0.1,0.001,0.5546
16656,-30.55,4,0,5,0.1,0.001,0.2901
16657,41.56,5,1,5,0.1,0.001,0.3117
16658,41.56,5,1,5,0.1,0.001,0.3111
16659,42.79,6,1,6,0.1,0.001,0.2976
16660,-30.16,4,0,5,0.1,0.001,0.3677
16661,43.45,6,1,6,0.1,0.001,0.4075
16662,-30.0,4,0,5,0.1,0.001,0.4
16663,40.22,4,1,4,0.1,0.001,0.304
16664,46.9,9,1,9,0.1,0.001,0.3219
16665,41.98,5,1,5,0.1,0.001,0.3962
16666,45.89,8,1,8,0.1,0.001,0.3615
16667,-34.4,1,0,2,0.1,0.001,0.2996
16668,43.44,6,1,6,0.1,0.001,0.4073
16669,40.07,4,1,4,0.1,0.001,0.2675
16670,49.07,10,1,10,0.1,0.001,0.4074
16671,40.2,4,1,4,0.1,0.001,0.2993
16672,46.79,9,1,9,0.1,0.001,0.3102
16673,43.08,6,1,6,0.1,0.001,0.3468
16674,53.04,13,1,13,0.1,0.001,0.3879
16675,-27.2,6,0,7,0.1,0.001,0.3999
16676,45.53,8,1,8,0.1,0.001,0.3168
16677,45.7,8,1,8,0.1,0.001,0.3374
16678,47.69,9,1,9,0.1,0.001,0.41
16679,-34.7,1,0,2,0.1,0.001,0.1493
16680,47.41,9,1,9,0.1,0.001,0.3794
16681,41.27,5,1,5,0.1,0.001,0.2547
16682,43.92,7,1,7,0.1,0.001,0.2738
16683,39.19,3,1,3,0.1,0.001,0.3972
16684,37.6,2,1,2,0.1,0.001,0.2975
16685,43.46,6,1,6,0.1,0.001,0.4095
16686,52.09,12,1,12,0.1,0.001,0.4244
16687,50.4,11,1,11,0.1,0.001,0.3997
16688,49.6,11,1,11,0.1,0.001,0.3272
16689,40.01,4,1,4,0.1,0.001,0.2522
16690,-27.47,6,0,7,0.1,0.001,0.3608
16691,-20.15,10,0,11,0.1,0.001,0.5314
16692,46.05,8,1,8,0.1,0.001,0.3817
16693,-32.85,2,0,3,0.1,0.001,0.3841
16694,-34.58,1,0,2,0.1,0.001,0.2107
16695,-26.71,6,0,7,0.1,0.001,0.47
16696,42.91,6,1,6,0.1,0.001,0.3183
16697,-33.88,1,0,2,0.1,0.001,0.5616
16698,-24.02,9,0,10,0.1,0.001,0.2982
16699,43.1,6,1,6,0.1,0.001,0.3498
16700,38.81,3,1,3,0.1,0.001,0.2706
16701,-21.15,10,0,11,0.1,0.001,0.4409
16702,41.52,5,1,5,0.1,0.001,0.3031
16703,42.67,6,1,6,0.1,0.001,0.2783
16704,49.49,11,1,11,0.1,0.001,0.3175
16705,46.0,8,1,8,0.1,0.001,0.3755
16706,44.41,7,1,7,0.1,0.001,0.3448
16707,45.13,8,1,8,0.1,0.001,0.2668
16708,42.88,6,1,6,0.1,0.001,0.3133
16709,48.04,9,1,9,0.1,0.001,0.4491
16710,51.3,11,1,11,0.1,0.001,0.4817
16711,42.53,6,1,6,0.1,0.001,0.2554
16712,54.03,13,1,13,0.1,0.001,0.4639
16713,-34.7,1,0,2,0.1,0.001,0.1488
16714,43.08,6,1,6,0.1,0.001,0.3468
16715,46.79,8,1,8,0.1,0.001,0.4737
16716,-28.13,6,0,7,0.1,0.001,0.2675
16717,45.83,8,1,8,0.1,0.001,0.3534
16718,37.53,2,1,2,0.1,0.001,0.2668
16719,43.19,6,1,6,0.1,0.001,0.3645
16720,48.11,9,1,9,0.1,0.001,0.4571
16721,57.03,15,1,15,0.1,0.001,0.4685
16722,46.88,9,1,9,0.1,0.001,0.32
16723,40.2,4,1,4,0.1,0.001,0.3
16724,-31.94,3,0,4,0.1,0.001,0.2641
16725,47.51,9,1,9,0.1,0.001,0.3904
16726,60.85,18,1,18,0.1,0.001,0.436
16727,42.9,6,1,6,0.1,0.001,0.3171
16728,40.2,4,1,4,0.1,0.001,0.2992
16729,-33.0,2,0,3,0.1,0.001,0.3343
16730,44.12,7,1,7,0.1,0.001,0.3023
16731,48.15,10,1,10,0.1,0.001,0.3146
16732,-25.76,7,0,8,0.1,0.001,0.4049
16733,-31.97,3,0,4,0.1,0.001,0.2587
16734,-20.29,10,0,11,0.1,0.001,0.519
16735,46.65,9,1,9,0.1,0.001,0.2941
16736,48.97,10,1,10,0.1,0.001,0.3967
16737,44.14,7,1,7,0.1,0.001,0.3052
16738,-31.67,3,0,4,0.1,0.001,0.3331
16739,40.31,4,1,4,0.1,0.001,0.328
16740,-34.54,1,0,2,0.1,0.001,0.2308
16741,44.37,7,1,7,0.1,0.001,0.339
16742,44.55,7,1,7,0.1,0.001,0.364
16743,-22.83,9,0,10,0.1,0.001,0.4169
16744,54.95,14,1,14,0.1,0.001,0.4248
16745,43.74,7,1,7,0.1,0.001,0.2491
16746,40.41,4,1,4,0.1,0.001,0.3521
16747,38.75,3,1,3,0.1,0.001,0.2513
16748,46.51,8,1,8,0.1,0.001,0.4383
16749,46.55,9,1,9,0.1,0.001,0.2831
16750,40.23,4,1,4,0.1,0.001,0.3079
16751,48.49,10,1,10,0.1,0.001,0.3486
16752,41.47,5,1,5,0.1,0.001,0.2941
16753,38.77,3,1,3,0.1,0.001,0.2572
16754,-33.04,2,0,3,0.1,0.001,0.3203
16755,48.13,10,1,10,0.1,0.001,0.3134
16756,-32.36,2,0,3,0.1,0.001,0.5464
16757,52.32,12,1,12,0.1,0.001,0.4431
16758,58.54,16,1,16,0.1,0.001,0.4712
16759,42.9,6,1,6,0.1,0.001,0.3169
16760,36.11,1,1,1,0.1,0.001,0.1109
16761,-30.23,4,0,5,0.1,0.001,0.3536
16762,-34.53,1,0,2,0.1,0.001,0.2351
16763,47.07,9,1,9,0.1,0.001,0.3412
16764,41.65,5,1,5,0.1,0.001,0.3298
16765,-31.97,3,0,4,0.1,0.001,0.2579
16766,47.87,9,1,9,0.1,0.001,0.4305
16767,-34.52,1,0,2,0.1,0.001,0.2398
16768,48.12,10,1,10,0.1,0.001,0.3116
16769,49.83,11,1,11,0.1,0.001,0.348
16770,40.17,4,1,4,0.1,0.001,0.2925
16771,46.23,8,1,8,0.1,0.001,0.4042
16772,39.98,4,1,4,0.1,0.001,0.2461
16773,46.37,8,1,8,0.1,0.001,0.4209
16774,42.97,6,1,6,0.1,0.001,0.3284
16775,49.37,10,1,10,0.1,0.001,0.4373
16776,-23.33,9,0,10,0.1,0.001,0.3666
16777,41.44,5,1,5,0.1,0.001,0.2876
16778,50.53,11,1,11,0.1,0.001,0.4114
16779,-14.13,14,0,15,0.1,0.001,0.5247
16780,45.09,8,1,8,0.1,0.001,0.2615
16781,41.51,5,1,5,0.1,0.001,0.3026
16782,47.05,9,1,9,0.1,0.001,0.3392
16783,42.74,6,1,6,0.1,0.001,0.2905
16784,46.07,8,1,8,0.1,0.001,0.3832
16785,41.87,5,1,5,0.1,0.001,0.3741
16786,38.88,3,1,3,0.1,0.001,0.2931
16787,-30.1,4,0,5,0.1,0.001,0.3805
16788,44.24,7,1,7,0.1,0.001,0.3203
16789,42.24,5,1,5,0.1,0.001,0.4483
16790,48.9,10,1,10,0.1,0.001,0.3895
16791,-34.68,1,0,2,0.1,0.001,0.162
16792,44.18,7,1,7,0.1,0.001,0.3116
16793,42.52,6,1,6,0.1,0.001,0.2535
16794,43.06,6,1,6,0.1,0.001,0.3433
16795,41.32,5,1,5,0.1,0.001,0.2637
16796,-34.57,1,0,2,0.1,0.001,0.2137
16797,-34.35,1,0,2,0.1,0.001,0.3244
16798,50.19,11,1,11,0.1,0.001,0.3813
16799,-34.58,1,0,2,0.1,0.001,0.2083
16800,42.0,5,1,5,0.1,0.001,0.4009
16801,51.21,11,1,11,0.1,0.001,0.4735
16802,37.42,2,1,2,0.1,0.001,0.2085
16803,43.65,7,1,7,0.1,0.001,0.2356
16804,-34.58,1,0,2,0.1,0.001,0.208
16805,47.67,9,1,9,0.1,0.001,0.4073
16806,38.86,3,1,3,0.1,0.001,0.2878
16807,44.57,7,1,7,0.1,0.001,0.3666
16808,42.88,6,1,6,0.1,0.001,0.3136
16809,37.42,2,1,2,0.1,0.001,0.2115
16810,39.97,4,1,4,0.1,0.001,0.2431
16811,-28.94,5,0,6,0.1,0.001,0.3436
16812,-24.12,7,0,8,0.1,0.001,0.6096
16813,50.92,11,1,11,0.1,0.001,0.447
16814,-27.94,6,0,7,0.1,0.001,0.2944
16815,38.67,3,1,3,0.1,0.001,0.2218
16816,44.17,7,1,7,0.1,0.001,0.3106
16817,50.61,11,1,11,0.1,0.001,0.419
16818,48.58,10,1,10,0.1,0.001,0.3582
16819,38.64,3,1,3,0.1,0.001,0.213
16820,45.86,8,1,8,0.1,0.001,0.3575
16821,50.71,12,1,12,0.1,0.001,0.3088
16822,47.47,9,1,9,0.1,0.001,0.3861
16823,48.66,10,1,10,0.1,0.001,0.3658
16824,47.01,9,1,9,0.1,0.001,0.3342
16825,-30.59,4,0,5,0.1,0.001,0.2818
16826,50.34,11,1,11,0.1,0.001,0.3948
16827,56.84,15,1,15,0.1,0.001,0.456
16828,-34.58,1,0,2,0.1,0.001,0.2083
16829,40.2,4,1,4,0.1,0.001,0.2988
16830,47.19,9,1,9,0.1,0.001,0.3547
16831,44.46,7,1,7,0.1,0.001,0.3507
16832,50.71,11,1,11,0.1,0.001,0.4284
16833,-34.64,1,0,2,0.1,0.001,0.179
16834,38.77,3,1,3,0.1,0.001,0.257
16835,43.28,6,1,6,0.1,0.001,0.3794
16836,-33.31,2,0,3,0.1,0.001,0.23
16837,42.94,6,1,6,0.1,0.001,0.3236
16838,46.7,9,1,9,0.1,0.001,0.2995
16839,47.04,9,1,9,0.1,0.001,0.3373
16840,-34.62,1,0,2,0.1,0.001,0.1888
16841,-28.69,5,0,6,0.1,0.001,0.3852
16842,46.1,8,1,8,0.1,0.001,0.3873
16843,42.93,6,1,6,0.1,0.001,0.3223
16844,42.64,6,1,6,0.1,0.001,0.2741
16845,-34.63,1,0,2,0.1,0.001,0.1832
16846,-34.49,1,0,2,0.1,0.001,0.257
16847,43.94,7,1,7,0.1,0.001,0.2777
16848,47.19,9,1,9,0.1,0.001,0.3548
16849,38.71,3,1,3,0.1,0.001,0.2353
16850,44.51,7,1,7,0.1,0.001,0.358
16851,37.41,2,1,2,0.1,0.001,0.205
16852,41.6,5,1,5,0.1,0.001,0.3205
16853,-28.88,5,0,6,0.1,0.001,0.3532
16854,46.6,9,1,9,0.1,0.001,0.2894
16855,45.81,8,1,8,0.1,0.001,0.3517
16856,-30.04,4,0,5,0.1,0.001,0.3928
16857,-28.66,5,0,6,0.1,0.001,0.3897
16858,38.86,3,1,3,0.1,0.001,0.2863
16859,-25.37,7,0,8,0.1,0.001,0.4536
16860,-30.17,4,0,5,0.1,0.001,0.3661
16861,45.77,8,1,8,0.1,0.001,0.346
16862,-23.78,7,0,8,0.1,0.001,0.6526
16863,40.02,4,1,4,0.1,0.001,0.2561
16864,43.99,7,1,7,0.1,0.001,0.284
16865,37.49,2,1,2,0.1,0.001,0.2457
16866,-34.64,1,0,2,0.1,0.001,0.1823
16867,-31.65,3,0,4,0.1,0.001,0.3366
16868,48.49,10,1,10,0.1,0.001,0.349
16869,-30.75,4,0,5,0.1,0.001,0.2494
16870,-33.14,2,0,3,0.1,0.001,0.2869
16871,40.35,4,1,4,0.1,0.001,0.3363
16872,39.99,4,1,4,0.1,0.001,0.2469
16873,47.46,9,1,9,0.1,0.001,0.3841
16874,51.17,12,1,12,0.1,0.001,0.3476
16875,-34.64,1,0,2,0.1,0.001,0.181
16876,44.72,7,1,7,0.1,0.001,0.3883
16877,-34.28,1,0,2,0.1,0.001,0.3623
16878,51.83,12,1,12,0.1,0.001,0.4027
16879,48.23,10,1,10,0.1,0.001,0.3232
16880,42.52,6,1,6,0.1,0.001,0.253
16881,50.86,11,1,11,0.1,0.001,0.4414
16882,38.7,3,1,3,0.1,0.001,0.234
16883,-33.3,2,0,3,0.1,0.001,0.2327
16884,-30.43,4,0,5,0.1,0.001,0.313
16885,47.2,9,1,9,0.1,0.001,0.3552
16886,41.55,5,1,5,0.1,0.001,0.3092
16887,53.32,12,1,12,0.1,0.001,0.5263
16888,-28.61,5,0,6,0.1,0.001,0.3991
16889,56.11,15,1,15,0.1,0.001,0.407
16890,-30.22,4,0,5,0.1,0.001,0.3559
16891,-26.52,6,0,7,0.1,0.001,0.4973
16892,42.91,6,1,6,0.1,0.001,0.3177
16893,54.71,13,1,13,0.1,0.001,0.5165
16894,41.63,5,1,5,0.1,0.001,0.3258
16895,47.47,9,1,9,0.1,0.001,0.3855
16896,45.03,7,1,7,0.1,0.001,0.4325
16897,48.77,10,1,10,0.1,0.001,0.3775
16898,-27.89,6,0,7,0.1,0.001,0.301
16899,-31.8,3,0,4,0.1,0.001,0.3002
16900,42.79,6,1,6,0.1,0.001,0.2991
16901,49.55,10,1,10,0.1,0.001,0.4551
16902,-34.4,1,0,2,0.1,0.001,0.2983
16903,44.39,7,1,7,0.1,0.001,0.3421
16904,-34.69,1,0,2,0.1,0.001,0.1554
16905,41.72,5,1,5,0.1,0.001,0.3435
16906,43.09,6,1,6,0.1,0.001,0.3485
16907,42.01,5,1,5,0.1,0.001,0.4028
16908,-34.63,1,0,2,0.1,0.001,0.1829
16909,-31.6,3,0,4,0.1,0.001,0.3488
16910,51.12,11,1,11,0.1,0.001,0.4657
16911,38.68,3,1,3,0.1,0.001,0.2268
16912,-32.0,3,0,4,0.1,0.001,0.2512
16913,-34.51,1,0,2,0.1,0.001,0.2427
16914,46.06,8,1,8,0.1,0.001,0.3831
16915,42.61,6,1,6,0.1,0.001,0.2679
16916,-34.63,1,0,2,0.1,0.001,0.187
16917,-34.69,1,0,2,0.1,0.001,0.1565
16918,-25.63,7,0,8,0.1,0.001,0.4219
16919,50.35,11,1,11,0.1,0.001,0.3955
16920,-29.44,5,0,6,0.1,0.001,0.2607
16921,41.39,5,1,5,0.1,0.001,0.2785
16922,47.1,8,1,8,0.1,0.001,0.5119
16923,44.38,7,1,7,0.1,0.001,0.3401
16924,41.6,5,1,5,0.1,0.001,0.3208
16925,52.63,11,1,11,0.1,0.001,0.6028
16926,-33.12,2,0,3,0.1,0.001,0.294
16927,41.39,5,1,5,0.1,0.001,0.2781
16928,41.24,5,1,5,0.1,0.001,0.2483
16929,44.86,7,1,7,0.1,0.001,0.4086
16930,-33.35,2,0,3,0.1,0.001,0.2163
16931,40.29,4,1,4,0.1,0.001,0.3216
16932,45.99,8,1,8,0.1,0.001,0.3736
16933,43.36,6,1,6,0.1,0.001,0.3926
16934,-30.17,4,0,5,0.1,0.001,0.3653
16935,47.21,9,1,9,0.1,0.001,0.3563
16936,-25.46,7,0,8,0.1,0.001,0.443
16937,44.54,7,1,7,0.1,0.001,0.363
16938,46.17,8,1,8,0.1,0.001,0.3963
16939,-31.87,3,0,4,0.1,0.001,0.2837
16940,50.43,11,1,11,0.1,0.001,0.403
16941,-34.26,1,0,2,0.1,0.001,0.3692
16942,-31.99,3,0,4,0.1,0.001,0.2533
16943,-34.48,1,0,2,0.1,0.001,0.2576
16944,-26.2,7,0,8,0.1,0.001,0.3497
16945,-32.06,3,0,4,0.1,0.001,0.2362
16946,45.46,8,1,8,0.1,0.001,0.3072
16947,47.29,9,1,9,0.1,0.001,0.3661
16948,47.0,9,1,9,0.1,0.001,0.333
16949,40.01,4,1,4,0.1,0.001,0.2524
16950,-29.68,4,0,5,0.1,0.001,0.4637
16951,44.08,7,1,7,0.1,0.001,0.2977
16952,-33.42,2,0,3,0.1,0.001,0.1949
16953,-29.19,4,0,5,0.1,0.001,0.5627
16954,-18.5,12,0,13,0.1,0.001,0.4232
16955,46.16,8,1,8,0.1,0.001,0.3956
16956,-24.34,8,0,9,0.1,0.001,0.4065
16957,49.17,10,1,10,0.1,0.001,0.4174
16958,-34.71,1,0,2,0.1,0.001,0.1458
16959,42.62,6,1,6,0.1,0.001,0.2701
16960,53.16,13,1,13,0.1,0.001,0.3973
16961,47.99,9,1,9,0.1,0.001,0.443
16962,-28.6,4,0,5,0.1,0.001,0.6807
16963,55.3,15,1,15,0.1,0.001,0.3535
16964,44.13,7,1,7,0.1,0.001,0.3048
16965,47.63,9,1,9,0.1,0.001,0.4034
16966,36.11,1,1,1,0.1,0.001,0.1124
16967,42.36,6,1,6,0.1,0.001,0.2273
16968,40.2,4,1,4,0.1,0.001,0.3009
16969,-30.43,4,0,5,0.1,0.001,0.3132
16970,-26.56,6,0,7,0.1,0.001,0.4919
16971,54.03,14,1,14,0.1,0.001,0.3596
16972,44.18,7,1,7,0.1,0.001,0.3109
16973,-34.26,1,0,2,0.1,0.001,0.3717
16974,-31.94,3,0,4,0.1,0.001,0.2638
16975,46.96,9,1,9,0.1,0.001,0.329
16976,42.66,6,1,6,0.1,0.001,0.2774
16977,39.02,3,1,3,0.1,0.001,0.3399
16978,46.38,8,1,8,0.1,0.001,0.4226
16979,-23.31,7,0,8,0.1,0.001,0.7118
16980,-29.34,5,0,6,0.1,0.001,0.2762
16981,53.27,12,1,12,0.1,0.001,0.5223
16982,48.57,9,1,9,0.1,0.001,0.508
16983,48.5,10,1,10,0.1,0.001,0.3498
16984,-33.37,2,0,3,0.1,0.001,0.2093
16985,40.45,4,1,4,0.1,0.001,0.3632
16986,44.56,7,1,7,0.1,0.001,0.3656
16987,46.75,9,1,9,0.1,0.001,0.3057
16988,50.63,11,1,11,0.1,0.001,0.4205
16989,44.29,7,1,7,0.1,0.001,0.3269
16990,-33.37,2,0,3,0.1,0.001,0.2099
16991,42.69,6,1,6,0.1,0.001,0.2816
16992,-34.56,1,0,2,0.1,0.001,0.2216
16993,50.66,11,1,11,0.1,0.001,0.4241
16994,-34.4,1,0,2,0.1,0.001,0.2992
16995,-33.38,2,0,3,0.1,0.001,0.2057
16996,-32.13,3,0,4,0.1,0.001,0.2174
16997,-23.82,9,0,10,0.1,0.001,0.3183
16998,40.71,4,1,4,0.1,0.001,0.4278
16999,53.33,13,1,13,0.1,0.001,0.4102
17000,43.14,6,1,6,0.1,0.001,0.3571
17001,51.79,11,1,11,0.1,0.001,0.526
17002,50.24,10,1,10,0.1,0.001,0.5236
17003,40.32,4,1,4,0.1,0.001,0.3297
17004,49.05,10,1,10,0.1,0.001,0.4053
17005,37.46,2,1,2,0.1,0.001,0.2283
17006,41.42,5,1,5,0.1,0.001,0.284
17007,50.59,11,1,11,0.1,0.001,0.4171
17008,42.9,6,1,6,0.1,0.001,0.3161
17009,43.76,6,1,6,0.1,0.001,0.4595
17010,-31.73,3,0,4,0.1,0.001,0.3183
17011,59.78,17,1,17,0.1,0.001,0.4576
17012,-34.62,1,0,2,0.1,0.001,0.1921
17013,42.97,6,1,6,0.1,0.001,0.3283
17014,44.1,7,1,7,0.1,0.001,0.3006
17015,48.54,10,1,10,0.1,0.001,0.3543
17016,46.08,8,1,8,0.1,0.001,0.3853
17017,-31.65,3,0,4,0.1,0.001,0.3367
17018,45.42,8,1,8,0.1,0.001,0.3025
17019,-31.82,3,0,4,0.1,0.001,0.2958
17020,40.28,4,1,4,0.1,0.001,0.3203
17021,55.13,13,1,13,0.1,0.001,0.5486
17022,51.38,11,1,11,0.1,0.001,0.489
17023,46.34,8,1,8,0.1,0.001,0.4173
17024,44.29,7,1,7,0.1,0.001,0.3274
17025,-33.13,2,0,3,0.1,0.001,0.2905
17026,-29.06,5,0,6,0.1,0.001,0.3228
17027,-33.2,2,0,3,0.1,0.001,0.2683
17028,46.96,9,1,9,0.1,0.001,0.3286
17029,41.11,5,1,5,0.1,0.001,0.2217
17030,45.69,8,1,8,0.1,0.001,0.3367
17031,-28.73,5,0,6,0.1,0.001,0.3779
17032,41.93,5,1,5,0.1,0.001,0.3858
17033,-34.67,1,0,2,0.1,0.001,0.1668
17034,-31.93,3,0,4,0.1,0.001,0.2664
17035,41.67,5,1,5,0.1,0.001,0.3334
17036,51.8,12,1,12,0.1,0.001,0.4004
17037,39.84,4,1,4,0.1,0.001,0.2106
17038,47.25,9,1,9,0.1,0.001,0.3611
17039,46.04,8,1,8,0.1,0.001,0.3798
17040,43.6,6,1,6,0.1,0.001,0.4328
17041,50.19,11,1,11,0.1,0.001,0.3808
17042,42.65,6,1,6,0.1,0.001,0.2749
17043,56.19,15,1,15,0.1,0.001,0.4129
17044,-26.78,6,0,7,0.1,0.001,0.4593
17045,-21.6,10,0,11,0.1,0.001,0.4003
17046,41.59,5,1,5,0.1,0.001,0.3182
17047,-33.05,2,0,3,0.1,0.001,0.3176
17048,38.63,3,1,3,0.1,0.001,0.2115
17049,56.14,15,1,15,0.1,0.001,0.4091
17050,-21.94,9,0,10,0.1,0.001,0.5057
17051,48.8,10,1,10,0.1,0.001,0.3796
17052,-30.15,4,0,5,0.1,0.001,0.369
17053,44.46,7,1,7,0.1,0.001,0.3518
17054,43.56,6,1,6,0.1,0.001,0.427
17055,43.99,7,1,7,0.1,0.001,0.2836
17056,49.36,10,1,10,0.1,0.001,0.4357
17057,39.98,4,1,4,0.1,0.001,0.2447
17058,47.79,10,1,10,0.1,0.001,0.2786
17059,42.13,5,1,5,0.1,0.001,0.4264
17060,38.76,3,1,3,0.1,0.001,0.2524
17061,60.44,17,1,17,0.1,0.001,0.4966
17062,41.56,5,1,5,0.1,0.001,0.3116
17063,44.1,7,1,7,0.1,0.001,0.3001
17064,41.59,5,1,5,0.1,0.001,0.3188
17065,41.15,5,1,5,0.1,0.001,0.2291
17066,-26.58,7,0,8,0.1,0.001,0.3019
17067,56.21,14,1,14,0.1,0.001,0.5153
17068,42.95,6,1,6,0.1,0.001,0.3248
17069,-25.71,7,0,8,0.1,0.001,0.4116
17070,41.35,5,1,5,0.1,0.001,0.2692
17071,47.03,9,1,9,0.1,0.001,0.3362
17072,-27.92,6,0,7,0.1,0.001,0.2975
17073,45.66,7,1,7,0.1,0.001,0.5222
17074,-25.88,7,0,8,0.1,0.001,0.3894
17075,42.71,6,1,6,0.1,0.001,0.2858
17076,-31.35,3,0,4,0.1,0.001,0.4137
17077,44.03,7,1,7,0.1,0.001,0.2894
17078,-26.54,6,0,7,0.1,0.001,0.4945
17079,-30.66,4,0,5,0.1,0.001,0.2686
17080,-34.57,1,0,2,0.1,0.001,0.2174
17081,38.76,3,1,3,0.1,0.001,0.2517
17082,51.82,11,1,11,0.1,0.001,0.5287
17083,43.17,6,1,6,0.1,0.001,0.3613
17084,44.11,7,1,7,0.1,0.001,0.302
17085,51.94,12,1,12,0.1,0.001,0.4116
17086,48.92,10,1,10,0.1,0.001,0.3923
17087,43.77,7,1,7,0.1,0.001,0.2533
17088,-29.21,5,0,6,0.1,0.001,0.2983
17089,-22.91,8,0,9,0.1,0.001,0.5657
17090,44.28,7,1,7,0.1,0.001,0.3262
17091,54.57,14,1,14,0.1,0.001,0.3979
17092,47.32,9,1,9,0.1,0.001,0.3687
17093,46.87,9,1,9,0.1,0.001,0.3189
17094,39.12,3,1,3,0.1,0.001,0.3724
17095,38.77,3,1,3,0.1,0.001,0.2551
17096,41.53,5,1,5,0.1,0.001,0.3057
17097,-34.62,1,0,2,0.1,0.001,0.1904
17098,45.41,8,1,8,0.1,0.001,0.3014
17099,-31.65,3,0,4,0.1,0.001,0.3387
17100,41.29,5,1,5,0.1,0.001,0.259
17101,49.53,11,1,11,0.1,0.001,0.3206
17102,-32.97,2,0,3,0.1,0.001,0.3426
17103,43.5,6,1,6,0.1,0.001,0.4167
17104,52.26,12,1,12,0.1,0.001,0.4387
17105,-33.13,2,0,3,0.1,0.001,0.2904
17106,38.9,3,1,3,0.1,0.001,0.2989
17107,48.1,10,1,10,0.1,0.001,0.3097
17108,41.48,5,1,5,0.1,0.001,0.2963
17109,-30.8,4,0,5,0.1,0.001,0.2405
17110,-27.83,6,0,7,0.1,0.001,0.3095
17111,-30.28,4,0,5,0.1,0.001,0.3449
17112,48.65,10,1,10,0.1,0.001,0.3648
17113,44.67,7,1,7,0.1,0.001,0.3811
17114,-24.83,7,0,8,0.1,0.001,0.5218
17115,45.24,8,1,8,0.1,0.001,0.2801
17116,-23.6,8,0,9,0.1,0.001,0.4885
17117,40.29,4,1,4,0.1,0.001,0.3222
17118,42.6,6,1,6,0.1,0.001,0.2659
17119,-30.39,4,0,5,0.1,0.001,0.3214
17120,41.12,5,1,5,0.1,0.001,0.224
17121,37.83,2,1,2,0.1,0.001,0.4171
17122,-26.29,7,0,8,0.1,0.001,0.3391
17123,49.52,11,1,11,0.1,0.001,0.3199
17124,46.9,9,1,9,0.1,0.001,0.322
17125,-30.41,4,0,5,0.1,0.001,0.3188
17126,41.66,5,1,5,0.1,0.001,0.3329
17127,47.48,8,1,8,0.1,0.001,0.5603
17128,49.02,10,1,10,0.1,0.001,0.4024
17129,47.25,9,1,9,0.1,0.001,0.3613
17130,46.69,9,1,9,0.1,0.001,0.2984
17131,-30.64,4,0,5,0.1,0.001,0.2714
17132,41.54,5,1,5,0.1,0.001,0.3078
17133,44.86,7,1,7,0.1,0.001,0.4088
17134,50.64,11,1,11,0.1,0.001,0.4218
17135,42.98,6,1,6,0.1,0.001,0.3293
17136,44.05,7,1,7,0.1,0.001,0.2925
17137,-26.4,7,0,8,0.1,0.001,0.3248
17138,-33.33,2,0,3,0.1,0.001,0.2217
17139,49.46,11,1,11,0.1,0.001,0.3143
17140,44.87,7,1,7,0.1,0.001,0.4105
17141,-28.71,5,0,6,0.1,0.001,0.3815
17142,-24.68,8,0,9,0.1,0.001,0.3691
17143,45.95,8,1,8,0.1,0.001,0.3684
17144,-34.39,1,0,2,0.1,0.001,0.3043
17145,45.23,8,1,8,0.1,0.001,0.2794
17146,44.35,7,1,7,0.1,0.001,0.3362
17147,-25.0,8,0,9,0.1,0.001,0.3335
17148,-20.7,10,0,11,0.1,0.001,0.4815
17149,-30.44,4,0,5,0.1,0.001,0.3122
17150,36.11,1,1,1,0.1,0.001,0.1098
17151,49.95,11,1,11,0.1,0.001,0.3589
17152,40.26,4,1,4,0.1,0.001,0.3157
17153,44.15,7,1,7,0.1,0.001,0.3072
17154,45.35,8,1,8,0.1,0.001,0.2941
17155,42.91,6,1,6,0.1,0.001,0.3179
17156,-31.77,3,0,4,0.1,0.001,0.3067
17157,39.97,4,1,4,0.1,0.001,0.242
17158,-29.97,4,0,5,0.1,0.001,0.4056
17159,-24.51,8,0,9,0.1,0.001,0.3882
17160,-34.7,1,0,2,0.1,0.001,0.1523
17161,50.75,12,1,12,0.1,0.001,0.3123
17162,41.45,5,1,5,0.1,0.001,0.2904
17163,43.22,6,1,6,0.1,0.001,0.3694
17164,-31.9,3,0,4,0.1,0.001,0.2752
17165,46.72,9,1,9,0.1,0.001,0.3021
17166,40.19,4,1,4,0.1,0.001,0.2963
17167,49.44,10,1,10,0.1,0.001,0.4442
17168,-26.54,5,0,6,0.1,0.001,0.7425
17169,47.22,9,1,9,0.1,0.001,0.3583
17170,-31.01,3,0,4,0.1,0.001,0.4965
17171,-28.68,5,0,6,0.1,0.001,0.3867
17172,-19.72,11,0,12,0.1,0.001,0.4398
17173,-33.13,2,0,3,0.1,0.001,0.2885
17174,45.01,7,1,7,0.1,0.001,0.4305
17175,-34.71,1,0,2,0.1,0.001,0.1447
17176,44.46,7,1,7,0.1,0.001,0.3521
17177,42.49,6,1,6,0.1,0.001,0.2491
17178,43.13,6,1,6,0.1,0.001,0.3557
17179,-22.08,9,0,10,0.1,0.001,0.4919
17180,46.83,9,1,9,0.1,0.001,0.3144
17181,45.92,8,1,8,0.1,0.001,0.3647
17182,45.1,8,1,8,0.1,0.001,0.263
17183,-34.5,1,0,2,0.1,0.001,0.2518
17184,-29.89,4,0,5,0.1,0.001,0.4217
17185,-34.49,1,0,2,0.1,0.001,0.2556
17186,50.16,11,1,11,0.1,0.001,0.3786
17187,46.07,8,1,8,0.1,0.001,0.3833
17188,44.04,7,1,7,0.1,0.001,0.2917
17189,40.27,4,1,4,0.1,0.001,0.3164
17190,38.64,3,1,3,0.1,0.001,0.2146
17191,51.99,11,1,11,0.1,0.001,0.5442
17192,-34.6,1,0,2,0.1,0.001,0.1999
17193,44.52,7,1,7,0.1,0.001,0.3603
17194,45.26,8,1,8,0.1,0.001,0.2831
17195,49.18,10,1,10,0.1,0.001,0.4182
17196,-32.01,3,0,4,0.1,0.001,0.2464
17197,44.55,7,1,7,0.1,0.001,0.3646
17198,-34.7,1,0,2,0.1,0.001,0.1509
17199,45.72,8,1,8,0.1,0.001,0.3404
17200,38.76,3,1,3,0.1,0.001,0.2533
17201,41.35,5,1,5,0.1,0.001,0.2704
17202,43.62,6,1,6,0.1,0.001,0.437
17203,44.11,7,1,7,0.1,0.001,0.3015
17204,38.81,3,1,3,0.1,0.001,0.2711
17205,39.01,3,1,3,0.1,0.001,0.3374
17206,44.37,7,1,7,0.1,0.001,0.3389
17207,-27.21,6,0,7,0.1,0.001,0.3979
17208,40.09,4,1,4,0.1,0.001,0.2714
17209,48.65,10,1,10,0.1,0.001,0.3647
17210,45.67,8,1,8,0.1,0.001,0.3332
17211,52.06,12,1,12,0.1,0.001,0.4215
17212,40.09,4,1,4,0.1,0.001,0.2737
17213,49.49,11,1,11,0.1,0.001,0.3177
17214,38.9,3,1,3,0.1,0.001,0.301
17215,41.38,5,1,5,0.1,0.001,0.2762
17216,47.34,9,1,9,0.1,0.001,0.3707
17217,37.45,2,1,2,0.1,0.001,0.2228
17218,-32.01,3,0,4,0.1,0.001,0.2473
17219,45.95,8,1,8,0.1,0.001,0.3691
17220,41.64,5,1,5,0.1,0.001,0.3284
17221,38.78,3,1,3,0.1,0.001,0.2602
17222,44.71,7,1,7,0.1,0.001,0.3873
17223,37.42,2,1,2,0.1,0.001,0.2083
17224,41.72,5,1,5,0.1,0.001,0.343
17225,-34.7,1,0,2,0.1,0.001,0.1487
17226,55.56,14,1,14,0.1,0.001,0.4684
17227,-29.16,5,0,6,0.1,0.001,0.3065
17228,47.33,9,1,9,0.1,0.001,0.3701
17229,44.26,7,1,7,0.1,0.001,0.3229
17230,49.44,10,1,10,0.1,0.001,0.4444
17231,45.67,8,1,8,0.1,0.001,0.3341
17232,39.99,4,1,4,0.1,0.001,0.2479
17233,48.93,10,1,10,0.1,0.001,0.3929
17234,40.05,4,1,4,0.1,0.001,0.2629
17235,41.53,5,1,5,0.1,0.001,0.3059
17236,44.44,7,1,7,0.1,0.001,0.3486
17237,48.77,10,1,10,0.1,0.001,0.3771
17238,43.19,6,1,6,0.1,0.001,0.3654
17239,52.65,12,1,12,0.1,0.001,0.4711
17240,-34.64,1,0,2,0.1,0.001,0.1796
17241,44.81,7,1,7,0.1,0.001,0.4016
17242,-27.74,6,0,7,0.1,0.001,0.3232
17243,42.64,6,1,6,0.1,0.001,0.2726
17244,-25.28,7,0,8,0.1,0.001,0.4644
17245,44.33,7,1,7,0.1,0.001,0.3325
17246,41.59,5,1,5,0.1,0.001,0.3186
17247,47.47,9,1,9,0.1,0.001,0.386
17248,52.44,12,1,12,0.1,0.001,0.4533
17249,38.72,3,1,3,0.1,0.001,0.2411
17250,-34.67,1,0,2,0.1,0.001,0.1655
17251,43.02,6,1,6,0.1,0.001,0.3374
17252,44.17,7,1,7,0.1,0.001,0.3102
17253,-31.74,3,0,4,0.1,0.001,0.3145
17254,-30.19,4,0,5,0.1,0.001,0.3628
17255,45.33,7,1,7,0.1,0.001,0.4756
17256,57.74,16,1,16,0.1,0.001,0.421
17257,40.12,4,1,4,0.1,0.001,0.281
17258,-33.28,2,0,3,0.1,0.001,0.2384
17259,-30.16,4,0,5,0.1,0.001,0.3682
17260,44.47,7,1,7,0.1,0.001,0.3528
17261,45.21,8,1,8,0.1,0.001,0.2765
17262,44.61,7,1,7,0.1,0.001,0.373
17263,40.24,4,1,4,0.1,0.001,0.3092
17264,-32.72,2,0,3,0.1,0.001,0.4266
17265,40.09,4,1,4,0.1,0.001,0.2722
17266,-27.38,6,0,7,0.1,0.001,0.3739
17267,53.74,14,1,14,0.1,0.001,0.3386
17268,37.55,2,1,2,0.1,0.001,0.2754
17269,-28.94,5,0,6,0.1,0.001,0.3438
17270,41.53,5,1,5,0.1,0.001,0.3051
17271,40.15,4,1,4,0.1,0.001,0.2874
17272,58.4,16,1,16,0.1,0.001,0.4625
17273,-29.93,4,0,5,0.1,0.001,0.4144
17274,-21.53,10,0,11,0.1,0.001,0.4068
17275,45.25,8,1,8,0.1,0.001,0.2807
17276,53.25,14,1,14,0.1,0.001,0.3034
17277,-33.38,2,0,3,0.1,0.001,0.2062
17278,48.93,10,1,10,0.1,0.001,0.3935
17279,44.47,7,1,7,0.1,0.001,0.3535
17280,39.95,4,1,4,0.1,0.001,0.237
17281,49.89,10,1,10,0.1,0.001,0.4891
17282,44.64,7,1,7,0.1,0.001,0.3773
17283,42.91,6,1,6,0.1,0.001,0.3191
17284,-20.5,11,0,12,0.1,0.001,0.3754
17285,44.73,7,1,7,0.1,0.001,0.39
17286,36.12,1,1,1,0.1,0.001,0.1217
17287,40.49,4,1,4,0.1,0.001,0.3733
17288,-20.03,10,0,11,0.1,0.001,0.5425
17289,58.93,16,1,16,0.1,0.001,0.4954
17290,41.53,5,1,5,0.1,0.001,0.3055
17291,42.07,5,1,5,0.1,0.001,0.4143
17292,50.07,11,1,11,0.1,0.001,0.3704
17293,50.98,11,1,11,0.1,0.001,0.4524
17294,37.42,2,1,2,0.1,0.001,0.2087
17295,46.78,9,1,9,0.1,0.001,0.309
17296,37.42,2,1,2,0.1,0.001,0.2079
17297,44.31,7,1,7,0.1,0.001,0.3299
17298,-34.71,1,0,2,0.1,0.001,0.1468
17299,36.12,1,1,1,0.1,0.001,0.1159
17300,38.64,3,1,3,0.1,0.001,0.2132
17301,48.34,10,1,10,0.1,0.001,0.3344
17302,-28.62,5,0,6,0.1,0.001,0.3963
17303,41.53,4,1,4,0.1,0.001,0.6318
17304,-31.96,3,0,4,0.1,0.001,0.261
17305,37.4,2,1,2,0.1,0.001,0.1997
17306,-33.3,2,0,3,0.1,0.001,0.2333
17307,-30.42,4,0,5,0.1,0.001,0.3167
17308,-28.3,5,0,6,0.1,0.001,0.4504
17309,54.84,13,1,13,0.1,0.001,0.5265
17310,-28.27,6,0,7,0.1,0.001,0.2469
17311,43.15,6,1,6,0.1,0.001,0.3578
17312,43.28,6,1,6,0.1,0.001,0.3797
17313,47.9,10,1,10,0.1,0.001,0.2897
17314,-24.18,8,0,9,0.1,0.001,0.4241
17315,44.71,7,1,7,0.1,0.001,0.3872
17316,-34.37,1,0,2,0.1,0.001,0.3149
17317,-30.33,4,0,5,0.1,0.001,0.334
17318,41.39,5,1,5,0.1,0.001,0.2788
17319,-27.22,6,0,7,0.1,0.001,0.3975
17320,47.88,10,1,10,0.1,0.001,0.2876
17321,49.29,11,1,11,0.1,0.001,0.2993
17322,48.34,10,1,10,0.1,0.001,0.3344
17323,-26.59,7,0,8,0.1,0.001,0.3015
17324,-34.61,1,0,2,0.1,0.001,0.1958
17325,45.03,7,1,7,0.1,0.001,0.4325
17326,47.39,9,1,9,0.1,0.001,0.3763
17327,41.36,5,1,5,0.1,0.001,0.2725
17328,42.13,5,1,5,0.1,0.001,0.427
17329,-31.67,3,0,4,0.1,0.001,0.3315
17330,49.31,10,1,10,0.1,0.001,0.4314
17331,48.41,10,1,10,0.1,0.001,0.3407
17332,56.28,13,1,13,0.1,0.001,0.637
17333,45.19,8,1,8,0.1,0.001,0.2743
17334,39.09,3,1,3,0.1,0.001,0.3644
17335,53.32,13,1,13,0.1,0.001,0.4095
17336,42.78,6,1,6,0.1,0.001,0.2967
17337,44.48,7,1,7,0.1,0.001,0.3547
17338,40.06,4,1,4,0.1,0.001,0.2639
17339,41.52,5,1,5,0.1,0.001,0.305
17340,45.94,8,1,8,0.1,0.001,0.3675
17341,-28.72,5,0,6,0.1,0.001,0.3799
17342,48.36,10,1,10,0.1,0.001,0.3363
17343,48.83,10,1,10,0.1,0.001,0.3831
17344,42.61,6,1,6,0.1,0.001,0.2676
17345,43.13,6,1,6,0.1,0.001,0.3542
17346,-34.44,1,0,2,0.1,0.001,0.2795
17347,-24.46,8,0,9,0.1,0.001,0.3938
17348,44.47,7,1,7,0.1,0.001,0.3531
17349,45.76,8,1,8,0.1,0.001,0.345
17350,49.66,10,1,10,0.1,0.001,0.4658
17351,42.77,6,1,6,0.1,0.001,0.2949
17352,45.93,8,1,8,0.1,0.001,0.3664
17353,48.13,10,1,10,0.1,0.001,0.3126
17354,38.81,3,1,3,0.1,0.001,0.2709
17355,42.85,6,1,6,0.1,0.001,0.3078
17356,52.99,13,1,13,0.1,0.001,0.3837
17357,46.4,8,1,8,0.1,0.001,0.4247
17358,41.25,5,1,5,0.1,0.001,0.2498
17359,-32.89,2,0,3,0.1,0.001,0.3717
17360,48.7,10,1,10,0.1,0.001,0.37
17361,-28.77,5,0,6,0.1,0.001,0.3714
17362,-30.54,4,0,5,0.1,0.001,0.2929
17363,47.69,9,1,9,0.1,0.001,0.4105
17364,40.17,4,1,4,0.1,0.001,0.2927
17365,47.33,9,1,9,0.1,0.001,0.3698
17366,52.45,12,1,12,0.1,0.001,0.4545
17367,-20.37,11,0,12,0.1,0.001,0.3861
17368,-23.02,9,0,10,0.1,0.001,0.3981
17369,-34.67,1,0,2,0.1,0.001,0.1662
17370,41.72,5,1,5,0.1,0.001,0.3438
17371,46.43,8,1,8,0.1,0.001,0.429
17372,53.84,12,1,12,0.1,0.001,0.5701
17373,40.23,4,1,4,0.1,0.001,0.3082
17374,44.94,7,1,7,0.1,0.001,0.4193
17375,53.22,13,1,13,0.1,0.001,0.4017
17376,-31.55,3,0,4,0.1,0.001,0.3634
17377,41.89,5,1,5,0.1,0.001,0.377
17378,41.67,5,1,5,0.1,0.001,0.3341
17379,-34.66,1,0,2,0.1,0.001,0.1699
17380,39.93,4,1,4,0.1,0.001,0.2326
17381,-32.74,2,0,3,0.1,0.001,0.4205
17382,-29.91,4,0,5,0.1,0.001,0.4171
17383,-22.34,10,0,11,0.1,0.001,0.3331
17384,47.39,9,1,9,0.1,0.001,0.377
17385,37.4,2,1,2,0.1,0.001,0.2008
17386,-32.92,2,0,3,0.1,0.001,0.3601
17387,-19.12,12,0,13,0.1,0.001,0.3756
17388,41.42,5,1,5,0.1,0.001,0.2848
17389,39.99,4,1,4,0.1,0.001,0.2485
17390,37.41,2,1,2,0.1,0.001,0.2046
17391,47.2,8,1,8,0.1,0.001,0.5247
17392,38.87,3,1,3,0.1,0.001,0.2886
17393,37.41,2,1,2,0.1,0.001,0.2074
17394,47.96,9,1,9,0.1,0.001,0.4403
17395,44.18,7,1,7,0.1,0.001,0.3113
17396,-29.17,5,0,6,0.1,0.001,0.3058
17397,48.73,10,1,10,0.1,0.001,0.3725
17398,38.83,3,1,3,0.1,0.001,0.2775
17399,-27.67,6,0,7,0.1,0.001,0.3324
17400,41.28,5,1,5,0.1,0.001,0.2551
17401,37.42,2,1,2,0.1,0.001,0.2089
17402,46.91,9,1,9,0.1,0.001,0.3232
17403,47.28,9,1,9,0.1,0.001,0.3647
17404,38.68,3,1,3,0.1,0.001,0.2251
17405,-29.86,4,0,5,0.1,0.001,0.4274
17406,40.05,4,1,4,0.1,0.001,0.2619
17407,49.61,10,1,10,0.1,0.001,0.4614
17408,48.63,9,1,9,0.1,0.001,0.5147
17409,38.77,3,1,3,0.1,0.001,0.2568
17410,40.48,4,1,4,0.1,0.001,0.3704
17411,48.62,10,1,10,0.1,0.001,0.3622
17412,48.4,10,1,10,0.1,0.001,0.3397
17413,45.99,8,1,8,0.1,0.001,0.3735
17414,44.63,7,1,7,0.1,0.001,0.3758
17415,37.35,2,1,2,0.1,0.001,0.1745
17416,41.84,5,1,5,0.1,0.001,0.3679
17417,41.55,5,1,5,0.1,0.001,0.3109
17418,42.86,6,1,6,0.1,0.001,0.3105
17419,57.89,15,1,15,0.1,0.001,0.5258
17420,42.96,6,1,6,0.1,0.001,0.3272
17421,-34.66,1,0,2,0.1,0.001,0.1711
17422,51.69,12,1,12,0.1,0.001,0.3911
17423,50.99,11,1,11,0.1,0.001,0.4538
17424,-33.25,2,0,3,0.1,0.001,0.2507
17425,44.13,7,1,7,0.1,0.001,0.3041
17426,44.22,7,1,7,0.1,0.001,0.3168
17427,-25.92,6,0,7,0.1,0.001,0.5832
17428,-34.45,1,0,2,0.1,0.001,0.2768
17429,-23.54,8,0,9,0.1,0.001,0.4955
17430,47.69,9,1,9,0.1,0.001,0.4104
17431,46.37,8,1,8,0.1,0.001,0.4212
17432,48.53,10,1,10,0.1,0.001,0.3526
17433,40.1,4,1,4,0.1,0.001,0.2743
17434,38.83,3,1,3,0.1,0.001,0.2772
17435,51.04,12,1,12,0.1,0.001,0.3366
17436,-29.29,5,0,6,0.1,0.001,0.2848
17437,47.38,9,1,9,0.1,0.001,0.3756
17438,57.88,15,1,15,0.1,0.001,0.5255
17439,44.85,7,1,7,0.1,0.001,0.4069
17440,41.62,5,1,5,0.1,0.001,0.3231
17441,38.61,3,1,3,0.1,0.001,0.2035
17442,41.21,5,1,5,0.1,0.001,0.242
17443,47.25,9,1,9,0.1,0.001,0.3608
17444,-34.56,1,0,2,0.1,0.001,0.2203
17445,-25.85,7,0,8,0.1,0.001,0.3937
17446,-32.89,2,0,3,0.1,0.001,0.3689
17447,42.79,6,1,6,0.1,0.001,0.2989
17448,44.33,7,1,7,0.1,0.001,0.3333
17449,46.72,8,1,8,0.1,0.001,0.4652
17450,63.54,18,1,18,0.1,0.001,0.5857
17451,43.08,6,1,6,0.1,0.001,0.3474
17452,50.79,11,1,11,0.1,0.001,0.435
17453,-28.68,5,0,6,0.1,0.001,0.3873
17454,-34.65,1,0,2,0.1,0.001,0.1749
17455,-31.75,3,0,4,0.1,0.001,0.3121
17456,45.08,7,1,7,0.1,0.001,0.4398
17457,-30.81,3,0,4,0.1,0.001,0.547
17458,44.16,7,1,7,0.1,0.001,0.309
17459,-33.07,2,0,3,0.1,0.001,0.3116
17460,-25.24,8,0,9,0.1,0.001,0.3067
17461,38.71,3,1,3,0.1,0.001,0.2358
17462,40.58,4,1,4,0.1,0.001,0.3943
17463,38.88,3,1,3,0.1,0.001,0.2919
17464,41.91,5,1,5,0.1,0.001,0.3823
17465,53.27,12,1,12,0.1,0.001,0.5222
17466,-30.08,4,0,5,0.1,0.001,0.385
17467,43.66,6,1,6,0.1,0.001,0.4429
17468,-31.89,3,0,4,0.1,0.001,0.2781
17469,-28.95,5,0,6,0.1,0.001,0.3422
17470,49.9,11,1,11,0.1,0.001,0.3542
17471,39.87,4,1,4,0.1,0.001,0.2178
17472,48.41,10,1,10,0.1,0.001,0.3406
17473,-31.74,3,0,4,0.1,0.001,0.3146
17474,52.29,12,1,12,0.1,0.001,0.4411
17475,50.24,11,1,11,0.1,0.001,0.3859
17476,44.26,7,1,7,0.1,0.001,0.3224
17477,37.29,2,1,2,0.1,0.001,0.1455
17478,46.2,8,1,8,0.1,0.001,0.4
17479,56.4,14,1,14,0.1,0.001,0.5285
17480,41.44,5,1,5,0.1,0.001,0.287
17481,41.61,5,1,5,0.1,0.001,0.3218
17482,38.65,3,1,3,0.1,0.001,0.2158
17483,45.81,8,1,8,0.1,0.001,0.3509
17484,48.74,10,1,10,0.1,0.001,0.374
17485,-26.52,7,0,8,0.1,0.001,0.3101
17486,-34.39,1,0,2,0.1,0.001,0.3061
17487,41.44,5,1,5,0.1,0.001,0.2878
17488,42.72,6,1,6,0.1,0.001,0.2866
17489,50.24,11,1,11,0.1,0.001,0.3856
17490,44.77,7,1,7,0.1,0.001,0.3963
17491,-33.27,2,0,3,0.1,0.001,0.2447
17492,48.57,10,1,10,0.1,0.001,0.3573
17493,40.0,4,1,4,0.1,0.001,0.2495
17494,44.48,7,1,7,0.1,0.001,0.3547
17495,53.43,13,1,13,0.1,0.001,0.4174
17496,-31.58,3,0,4,0.1,0.001,0.3545
17497,-24.9,7,0,8,0.1,0.001,0.512
17498,42.51,6,1,6,0.1,0.001,0.2523
17499,42.86,6,1,6,0.1,0.001,0.3097
17500,55.28,14,1,14,0.1,0.001,0.4483
17501,-34.72,1,0,2,0.1,0.001,0.1393
17502,-34.51,1,0,2,0.1,0.001,0.245
17503,-34.72,1,0,2,0.1,0.001,0.1411
17504,44.58,7,1,7,0.1,0.001,0.3685
17505,-29.71,4,0,5,0.1,0.001,0.4577
17506,40.14,4,1,4,0.1,0.001,0.2857
17507,-34.66,1,0,2,0.1,0.001,0.1693
17508,44.52,7,1,7,0.1,0.001,0.3597
17509,50.2,11,1,11,0.1,0.001,0.382
17510,-29.39,5,0,6,0.1,0.001,0.2675
17511,-34.46,1,0,2,0.1,0.001,0.2686
17512,44.48,7,1,7,0.1,0.001,0.3548
17513,46.73,9,1,9,0.1,0.001,0.3034
17514,43.86,7,1,7,0.1,0.001,0.2655
17515,41.74,5,1,5,0.1,0.001,0.3471
17516,-27.54,6,0,7,0.1,0.001,0.3511
17517,50.97,12,1,12,0.1,0.001,0.3307
17518,41.38,5,1,5,0.1,0.001,0.2756
17519,50.51,11,1,11,0.1,0.001,0.41
17520,48.09,10,1,10,0.1,0.001,0.3088
17521,44.63,7,1,7,0.1,0.001,0.3751
17522,47.37,9,1,9,0.1,0.001,0.3742
17523,37.6,2,1,2,0.1,0.001,0.2995
17524,-30.48,4,0,5,0.1,0.001,0.3035
17525,-34.38,1,0,2,0.1,0.001,0.309
17526,-27.87,6,0,7,0.1,0.001,0.3045
17527,37.58,2,1,2,0.1,0.001,0.2899
17528,48.73,10,1,10,0.1,0.001,0.3734
17529,44.12,6,1,6,0.1,0.001,0.5196
17530,-21.01,10,0,11,0.1,0.001,0.4537
17531,-27.36,6,0,7,0.1,0.001,0.3772
17532,41.59,5,1,5,0.1,0.001,0.3172
17533,42.9,6,1,6,0.1,0.001,0.3167
17534,49.16,10,1,10,0.1,0.001,0.4158
17535,49.6,10,1,10,0.1,0.001,0.4597
17536,40.15,4,1,4,0.1,0.001,0.2879
17537,-33.23,2,0,3,0.1,0.001,0.2563
17538,45.6,8,1,8,0.1,0.001,0.325
17539,42.6,6,1,6,0.1,0.001,0.2664
17540,41.3,5,1,5,0.1,0.001,0.2594
17541,41.73,5,1,5,0.1,0.001,0.3459
17542,42.66,6,1,6,0.1,0.001,0.2769
17543,41.43,5,1,5,0.1,0.001,0.2854
17544,51.83,11,1,11,0.1,0.001,0.5297
17545,41.72,5,1,5,0.1,0.001,0.3442
17546,-30.36,4,0,5,0.1,0.001,0.3279
17547,49.71,11,1,11,0.1,0.001,0.3373
17548,-31.84,3,0,4,0.1,0.001,0.2909
17549,55.08,14,1,14,0.1,0.001,0.4342
17550,-34.58,1,0,2,0.1,0.001,0.2122
17551,44.52,7,1,7,0.1,0.001,0.3605
17552,-27.19,6,0,7,0.1,0.001,0.4008
17553,42.87,6,1,6,0.1,0.001,0.311
17554,44.15,7,1,7,0.1,0.001,0.3075
17555,44.73,7,1,7,0.1,0.001,0.3904
17556,45.31,8,1,8,0.1,0.001,0.289
17557,47.13,9,1,9,0.1,0.001,0.348
17558,-32.75,2,0,3,0.1,0.001,0.4183
17559,-20.67,11,0,12,0.1,0.001,0.3608
17560,-16.29,14,0,15,0.1,0.001,0.3807
17561,-34.66,1,0,2,0.1,0.001,0.1684
17562,38.68,3,1,3,0.1,0.001,0.2267
17563,48.82,10,1,10,0.1,0.001,0.3817
17564,40.0,4,1,4,0.1,0.001,0.2495
17565,40.34,4,1,4,0.1,0.001,0.3339
17566,44.91,7,1,7,0.1,0.001,0.4156
17567,47.22,9,1,9,0.1,0.001,0.3583
17568,44.19,7,1,7,0.1,0.001,0.3123
17569,41.46,5,1,5,0.1,0.001,0.2918
17570,-21.18,9,0,10,0.1,0.001,0.582
17571,49.15,11,1,11,0.1,0.001,0.2865
17572,43.34,6,1,6,0.1,0.001,0.3895
17573,51.08,12,1,12,0.1,0.001,0.3396
17574,41.07,5,1,5,0.1,0.001,0.2135
17575,-34.7,1,0,2,0.1,0.001,0.15
17576,37.4,2,1,2,0.1,0.001,0.1986
17577,46.55,8,1,8,0.1,0.001,0.4441
17578,44.35,7,1,7,0.1,0.001,0.3358
17579,44.46,7,1,7,0.1,0.001,0.3515
17580,-33.24,2,0,3,0.1,0.001,0.2531
17581,51.42,11,1,11,0.1,0.001,0.4924
17582,-26.69,6,0,7,0.1,0.001,0.473
17583,46.99,9,1,9,0.1,0.001,0.3318
17584,45.45,8,1,8,0.1,0.001,0.3061
17585,-33.41,2,0,3,0.1,0.001,0.1956
17586,54.02,14,1,14,0.1,0.001,0.3583
17587,-33.39,2,0,3,0.1,0.001,0.2041
17588,41.82,5,1,5,0.1,0.001,0.3643
17589,52.03,11,1,11,0.1,0.001,0.5484
17590,41.42,5,1,5,0.1,0.001,0.2838
17591,-34.62,1,0,2,0.1,0.001,0.1878
17592,55.94,14,1,14,0.1,0.001,0.4958
17593,40.16,4,1,4,0.1,0.001,0.2903
17594,51.13,12,1,12,0.1,0.001,0.3443
17595,38.69,3,1,3,0.1,0.001,0.2308
17596,43.71,6,1,6,0.1,0.001,0.4515
17597,45.96,8,1,8,0.1,0.001,0.3705
17598,-23.07,8,0,9,0.1,0.001,0.5479
17599,-31.21,3,0,4,0.1,0.001,0.447
17600,-27.78,6,0,7,0.1,0.001,0.3168
17601,43.23,6,1,6,0.1,0.001,0.3715
17602,-33.11,2,0,3,0.1,0.001,0.2952
17603,38.84,3,1,3,0.1,0.001,0.2791
17604,-33.12,2,0,3,0.1,0.001,0.2929
17605,-33.3,2,0,3,0.1,0.001,0.2339
17606,38.63,3,1,3,0.1,0.001,0.2094
17607,-7.37,19,0,20,0.1,0.001,0.4815
17608,44.02,7,1,7,0.1,0.001,0.2887
17609,45.65,8,1,8,0.1,0.001,0.3315
17610,-32.17,3,0,4,0.1,0.001,0.2072
17611,-25.74,7,0,8,0.1,0.001,0.4072
17612,42.97,6,1,6,0.1,0.001,0.3283
17613,-27.57,6,0,7,0.1,0.001,0.3464
17614,42.86,6,1,6,0.1,0.001,0.3096
17615,38.68,3,1,3,0.1,0.001,0.2262
17616,41.17,5,1,5,0.1,0.001,0.2344
17617,41.52,5,1,5,0.1,0.001,0.3037
17618,41.37,5,1,5,0.1,0.001,0.2734
17619,45.76,8,1,8,0.1,0.001,0.3448
17620,-34.68,1,0,2,0.1,0.001,0.1605
17621,52.86,13,1,13,0.1,0.001,0.3738
17622,-20.64,10,0,11,0.1,0.001,0.487
17623,44.19,7,1,7,0.1,0.001,0.3136
17624,-30.57,4,0,5,0.1,0.001,0.2858
17625,-32.95,2,0,3,0.1,0.001,0.3484
17626,40.08,4,1,4,0.1,0.001,0.2711
17627,36.11,1,1,1,0.1,0.001,0.1058
17628,48.81,10,1,10,0.1,0.001,0.3813
17629,51.11,11,1,11,0.1,0.001,0.4647
17630,47.48,9,1,9,0.1,0.001,0.3868
17631,-28.44,5,0,6,0.1,0.001,0.4274
17632,52.13,13,1,13,0.1,0.001,0.318
17633,44.14,7,1,7,0.1,0.001,0.3055
17634,-31.33,3,0,4,0.1,0.001,0.4167
17635,-31.28,3,0,4,0.1,0.001,0.4298
17636,38.72,3,1,3,0.1,0.001,0.2405
17637,-34.26,1,0,2,0.1,0.001,0.3714
17638,-33.26,2,0,3,0.1,0.001,0.2456
17639,49.08,8,1,8,0.1,0.001,0.7596
17640,42.88,6,1,6,0.1,0.001,0.3133
17641,-28.0,6,0,7,0.1,0.001,0.2851
17642,46.09,8,1,8,0.1,0.001,0.3857
17643,41.34,5,1,5,0.1,0.001,0.2678
17644,46.13,8,1,8,0.1,0.001,0.3911
17645,38.87,3,1,3,0.1,0.001,0.2909
17646,42.56,6,1,6,0.1,0.001,0.2604
17647,-32.89,2,0,3,0.1,0.001,0.3699
17648,-34.55,1,0,2,0.1,0.001,0.2262
17649,50.6,11,1,11,0.1,0.001,0.418
17650,51.31,12,1,12,0.1,0.001,0.3592
17651,38.75,3,1,3,0.1,0.001,0.2516
17652,43.02,6,1,6,0.1,0.001,0.3372
17653,40.69,4,1,4,0.1,0.001,0.4228
17654,62.97,19,1,19,0.1,0.001,0.4723
17655,48.22,10,1,10,0.1,0.001,0.3222
17656,45.99,8,1,8,0.1,0.001,0.3736
17657,50.43,12,1,12,0.1,0.001,0.286
17658,-34.65,1,0,2,0.1,0.001,0.1758
17659,-30.48,4,0,5,0.1,0.001,0.3035
17660,47.59,9,1,9,0.1,0.001,0.3989
17661,47.65,9,1,9,0.1,0.001,0.4052
17662,-34.15,1,0,2,0.1,0.001,0.4274
17663,-25.65,7,0,8,0.1,0.001,0.4184
17664,-27.23,6,0,7,0.1,0.001,0.3958
17665,36.11,1,1,1,0.1,0.001,0.1062
17666,58.08,16,1,16,0.1,0.001,0.4423
17667,52.61,12,1,12,0.1,0.001,0.4674
17668,45.79,8,1,8,0.1,0.001,0.3483
17669,40.15,4,1,4,0.1,0.001,0.2884
17670,41.61,5,1,5,0.1,0.001,0.3216
17671,-33.28,2,0,3,0.1,0.001,0.2412
17672,41.62,5,1,5,0.1,0.001,0.3236
17673,-29.98,4,0,5,0.1,0.001,0.4034
17674,-29.06,5,0,6,0.1,0.001,0.3231
17675,45.97,8,1,8,0.1,0.001,0.3716
17676,-26.22,6,0,7,0.1,0.001,0.5406
17677,39.93,4,1,4,0.1,0.001,0.2336
17678,41.71,5,1,5,0.1,0.001,0.3427
17679,-22.44,9,0,10,0.1,0.001,0.4559
17680,-27.88,6,0,7,0.1,0.001,0.3026
17681,-34.63,1,0,2,0.1,0.001,0.1868
17682,-34.58,1,0,2,0.1,0.001,0.2098
17683,45.77,8,1,8,0.1,0.001,0.3456
17684,42.91,6,1,6,0.1,0.001,0.318
17685,36.12,1,1,1,0.1,0.001,0.115
17686,41.58,5,1,5,0.1,0.001,0.316
17687,54.06,12,1,12,0.1,0.001,0.5882
17688,44.45,7,1,7,0.1,0.001,0.3493
17689,41.76,5,1,5,0.1,0.001,0.3519
17690,46.6,8,1,8,0.1,0.001,0.4494
17691,-34.54,1,0,2,0.1,0.001,0.2278
17692,-25.86,7,0,8,0.1,0.001,0.3929
17693,-34.62,1,0,2,0.1,0.001,0.1916
17694,48.51,10,1,10,0.1,0.001,0.3515
17695,40.36,4,1,4,0.1,0.001,0.3398
17696,52.54,11,1,11,0.1,0.001,0.595
17697,41.76,5,1,5,0.1,0.001,0.3528
17698,-22.94,9,0,10,0.1,0.001,0.4061
17699,46.94,9,1,9,0.1,0.001,0.3265
17700,40.06,4,1,4,0.1,0.001,0.2661
17701,45.87,8,1,8,0.1,0.001,0.3581
17702,-34.63,1,0,2,0.1,0.001,0.1846
17703,43.02,6,1,6,0.1,0.001,0.3359
17704,48.83,10,1,10,0.1,0.001,0.3826
17705,37.43,2,1,2,0.1,0.001,0.2158
17706,44.2,7,1,7,0.1,0.001,0.3141
17707,-34.44,1,0,2,0.1,0.001,0.2776
17708,-24.83,8,0,9,0.1,0.001,0.352
17709,44.88,7,1,7,0.1,0.001,0.4116
17710,49.49,11,1,11,0.1,0.001,0.317
17711,43.24,6,1,6,0.1,0.001,0.3728
17712,45.38,8,1,8,0.1,0.001,0.298
17713,38.79,3,1,3,0.1,0.001,0.2644
17714,48.13,10,1,10,0.1,0.001,0.3131
17715,-30.03,4,0,5,0.1,0.001,0.3936
17716,-23.66,9,0,10,0.1,0.001,0.3344
17717,47.32,9,1,9,0.1,0.001,0.3684
17718,-21.43,9,0,10,0.1,0.001,0.5574
17719,50.91,10,1,10,0.1,0.001,0.5909
17720,44.57,7,1,7,0.1,0.001,0.3675
17721,46.38,8,1,8,0.1,0.001,0.4226
17722,40.18,4,1,4,0.1,0.001,0.2948
17723,41.58,5,1,5,0.1,0.001,0.3162
17724,45.49,8,1,8,0.1,0.001,0.3113
17725,49.25,10,1,10,0.1,0.001,0.4248
17726,42.76,6,1,6,0.1,0.001,0.2941
17727,38.87,3,1,3,0.1,0.001,0.2904
17728,40.07,4,1,4,0.1,0.001,0.2687
17729,54.68,14,1,14,0.1,0.001,0.4056
17730,53.71,13,1,13,0.1,0.001,0.4389
17731,41.56,5,1,5,0.1,0.001,0.3112
17732,-34.27,1,0,2,0.1,0.001,0.366
17733,-33.35,2,0,3,0.1,0.001,0.2179
17734,45.35,8,1,8,0.1,0.001,0.294
17735,-33.29,2,0,3,0.1,0.001,0.2378
17736,48.0,10,1,10,0.1,0.001,0.3004
17737,36.11,1,1,1,0.1,0.001,0.1095
17738,43.23,6,1,6,0.1,0.001,0.3724
17739,62.81,18,1,18,0.1,0.001,0.545
17740,42.59,6,1,6,0.1,0.001,0.2655
17741,50.96,12,1,12,0.1,0.001,0.3304
17742,45.16,8,1,8,0.1,0.001,0.2698
17743,41.34,5,1,5,0.1,0.001,0.2689
17744,37.44,2,1,2,0.1,0.001,0.2181
17745,55.64,13,1,13,0.1,0.001,0.5879
17746,37.43,2,1,2,0.1,0.001,0.2154
17747,40.14,4,1,4,0.1,0.001,0.2843
17748,-33.12,2,0,3,0.1,0.001,0.2921
17749,41.23,5,1,5,0.1,0.001,0.247
17750,41.22,5,1,5,0.1,0.001,0.2442
17751,45.69,8,1,8,0.1,0.001,0.3364
17752,-32.0,3,0,4,0.1,0.001,0.2507
17753,43.35,6,1,6,0.1,0.001,0.3911
17754,-32.97,2,0,3,0.1,0.001,0.344
17755,45.72,8,1,8,0.1,0.001,0.3401
17756,47.26,9,1,9,0.1,0.001,0.3626
17757,47.14,9,1,9,0.1,0.001,0.3491
17758,44.57,7,1,7,0.1,0.001,0.3675
17759,49.03,10,1,10,0.1,0.001,0.4028
17760,43.9,7,1,7,0.1,0.001,0.2719
17761,47.39,9,1,9,0.1,0.001,0.3765
17762,43.66,6,1,6,0.1,0.001,0.4437
17763,-32.24,3,0,4,0.1,0.001,0.1896
17764,53.04,13,1,13,0.1,0.001,0.3875
17765,44.9,7,1,7,0.1,0.001,0.4138
17766,-22.35,10,0,11,0.1,0.001,0.3314
17767,42.45,6,1,6,0.1,0.001,0.2418
17768,41.44,5,1,5,0.1,0.001,0.2873
17769,40.23,4,1,4,0.1,0.001,0.3064
17770,-31.84,3,0,4,0.1,0.001,0.2904
17771,-34.72,1,0,2,0.1,0.001,0.1415
17772,-31.66,3,0,4,0.1,0.001,0.3361
17773,-34.72,1,0,2,0.1,0.001,0.1422
17774,-31.65,3,0,4,0.1,0.001,0.3385
17775,-27.62,5,0,6,0.1,0.001,0.5636
17776,-24.93,8,0,9,0.1,0.001,0.341
17777,37.29,2,1,2,0.1,0.001,0.1449
17778,53.58,11,1,11,0.1,0.001,0.6892
17779,-21.99,9,0,10,0.1,0.001,0.5011
17780,55.78,15,1,15,0.1,0.001,0.3855
17781,46.25,8,1,8,0.1,0.001,0.4058
17782,43.5,6,1,6,0.1,0.001,0.4174
17783,40.39,4,1,4,0.1,0.001,0.3465
17784,46.53,8,1,8,0.1,0.001,0.4414
17785,-34.52,1,0,2,0.1,0.001,0.2386
17786,50.45,11,1,11,0.1,0.001,0.4046
17787,-14.54,14,0,15,0.1,0.001,0.4976
17788,-19.49,12,0,13,0.1,0.001,0.347
17789,46.54,9,1,9,0.1,0.001,0.2818
17790,41.16,5,1,5,0.1,0.001,0.2326
17791,55.9,15,1,15,0.1,0.001,0.3933
17792,57.58,16,1,16,0.1,0.001,0.4112
17793,-34.7,1,0,2,0.1,0.001,0.1491
17794,46.99,9,1,9,0.1,0.001,0.3327
17795,48.02,9,1,9,0.1,0.001,0.4464
17796,41.37,5,1,5,0.1,0.001,0.2742
17797,37.47,2,1,2,0.1,0.001,0.2371
17798,42.86,6,1,6,0.1,0.001,0.3103
17799,-28.46,5,0,6,0.1,0.001,0.4235
17800,-22.1,10,0,11,0.1,0.001,0.3543
17801,42.72,6,1,6,0.1,0.001,0.2871
17802,47.19,9,1,9,0.1,0.001,0.354
17803,45.44,8,1,8,0.1,0.001,0.3049
17804,45.43,8,1,8,0.1,0.001,0.3038
17805,43.26,6,1,6,0.1,0.001,0.3768
17806,50.08,11,1,11,0.1,0.001,0.3709
17807,43.66,7,1,7,0.1,0.001,0.2367
17808,-26.22,7,0,8,0.1,0.001,0.3479
17809,41.6,5,1,5,0.1,0.001,0.3205
17810,36.1,1,1,1,0.1,0.001,0.1029
17811,40.06,4,1,4,0.1,0.001,0.2657
17812,-33.5,2,0,3,0.1,0.001,0.1673
17813,47.83,9,1,9,0.1,0.001,0.4253
17814,50.24,10,1,10,0.1,0.001,0.5239
17815,49.52,11,1,11,0.1,0.001,0.3204
17816,53.27,13,1,13,0.1,0.001,0.4056
17817,-34.33,1,0,2,0.1,0.001,0.3364
17818,-28.09,5,0,6,0.1,0.001,0.4857
17819,-20.62,11,0,12,0.1,0.001,0.3652
17820,-24.96,7,0,8,0.1,0.001,0.5054
17821,-33.27,2,0,3,0.1,0.001,0.2433
17822,44.26,7,1,7,0.1,0.001,0.3224
17823,45.88,8,1,8,0.1,0.001,0.3605
17824,42.79,5,1,5,0.1,0.001,0.5577
17825,52.59,13,1,13,0.1,0.001,0.3528
17826,-30.51,4,0,5,0.1,0.001,0.2973
17827,-30.38,4,0,5,0.1,0.001,0.3235
17828,-34.61,1,0,2,0.1,0.001,0.1947
17829,38.72,3,1,3,0.1,0.001,0.2402
17830,-34.61,1,0,2,0.1,0.001,0.1926
17831,41.48,5,1,5,0.1,0.001,0.297
17832,-24.96,8,0,9,0.1,0.001,0.3379
17833,44.47,7,1,7,0.1,0.001,0.3522
17834,-28.44,5,0,6,0.1,0.001,0.4264
17835,37.43,2,1,2,0.1,0.001,0.2164
17836,-31.76,3,0,4,0.1,0.001,0.3094
17837,42.75,6,1,6,0.1,0.001,0.291
17838,43.2,6,1,6,0.1,0.001,0.3674
17839,-33.48,2,0,3,0.1,0.001,0.1741
17840,-34.47,1,0,2,0.1,0.001,0.2638
17841,-29.01,5,0,6,0.1,0.001,0.3311
17842,37.43,2,1,2,0.1,0.001,0.216
17843,39.9,4,1,4,0.1,0.001,0.2258
17844,-27.35,6,0,7,0.1,0.001,0.3791
17845,51.89,12,1,12,0.1,0.001,0.4077
17846,41.61,5,1,5,0.1,0.001,0.3216
17847,41.34,5,1,5,0.1,0.001,0.2682
17848,48.59,10,1,10,0.1,0.001,0.3585
17849,44.45,7,1,7,0.1,0.001,0.3506
17850,49.04,10,1,10,0.1,0.001,0.4041
17851,46.56,8,1,8,0.1,0.001,0.4452
17852,-24.52,8,0,9,0.1,0.001,0.3864
17853,37.41,2,1,2,0.1,0.001,0.2038
17854,41.2,5,1,5,0.1,0.001,0.2394
17855,43.2,6,1,6,0.1,0.001,0.3672
17856,40.08,4,1,4,0.1,0.001,0.2692
17857,49.88,10,1,10,0.1,0.001,0.4882
17858,-34.71,1,0,2,0.1,0.001,0.1462
17859,-22.85,9,0,10,0.1,0.001,0.415
17860,-28.81,5,0,6,0.1,0.001,0.365
17861,-34.32,1,0,2,0.1,0.001,0.3377
17862,41.34,5,1,5,0.1,0.001,0.2682
17863,45.13,7,1,7,0.1,0.001,0.4474
17864,45.14,8,1,8,0.1,0.001,0.2678
17865,-34.46,1,0,2,0.1,0.001,0.2704
17866,43.87,7,1,7,0.1,0.001,0.2671
17867,51.45,12,1,12,0.1,0.001,0.3709
17868,40.13,4,1,4,0.1,0.001,0.2828
17869,-34.51,1,0,2,0.1,0.001,0.2436
17870,50.82,12,1,12,0.1,0.001,0.3179
17871,49.53,11,1,11,0.1,0.001,0.3207
17872,45.29,8,1,8,0.1,0.001,0.2862
17873,40.0,4,1,4,0.1,0.001,0.251
17874,-30.76,4,0,5,0.1,0.001,0.2482
17875,57.22,15,1,15,0.1,0.001,0.4813
17876,45.29,8,1,8,0.1,0.001,0.286
17877,48.49,10,1,10,0.1,0.001,0.3488
17878,-34.66,1,0,2,0.1,0.001,0.1699
17879,-28.54,5,0,6,0.1,0.001,0.4093
17880,42.81,6,1,6,0.1,0.001,0.3019
17881,47.36,9,1,9,0.1,0.001,0.373
17882,38.8,3,1,3,0.1,0.001,0.2658
17883,43.22,6,1,6,0.1,0.001,0.3702
17884,47.36,9,1,9,0.1,0.001,0.3734
17885,-34.6,1,0,2,0.1,0.001,0.1987
17886,53.9,14,1,14,0.1,0.001,0.35
17887,43.88,7,1,7,0.1,0.001,0.2685
17888,-34.63,1,0,2,0.1,0.001,0.1828
17889,38.68,3,1,3,0.1,0.001,0.2272
17890,-29.59,4,0,5,0.1,0.001,0.4819
17891,47.55,9,1,9,0.1,0.001,0.3945
17892,42.47,6,1,6,0.1,0.001,0.2443
17893,41.75,5,1,5,0.1,0.001,0.3494
17894,48.8,10,1,10,0.1,0.001,0.3796
17895,-22.2,9,0,10,0.1,0.001,0.4796
17896,44.49,7,1,7,0.1,0.001,0.3552
17897,40.58,4,1,4,0.1,0.001,0.394
17898,48.68,10,1,10,0.1,0.001,0.3678
17899,40.06,4,1,4,0.1,0.001,0.2662
17900,45.34,8,1,8,0.1,0.001,0.2929
17901,-26.42,7,0,8,0.1,0.001,0.3227
17902,-29.3,5,0,6,0.1,0.001,0.2837
17903,-29.1,5,0,6,0.1,0.001,0.3175
17904,47.69,9,1,9,0.1,0.001,0.41
17905,-28.91,5,0,6,0.1,0.001,0.3476
17906,44.1,7,1,7,0.1,0.001,0.2999
17907,40.04,4,1,4,0.1,0.001,0.2608
17908,-25.3,7,0,8,0.1,0.001,0.4626
17909,37.45,2,1,2,0.1,0.001,0.2258
17910,46.87,9,1,9,0.1,0.001,0.3189
17911,53.59,13,1,13,0.1,0.001,0.4302
17912,43.1,6,1,6,0.1,0.001,0.3507
17913,-34.66,1,0,2,0.1,0.001,0.1713
17914,-32.0,3,0,4,0.1,0.001,0.2502
17915,40.22,4,1,4,0.1,0.001,0.3053
17916,44.34,7,1,7,0.1,0.001,0.334
17917,50.53,11,1,11,0.1,0.001,0.4117
17918,-22.3,9,0,10,0.1,0.001,0.4705
17919,-31.69,3,0,4,0.1,0.001,0.3267
17920,-23.57,9,0,10,0.1,0.001,0.3435
17921,-24.9,8,0,9,0.1,0.001,0.3443
17922,46.74,9,1,9,0.1,0.001,0.304
17923,46.61,9,1,9,0.1,0.001,0.2903
17924,-31.65,3,0,4,0.1,0.001,0.3385
17925,39.91,4,1,4,0.1,0.001,0.2274
17926,-34.66,1,0,2,0.1,0.001,0.1688
17927,41.46,5,1,5,0.1,0.001,0.291
17928,-34.66,1,0,2,0.1,0.001,0.1707
17929,-33.11,2,0,3,0.1,0.001,0.2952
17930,-30.41,4,0,5,0.1,0.001,0.3177
17931,-33.19,2,0,3,0.1,0.001,0.2696
17932,46.91,9,1,9,0.1,0.001,0.3232
17933,-18.02,13,0,14,0.1,0.001,0.3558
17934,-34.7,1,0,2,0.1,0.001,0.1509
17935,-34.7,1,0,2,0.1,0.001,0.1501
17936,38.82,3,1,3,0.1,0.001,0.2717
17937,44.52,7,1,7,0.1,0.001,0.3602
17938,36.11,1,1,1,0.1,0.001,0.1146
17939,44.52,7,1,7,0.1,0.001,0.3595
17940,-20.95,11,0,12,0.1,0.001,0.3371
17941,-29.22,5,0,6,0.1,0.001,0.296
17942,51.9,12,1,12,0.1,0.001,0.4086
17943,47.06,9,1,9,0.1,0.001,0.3399
17944,41.41,5,1,5,0.1,0.001,0.2823
17945,38.7,3,1,3,0.1,0.001,0.233
17946,-24.49,8,0,9,0.1,0.001,0.3904
17947,43.28,6,1,6,0.1,0.001,0.3796
17948,-27.48,6,0,7,0.1,0.001,0.3596
17949,45.09,8,1,8,0.1,0.001,0.2618
17950,51.01,11,1,11,0.1,0.001,0.4551
17951,40.27,4,1,4,0.1,0.001,0.3181
17952,40.17,4,1,4,0.1,0.001,0.2924
17953,45.18,7,1,7,0.1,0.001,0.4536
17954,40.13,4,1,4,0.1,0.001,0.2837
17955,42.76,6,1,6,0.1,0.001,0.2935
17956,57.07,15,1,15,0.1,0.001,0.4712
17957,-30.56,4,0,5,0.1,0.001,0.2883
17958,51.66,12,1,12,0.1,0.001,0.3882
17959,40.23,4,1,4,0.1,0.001,0.3086
17960,42.63,6,1,6,0.1,0.001,0.2713
17961,-32.09,3,0,4,0.1,0.001,0.2275
17962,44.2,7,1,7,0.1,0.001,0.3149
17963,40.41,4,1,4,0.1,0.001,0.3529
17964,-26.04,7,0,8,0.1,0.001,0.37
17965,38.7,3,1,3,0.1,0.001,0.2327
17966,41.59,5,1,5,0.1,0.001,0.3185
17967,48.86,11,1,11,0.1,0.001,0.2596
17968,46.07,8,1,8,0.1,0.001,0.3841
17969,46.84,8,1,8,0.1,0.001,0.4801
17970,45.34,8,1,8,0.1,0.001,0.293
17971,-33.34,2,0,3,0.1,0.001,0.2194
17972,48.97,10,1,10,0.1,0.001,0.3973
17973,51.07,11,1,11,0.1,0.001,0.461
17974,-31.3,3,0,4,0.1,0.001,0.4257
17975,50.57,11,1,11,0.1,0.001,0.4151
17976,47.09,9,1,9,0.1,0.001,0.3434
17977,54.2,13,1,13,0.1,0.001,0.4767
17978,-34.51,1,0,2,0.1,0.001,0.2442
17979,44.31,7,1,7,0.1,0.001,0.3296
17980,61.76,18,1,18,0.1,0.001,0.4867
17981,43.1,6,1,6,0.1,0.001,0.3504
17982,50.8,12,1,12,0.1,0.001,0.3166
17983,37.39,2,1,2,0.1,0.001,0.1928
17984,52.89,14,1,14,0.1,0.001,0.278
17985,48.06,10,1,10,0.1,0.001,0.3057
17986,-24.49,8,0,9,0.1,0.001,0.3898
17987,40.41,4,1,4,0.1,0.001,0.3521
17988,47.95,9,1,9,0.1,0.001,0.4385
17989,43.75,7,1,7,0.1,0.001,0.2496
17990,44.15,7,1,7,0.1,0.001,0.3073
17991,43.87,7,1,7,0.1,0.001,0.2672
17992,-34.43,1,0,2,0.1,0.001,0.2872
17993,49.85,11,1,11,0.1,0.001,0.3504
17994,55.15,13,1,13,0.1,0.001,0.5503
17995,49.59,11,1,11,0.1,0.001,0.3261
17996,-27.73,6,0,7,0.1,0.001,0.3243
17997,38.76,3,1,3,0.1,0.001,0.2527
17998,41.63,5,1,5,0.1,0.001,0.3269
17999,40.3,4,1,4,0.1,0.001,0.324
18000,68.2,21,1,21,0.1,0.001,0.581
18001,41.47,5,1,5,0.1,0.001,0.2938
18002,46.02,8,1,8,0.1,0.001,0.3775
18003,45.55,8,1,8,0.1,0.001,0.3194
18004,38.72,3,1,3,0.1,0.001,0.2416
18005,-34.67,1,0,2,0.1,0.001,0.1668
18006,-32.97,2,0,3,0.1,0.001,0.3435
18007,52.38,13,1,13,0.1,0.001,0.3369
18008,45.9,8,1,8,0.1,0.001,0.362
18009,41.67,5,1,5,0.1,0.001,0.3333
18010,-34.58,1,0,2,0.1,0.001,0.2075
18011,-33.34,2,0,3,0.1,0.001,0.2195
18012,-33.03,2,0,3,0.1,0.001,0.3244
18013,45.42,8,1,8,0.1,0.001,0.302
18014,-30.19,4,0,5,0.1,0.001,0.3624
18015,-21.97,9,0,10,0.1,0.001,0.5032
18016,37.39,2,1,2,0.1,0.001,0.196
18017,41.44,5,1,5,0.1,0.001,0.288
18018,-26.51,7,0,8,0.1,0.001,0.3115
18019,42.78,6,1,6,0.1,0.001,0.2973
18020,44.49,7,1,7,0.1,0.001,0.3554
18021,47.71,10,1,10,0.1,0.001,0.2711
18022,56.18,15,1,15,0.1,0.001,0.4121
18023,42.12,5,1,5,0.1,0.001,0.4244
18024,46.75,9,1,9,0.1,0.001,0.3051
18025,50.6,11,1,11,0.1,0.001,0.418
18026,53.47,13,1,13,0.1,0.001,0.4207
18027,-28.77,5,0,6,0.1,0.001,0.3708
18028,-20.32,10,0,11,0.1,0.001,0.5162
18029,36.11,1,1,1,0.1,0.001,0.1086
18030,-33.18,2,0,3,0.1,0.001,0.275
18031,-34.67,1,0,2,0.1,0.001,0.1631
18032,49.62,11,1,11,0.1,0.001,0.3293
18033,51.41,12,1,12,0.1,0.001,0.3672
18034,57.71,16,1,16,0.1,0.001,0.4192
18035,-22.9,9,0,10,0.1,0.001,0.4101
18036,45.87,8,1,8,0.1,0.001,0.3593
18037,40.1,4,1,4,0.1,0.001,0.2742
18038,47.07,9,1,9,0.1,0.001,0.341
18039,41.22,5,1,5,0.1,0.001,0.2431
18040,-28.94,5,0,6,0.1,0.001,0.3427
18041,53.18,13,1,13,0.1,0.001,0.3983
18042,-23.14,9,0,10,0.1,0.001,0.3859
18043,48.29,10,1,10,0.1,0.001,0.3287
18044,-34.7,1,0,2,0.1,0.001,0.1519
18045,43.09,6,1,6,0.1,0.001,0.3481
18046,56.76,15,1,15,0.1,0.001,0.4508
18047,-29.48,5,0,6,0.1,0.001,0.2538
18048,46.34,8,1,8,0.1,0.001,0.4176
18049,40.12,4,1,4,0.1,0.001,0.2805
18050,42.84,6,1,6,0.1,0.001,0.3071
18051,52.65,12,1,12,0.1,0.001,0.4709
18052,51.91,12,1,12,0.1,0.001,0.4094
18053,56.28,15,1,15,0.1,0.001,0.4189
18054,-34.55,1,0,2,0.1,0.001,0.2267
18055,-25.43,7,0,8,0.1,0.001,0.4462
18056,-27.47,6,0,7,0.1,0.001,0.361
18057,-34.66,1,0,2,0.1,0.001,0.17
18058,43.92,7,1,7,0.1,0.001,0.2748
18059,54.86,14,1,14,0.1,0.001,0.4184
18060,-30.53,4,0,5,0.1,0.001,0.2941
18061,44.34,7,1,7,0.1,0.001,0.3341
18062,-28.56,5,0,6,0.1,0.001,0.4072
18063,-34.67,1,0,2,0.1,0.001,0.1658
18064,49.6,11,1,11,0.1,0.001,0.3271
18065,49.12,10,1,10,0.1,0.001,0.4115
18066,42.66,6,1,6,0.1,0.001,0.2772
18067,40.02,4,1,4,0.1,0.001,0.2561
18068,48.16,9,1,9,0.1,0.001,0.4625
18069,-21.46,7,0,8,0.1,0.001,0.9427
18070,47.25,9,1,9,0.1,0.001,0.3613
18071,46.76,9,1,9,0.1,0.001,0.3064
18072,-25.15,8,0,9,0.1,0.001,0.3169
18073,-32.83,2,0,3,0.1,0.001,0.3913
18074,52.9,13,1,13,0.1,0.001,0.3766
18075,56.52,15,1,15,0.1,0.001,0.4346
18076,-33.26,2,0,3,0.1,0.001,0.2451
18077,45.37,8,1,8,0.1,0.001,0.2967
18078,-24.34,8,0,9,0.1,0.001,0.4063
18079,37.42,2,1,2,0.1,0.001,0.2114
18080,-25.11,8,0,9,0.1,0.001,0.3212
18081,49.36,10,1,10,0.1,0.001,0.4358
18082,-34.43,1,0,2,0.1,0.001,0.2831
18083,45.39,8,1,8,0.1,0.001,0.2985
18084,-33.24,2,0,3,0.1,0.001,0.2537
18085,43.9,7,1,7,0.1,0.001,0.2714
18086,-25.51,7,0,8,0.1,0.001,0.4358
18087,-33.06,2,0,3,0.1,0.001,0.3123
18088,57.42,15,1,15,0.1,0.001,0.4948
18089,39.79,4,1,4,0.1,0.001,0.1969
18090,-30.28,4,0,5,0.1,0.001,0.344
18091,49.34,10,1,10,0.1,0.001,0.4336
18092,41.87,5,1,5,0.1,0.001,0.3747
18093,46.13,8,1,8,0.1,0.001,0.3908
18094,-34.51,1,0,2,0.1,0.001,0.2447
18095,50.54,11,1,11,0.1,0.001,0.4128
18096,-30.12,4,0,5,0.1,0.001,0.3768
18097,50.49,11,1,11,0.1,0.001,0.4086
18098,44.09,7,1,7,0.1,0.001,0.299
18099,44.95,7,1,7,0.1,0.001,0.4215
18100,44.23,7,1,7,0.1,0.001,0.3184
18101,39.01,3,1,3,0.1,0.001,0.3368
18102,-15.98,13,0,14,0.1,0.001,0.5015
18103,-30.59,4,0,5,0.1,0.001,0.2828
18104,46.65,9,1,9,0.1,0.001,0.2947
18105,-28.81,5,0,6,0.1,0.001,0.3647
18106,50.97,12,1,12,0.1,0.001,0.3312
18107,47.0,9,1,9,0.1,0.001,0.3331
18108,53.36,13,1,13,0.1,0.001,0.4126
18109,39.93,4,1,4,0.1,0.001,0.2331
18110,-33.38,2,0,3,0.1,0.001,0.2078
18111,48.18,10,1,10,0.1,0.001,0.318
18112,38.65,3,1,3,0.1,0.001,0.2152
18113,45.87,8,1,8,0.1,0.001,0.3591
18114,-31.89,3,0,4,0.1,0.001,0.2782
18115,40.23,4,1,4,0.1,0.001,0.3073
18116,48.2,10,1,10,0.1,0.001,0.3201
18117,52.83,12,1,12,0.1,0.001,0.4862
18118,43.99,7,1,7,0.1,0.001,0.2839
18119,46.13,8,1,8,0.1,0.001,0.3916
18120,40.47,4,1,4,0.1,0.001,0.3663
18121,47.98,10,1,10,0.1,0.001,0.2978
18122,-22.57,9,0,10,0.1,0.001,0.4426
18123,45.54,8,1,8,0.1,0.001,0.3169
18124,-21.84,10,0,11,0.1,0.001,0.3779
18125,-30.66,4,0,5,0.1,0.001,0.2676
18126,50.46,11,1,11,0.1,0.001,0.4058
18127,45.35,8,1,8,0.1,0.001,0.2935
18128,46.67,9,1,9,0.1,0.001,0.2971
18129,38.63,3,1,3,0.1,0.001,0.2115
18130,47.42,9,1,9,0.1,0.001,0.3797
18131,-34.69,1,0,2,0.1,0.001,0.1539
18132,40.08,4,1,4,0.1,0.001,0.2692
18133,46.92,9,1,9,0.1,0.001,0.325
18134,38.79,3,1,3,0.1,0.001,0.2636
18135,50.51,11,1,11,0.1,0.001,0.4101
18136,41.55,5,1,5,0.1,0.001,0.3103
18137,45.51,7,1,7,0.1,0.001,0.501
18138,42.65,6,1,6,0.1,0.001,0.2753
18139,45.87,8,1,8,0.1,0.001,0.3587
18140,46.68,9,1,9,0.1,0.001,0.298
18141,49.7,9,1,9,0.1,0.001,0.6331
18142,42.73,6,1,6,0.1,0.001,0.2885
18143,-27.37,6,0,7,0.1,0.001,0.3759
18144,-33.35,2,0,3,0.1,0.001,0.2182
18145,41.68,5,1,5,0.1,0.001,0.3367
18146,43.45,6,1,6,0.1,0.001,0.4084
18147,41.36,5,1,5,0.1,0.001,0.2721
18148,-26.02,7,0,8,0.1,0.001,0.3721
18149,-25.47,7,0,8,0.1,0.001,0.4418
18150,47.2,9,1,9,0.1,0.001,0.3557
18151,47.21,9,1,9,0.1,0.001,0.357
18152,47.61,9,1,9,0.1,0.001,0.4009
18153,42.31,6,1,6,0.1,0.001,0.2177
18154,-33.32,2,0,3,0.1,0.001,0.2257
18155,-33.24,2,0,3,0.1,0.001,0.2542
18156,44.71,7,1,7,0.1,0.001,0.3875
18157,-25.59,7,0,8,0.1,0.001,0.426
18158,48.79,10,1,10,0.1,0.001,0.3794
18159,48.02,9,1,9,0.1,0.001,0.4463
18160,39.99,4,1,4,0.1,0.001,0.2463
18161,46.61,9,1,9,0.1,0.001,0.29
18162,-31.84,3,0,4,0.1,0.001,0.2912
18163,-30.26,4,0,5,0.1,0.001,0.3487
18164,44.18,7,1,7,0.1,0.001,0.3116
18165,53.1,13,1,13,0.1,0.001,0.3921
18166,46.59,9,1,9,0.1,0.001,0.2882
18167,-28.86,5,0,6,0.1,0.001,0.3562
18168,37.55,2,1,2,0.1,0.001,0.2755
18169,-19.55,12,0,13,0.1,0.001,0.3419
18170,-28.18,6,0,7,0.1,0.001,0.26
18171,-18.39,12,0,13,0.1,0.001,0.4317
18172,37.38,2,1,2,0.1,0.001,0.1913
18173,86.22,32,1,32,0.1,0.001,0.6007
18174,41.47,5,1,5,0.1,0.001,0.2946
18175,40.2,4,1,4,0.1,0.001,0.3003
18176,49.23,11,1,11,0.1,0.001,0.2937
18177,39.98,4,1,4,0.1,0.001,0.246
18178,44.12,7,1,7,0.1,0.001,0.303
18179,55.29,15,1,15,0.1,0.001,0.3525
18180,49.84,11,1,11,0.1,0.001,0.3495
18181,48.97,10,1,10,0.1,0.001,0.3971
18182,-31.62,3,0,4,0.1,0.001,0.344
18183,-23.18,9,0,10,0.1,0.001,0.3824
18184,50.03,11,1,11,0.1,0.001,0.3665
18185,42.45,6,1,6,0.1,0.001,0.2419
18186,45.26,8,1,8,0.1,0.001,0.2831
18187,47.58,9,1,9,0.1,0.001,0.3981
18188,48.66,10,1,10,0.1,0.001,0.3665
18189,48.03,9,1,9,0.1,0.001,0.4483
18190,43.98,7,1,7,0.1,0.001,0.2825
18191,-33.04,2,0,3,0.1,0.001,0.3205
18192,45.54,8,1,8,0.1,0.001,0.3181
18193,-30.23,4,0,5,0.1,0.001,0.3543
18194,-30.97,4,0,5,0.1,0.001,0.2056
18195,43.94,7,1,7,0.1,0.001,0.2772
18196,-33.02,2,0,3,0.1,0.001,0.328
18197,-28.02,6,0,7,0.1,0.001,0.2823
18198,42.58,6,1,6,0.1,0.001,0.2629
18199,-29.01,5,0,6,0.1,0.001,0.3309
18200,-32.92,2,0,3,0.1,0.001,0.361
18201,46.32,8,1,8,0.1,0.001,0.4145
18202,41.24,5,1,5,0.1,0.001,0.2475
18203,-29.7,4,0,5,0.1,0.001,0.4599
18204,41.58,5,1,5,0.1,0.001,0.3164
18205,47.32,9,1,9,0.1,0.001,0.3693
18206,43.12,6,1,6,0.1,0.001,0.3538
18207,45.98,8,1,8,0.1,0.001,0.3719
18208,38.82,3,1,3,0.1,0.001,0.2718
18209,44.61,7,1,7,0.1,0.001,0.3724
18210,40.44,4,1,4,0.1,0.001,0.3602
18211,51.66,12,1,12,0.1,0.001,0.3881
18212,-29.08,5,0,6,0.1,0.001,0.3205
18213,-28.89,5,0,6,0.1,0.001,0.3521
18214,-34.11,1,0,2,0.1,0.001,0.4427
18215,43.87,7,1,7,0.1,0.001,0.2672
18216,-31.29,3,0,4,0.1,0.001,0.4267
18217,-33.2,2,0,3,0.1,0.001,0.2652
18218,46.24,8,1,8,0.1,0.001,0.4052
18219,44.01,6,1,6,0.1,0.001,0.5011
18220,-33.48,2,0,3,0.1,0.001,0.1724
18221,49.8,11,1,11,0.1,0.001,0.3457
18222,-33.18,2,0,3,0.1,0.001,0.2732
18223,-29.79,4,0,5,0.1,0.001,0.4412
18224,48.63,10,1,10,0.1,0.001,0.3632
18225,-30.14,4,0,5,0.1,0.001,0.3728
18226,45.5,8,1,8,0.1,0.001,0.3123
18227,-29.2,5,0,6,0.1,0.001,0.2998
18228,44.17,7,1,7,0.1,0.001,0.3099
18229,47.69,9,1,9,0.1,0.001,0.4098
18230,40.02,4,1,4,0.1,0.001,0.256
18231,-25.8,7,0,8,0.1,0.001,0.4001
18232,-34.4,1,0,2,0.1,0.001,0.2998
18233,64.01,19,1,19,0.1,0.001,0.5267
18234,40.46,4,1,4,0.1,0.001,0.364
18235,-26.58,6,0,7,0.1,0.001,0.4893
18236,-30.65,4,0,5,0.1,0.001,0.2699
18237,50.66,11,1,11,0.1,0.001,0.4233
18238,-17.99,12,0,13,0.1,0.001,0.4626
18239,47.08,9,1,9,0.1,0.001,0.3418
18240,46.99,9,1,9,0.1,0.001,0.3325
18241,51.92,12,1,12,0.1,0.001,0.4102
18242,42.74,6,1,6,0.1,0.001,0.2895
18243,-28.23,5,0,6,0.1,0.001,0.4617
18244,40.16,4,1,4,0.1,0.001,0.2908
18245,45.83,8,1,8,0.1,0.001,0.3533
18246,45.48,8,1,8,0.1,0.001,0.3098
18247,47.53,9,1,9,0.1,0.001,0.3922
18248,41.47,5,1,5,0.1,0.001,0.2937
18249,50.17,11,1,11,0.1,0.001,0.3794
18250,42.72,6,1,6,0.1,0.001,0.2863
18251,-22.5,9,0,10,0.1,0.001,0.4498
18252,41.44,5,1,5,0.1,0.001,0.2872
18253,-33.31,2,0,3,0.1,0.001,0.2311
18254,-34.65,1,0,2,0.1,0.001,0.1756
18255,42.96,6,1,6,0.1,0.001,0.3271
18256,-24.31,8,0,9,0.1,0.001,0.4105
18257,41.35,5,1,5,0.1,0.001,0.2692
18258,-34.68,1,0,2,0.1,0.001,0.1584
18259,-34.69,1,0,2,0.1,0.001,0.1563
18260,-33.38,2,0,3,0.1,0.001,0.2066
18261,-23.2,8,0,9,0.1,0.001,0.5338
18262,-31.89,3,0,4,0.1,0.001,0.2772
18263,40.18,4,1,4,0.1,0.001,0.2953
18264,56.4,15,1,15,0.1,0.001,0.4269
18265,45.95,8,1,8,0.1,0.001,0.3693
18266,49.46,10,1,10,0.1,0.001,0.4458
18267,41.51,5,1,5,0.1,0.001,0.3026
18268,59.34,17,1,17,0.1,0.001,0.4318
18269,-28.09,6,0,7,0.1,0.001,0.2731
18270,47.05,9,1,9,0.1,0.001,0.3389
18271,42.92,6,1,6,0.1,0.001,0.32
18272,45.65,8,1,8,0.1,0.001,0.3314
18273,-28.47,5,0,6,0.1,0.001,0.4211
18274,41.49,5,1,5,0.1,0.001,0.2978
18275,45.33,8,1,8,0.1,0.001,0.2917
18276,43.11,6,1,6,0.1,0.001,0.3523
18277,48.54,10,1,10,0.1,0.001,0.354
18278,51.33,12,1,12,0.1,0.001,0.361
18279,-31.35,3,0,4,0.1,0.001,0.4133
18280,-27.81,6,0,7,0.1,0.001,0.3133
18281,-33.32,2,0,3,0.1,0.001,0.2281
18282,48.32,10,1,10,0.1,0.001,0.3325
18283,-27.74,6,0,7,0.1,0.001,0.3233
18284,49.55,8,1,8,0.1,0.001,0.819
18285,41.73,5,1,5,0.1,0.001,0.3464
18286,40.13,4,1,4,0.1,0.001,0.2816
18287,-12.55,16,0,17,0.1,0.001,0.4381
18288,44.28,7,1,7,0.1,0.001,0.3252
18289,-20.91,10,0,11,0.1,0.001,0.4626
18290,47.17,9,1,9,0.1,0.001,0.3525
18291,-28.5,5,0,6,0.1,0.001,0.4163
18292,-33.18,2,0,3,0.1,0.001,0.2748
18293,45.06,7,1,7,0.1,0.001,0.4373
18294,-34.69,1,0,2,0.1,0.001,0.153
18295,50.1,10,1,10,0.1,0.001,0.5101
18296,43.97,7,1,7,0.1,0.001,0.2808
18297,45.71,8,1,8,0.1,0.001,0.3382
18298,38.71,3,1,3,0.1,0.001,0.2381
18299,42.61,6,1,6,0.1,0.001,0.2677
18300,41.69,5,1,5,0.1,0.001,0.3377
18301,42.81,6,1,6,0.1,0.001,0.301
18302,-27.46,6,0,7,0.1,0.001,0.3624
18303,-34.71,1,0,2,0.1,0.001,0.1433
18304,-30.68,4,0,5,0.1,0.001,0.2638
18305,38.64,3,1,3,0.1,0.001,0.2143
18306,-26.53,7,0,8,0.1,0.001,0.3093
18307,-31.81,3,0,4,0.1,0.001,0.2987
18308,46.72,9,1,9,0.1,0.001,0.3023
18309,42.9,6,1,6,0.1,0.001,0.3173
18310,47.19,9,1,9,0.1,0.001,0.3542
18311,45.34,8,1,8,0.1,0.001,0.2924
18312,53.3,13,1,13,0.1,0.001,0.4078
18313,-34.71,1,0,2,0.1,0.001,0.1449
18314,45.83,8,1,8,0.1,0.001,0.354
18315,-19.51,12,0,13,0.1,0.001,0.3454
18316,-34.65,1,0,2,0.1,0.001,0.175
18317,-34.65,1,0,2,0.1,0.001,0.1746
18318,-30.29,4,0,5,0.1,0.001,0.3422
18319,-34.7,1,0,2,0.1,0.001,0.1497
18320,49.64,11,1,11,0.1,0.001,0.3305
18321,-29.02,5,0,6,0.1,0.001,0.3301
18322,-34.64,1,0,2,0.1,0.001,0.1816
18323,-26.68,7,0,8,0.1,0.001,0.2906
18324,46.97,9,1,9,0.1,0.001,0.3295
18325,-24.55,8,0,9,0.1,0.001,0.3837
18326,47.39,9,1,9,0.1,0.001,0.3766
18327,46.86,9,1,9,0.1,0.001,0.3179
18328,-31.81,3,0,4,0.1,0.001,0.2966
18329,-33.27,2,0,3,0.1,0.001,0.2427
18330,47.54,9,1,9,0.1,0.001,0.3936
18331,44.57,7,1,7,0.1,0.001,0.3674
18332,-25.53,6,0,7,0.1,0.001,0.6382
18333,41.78,5,1,5,0.1,0.001,0.355
18334,52.96,13,1,13,0.1,0.001,0.3818
18335,-30.04,4,0,5,0.1,0.001,0.3928
18336,43.53,6,1,6,0.1,0.001,0.4218
18337,-25.72,6,0,7,0.1,0.001,0.6112
18338,-26.4,7,0,8,0.1,0.001,0.3245
18339,38.85,3,1,3,0.1,0.001,0.283
18340,45.8,8,1,8,0.1,0.001,0.3497
18341,-29.16,5,0,6,0.1,0.001,0.3061
18342,-34.62,1,0,2,0.1,0.001,0.1919
18343,44.55,7,1,7,0.1,0.001,0.3639
18344,41.52,5,1,5,0.1,0.001,0.3044
18345,-28.6,5,0,6,0.1,0.001,0.3997
18346,43.18,6,1,6,0.1,0.001,0.3633
18347,-34.45,1,0,2,0.1,0.001,0.2767
18348,-28.17,6,0,7,0.1,0.001,0.2618
18349,-33.41,2,0,3,0.1,0.001,0.1963
18350,-31.68,3,0,4,0.1,0.001,0.3299
18351,48.37,9,1,9,0.1,0.001,0.4852
18352,46.56,8,1,8,0.1,0.001,0.4447
18353,40.26,4,1,4,0.1,0.001,0.3143
18354,41.24,5,1,5,0.1,0.001,0.2475
18355,44.25,7,1,7,0.1,0.001,0.3208
18356,46.52,9,1,9,0.1,0.001,0.2798
18357,41.41,5,1,5,0.1,0.001,0.2821
18358,41.45,5,1,5,0.1,0.001,0.29
18359,40.12,4,1,4,0.1,0.001,0.2799
18360,-27.5,6,0,7,0.1,0.001,0.3578
18361,41.21,5,1,5,0.1,0.001,0.2418
18362,42.65,6,1,6,0.1,0.001,0.275
18363,38.64,3,1,3,0.1,0.001,0.2146
18364,37.33,2,1,2,0.1,0.001,0.167
18365,45.13,8,1,8,0.1,0.001,0.2658
18366,-32.1,3,0,4,0.1,0.001,0.2261
18367,39.93,4,1,4,0.1,0.001,0.2328
18368,-32.09,3,0,4,0.1,0.001,0.2282
18369,-24.58,8,0,9,0.1,0.001,0.3799
18370,-30.48,4,0,5,0.1,0.001,0.3035
18371,48.27,10,1,10,0.1,0.001,0.3271
18372,41.22,5,1,5,0.1,0.001,0.2439
18373,38.59,3,1,3,0.1,0.001,0.1954
18374,45.4,8,1,8,0.1,0.001,0.3005
18375,43.2,6,1,6,0.1,0.001,0.3663
18376,54.33,14,1,14,0.1,0.001,0.3808
18377,-34.69,1,0,2,0.1,0.001,0.1525
18378,46.52,9,1,9,0.1,0.001,0.28
18379,47.77,9,1,9,0.1,0.001,0.4187
18380,52.32,12,1,12,0.1,0.001,0.4437
18381,48.21,10,1,10,0.1,0.001,0.3209
18382,41.37,5,1,5,0.1,0.001,0.2732
18383,-21.53,10,0,11,0.1,0.001,0.406
18384,47.47,9,1,9,0.1,0.001,0.3855
18385,47.38,9,1,9,0.1,0.001,0.3756
18386,45.29,8,1,8,0.1,0.001,0.2864
18387,57.18,16,1,16,0.1,0.001,0.386
18388,42.65,6,1,6,0.1,0.001,0.275
18389,44.27,7,1,7,0.1,0.001,0.3243
18390,43.23,6,1,6,0.1,0.001,0.3722
18391,51.06,11,1,11,0.1,0.001,0.4596
18392,44.48,7,1,7,0.1,0.001,0.3544
18393,-34.5,1,0,2,0.1,0.001,0.2483
18394,-31.85,3,0,4,0.1,0.001,0.2879
18395,38.79,3,1,3,0.1,0.001,0.2635
18396,37.4,2,1,2,0.1,0.001,0.1991
18397,44.18,7,1,7,0.1,0.001,0.3112
18398,41.25,5,1,5,0.1,0.001,0.2508
18399,45.58,8,1,8,0.1,0.001,0.3227
18400,47.13,9,1,9,0.1,0.001,0.3472
18401,-30.52,3,0,4,0.1,0.001,0.6211
18402,43.75,6,1,6,0.1,0.001,0.4589
18403,46.67,8,1,8,0.1,0.001,0.4593
18404,-27.87,6,0,7,0.1,0.001,0.3042
18405,43.99,7,1,7,0.1,0.001,0.2849
18406,-31.74,3,0,4,0.1,0.001,0.3149
18407,53.82,13,1,13,0.1,0.001,0.448
18408,-34.61,1,0,2,0.1,0.001,0.1937
18409,61.83,18,1,18,0.1,0.001,0.4908
18410,37.48,2,1,2,0.1,0.001,0.2388
18411,44.85,8,1,8,0.1,0.001,0.2314
18412,-29.0,4,0,5,0.1,0.001,0.6004
18413,-33.34,2,0,3,0.1,0.001,0.2215
18414,-34.62,1,0,2,0.1,0.001,0.1881
18415,-34.62,1,0,2,0.1,0.001,0.1883
18416,48.89,10,1,10,0.1,0.001,0.389
18417,-33.26,2,0,3,0.1,0.001,0.2472
18418,49.98,11,1,11,0.1,0.001,0.3614
18419,54.52,15,1,15,0.1,0.001,0.3013
18420,-31.74,3,0,4,0.1,0.001,0.3151
18421,40.35,4,1,4,0.1,0.001,0.3373
18422,-16.61,14,0,15,0.1,0.001,0.3595
18423,-33.38,2,0,3,0.1,0.001,0.2058
18424,44.74,7,1,7,0.1,0.001,0.3914
18425,44.3,7,1,7,0.1,0.001,0.3279
18426,-25.79,7,0,8,0.1,0.001,0.4013
18427,-32.01,3,0,4,0.1,0.001,0.2465
18428,45.85,8,1,8,0.1,0.001,0.3556
18429,51.98,12,1,12,0.1,0.001,0.4152
18430,46.67,9,1,9,0.1,0.001,0.2967
18431,37.52,2,1,2,0.1,0.001,0.2604
18432,42.93,6,1,6,0.1,0.001,0.3215
18433,45.27,8,1,8,0.1,0.001,0.2836
18434,41.47,5,1,5,0.1,0.001,0.2934
18435,43.17,6,1,6,0.1,0.001,0.3609
18436,42.56,6,1,6,0.1,0.001,0.2597
18437,44.64,7,1,7,0.1,0.001,0.3777
18438,43.14,6,1,6,0.1,0.001,0.3574
18439,44.56,7,1,7,0.1,0.001,0.3652
18440,-30.18,4,0,5,0.1,0.001,0.3644
18441,42.72,6,1,6,0.1,0.001,0.2865
18442,59.97,15,1,15,0.1,0.001,0.6647
18443,-32.88,2,0,3,0.1,0.001,0.375
18444,53.06,13,1,13,0.1,0.001,0.3895
18445,-33.32,2,0,3,0.1,0.001,0.2273
18446,49.05,10,1,10,0.1,0.001,0.4049
18447,42.12,5,1,5,0.1,0.001,0.4235
18448,41.58,5,1,5,0.1,0.001,0.3152
18449,47.28,9,1,9,0.1,0.001,0.3647
18450,-33.19,2,0,3,0.1,0.001,0.2698
18451,51.87,12,1,12,0.1,0.001,0.406
18452,48.38,10,1,10,0.1,0.001,0.3384
18453,55.03,14,1,14,0.1,0.001,0.4307
18454,-23.48,9,0,10,0.1,0.001,0.3523
18455,-22.89,9,0,10,0.1,0.001,0.4107
18456,48.46,10,1,10,0.1,0.001,0.3458
18457,-27.11,6,0,7,0.1,0.001,0.4129
18458,-29.08,5,0,6,0.1,0.001,0.3194
18459,41.53,5,1,5,0.1,0.001,0.307
18460,46.52,9,1,9,0.1,0.001,0.28
18461,47.59,9,1,9,0.1,0.001,0.3994
18462,-29.01,5,0,6,0.1,0.001,0.3322
18463,-32.99,2,0,3,0.1,0.001,0.3383
18464,40.06,4,1,4,0.1,0.001,0.265
18465,49.76,11,1,11,0.1,0.001,0.3422
18466,51.07,12,1,12,0.1,0.001,0.3389
18467,-29.99,4,0,5,0.1,0.001,0.4029
18468,38.69,3,1,3,0.1,0.001,0.2293
18469,48.26,10,1,10,0.1,0.001,0.3264
18470,46.75,9,1,9,0.1,0.001,0.3051
18471,51.7,12,1,12,0.1,0.001,0.3919
18472,-30.4,4,0,5,0.1,0.001,0.3203
18473,-32.12,3,0,4,0.1,0.001,0.2205
18474,36.11,1,1,1,0.1,0.001,0.1058
18475,-23.61,9,0,10,0.1,0.001,0.3385
18476,-34.62,1,0,2,0.1,0.001,0.1893
18477,-33.29,2,0,3,0.1,0.001,0.2367
18478,41.45,5,1,5,0.1,0.001,0.2891
18479,50.94,12,1,12,0.1,0.001,0.3285
18480,43.15,6,1,6,0.1,0.001,0.3581
18481,46.88,8,1,8,0.1,0.001,0.4853
18482,46.76,9,1,9,0.1,0.001,0.3061
18483,-27.59,6,0,7,0.1,0.001,0.3438
18484,-31.53,3,0,4,0.1,0.001,0.368
18485,59.61,18,1,18,0.1,0.001,0.367
18486,-33.28,2,0,3,0.1,0.001,0.2384
18487,-33.26,2,0,3,0.1,0.001,0.2479
18488,47.14,9,1,9,0.1,0.001,0.349
18489,50.95,11,1,11,0.1,0.001,0.4503
18490,44.05,7,1,7,0.1,0.001,0.2927
18491,44.4,7,1,7,0.1,0.001,0.3424
18492,42.92,6,1,6,0.1,0.001,0.3208
18493,44.3,7,1,7,0.1,0.001,0.3293
18494,45.31,8,1,8,0.1,0.001,0.2893
18495,-34.66,1,0,2,0.1,0.001,0.1709
18496,-34.37,1,0,2,0.1,0.001,0.3134
18497,45.6,8,1,8,0.1,0.001,0.3253
18498,-34.62,1,0,2,0.1,0.001,0.1918
18499,40.12,4,1,4,0.1,0.001,0.2797
18500,55.23,14,1,14,0.1,0.001,0.4448
18501,51.96,12,1,12,0.1,0.001,0.4131
18502,-33.33,2,0,3,0.1,0.001,0.2237
18503,40.29,4,1,4,0.1,0.001,0.3228
18504,-28.98,4,0,5,0.1,0.001,0.6041
18505,45.7,8,1,8,0.1,0.001,0.3376
18506,46.85,9,1,9,0.1,0.001,0.3162
18507,-33.15,2,0,3,0.1,0.001,0.2819
18508,43.93,7,1,7,0.1,0.001,0.276
18509,57.69,16,1,16,0.1,0.001,0.4182
18510,40.13,4,1,4,0.1,0.001,0.2827
18511,39.88,4,1,4,0.1,0.001,0.2195
18512,39.97,4,1,4,0.1,0.001,0.2436
18513,45.82,8,1,8,0.1,0.001,0.3528
18514,49.35,10,1,10,0.1,0.001,0.4348
18515,-19.88,11,0,12,0.1,0.001,0.4267
18516,-31.43,3,0,4,0.1,0.001,0.392
18517,41.22,5,1,5,0.1,0.001,0.2449
18518,66.42,22,1,22,0.1,0.001,0.428
18519,44.8,7,1,7,0.1,0.001,0.3997
18520,-32.8,2,0,3,0.1,0.001,0.4014
18521,40.0,4,1,4,0.1,0.001,0.2501
18522,45.37,8,1,8,0.1,0.001,0.2964
18523,48.38,10,1,10,0.1,0.001,0.3378
18524,49.0,10,1,10,0.1,0.001,0.3998
18525,43.99,7,1,7,0.1,0.001,0.2839
18526,42.83,6,1,6,0.1,0.001,0.3043
18527,-34.46,1,0,2,0.1,0.001,0.2695
18528,-34.7,1,0,2,0.1,0.001,0.1514
18529,41.44,5,1,5,0.1,0.001,0.2878
18530,38.83,3,1,3,0.1,0.001,0.2768
18531,-34.69,1,0,2,0.1,0.001,0.154
18532,39.93,4,1,4,0.1,0.001,0.2326
18533,-33.4,2,0,3,0.1,0.001,0.2011
18534,41.35,5,1,5,0.1,0.001,0.2695
18535,46.2,8,1,8,0.1,0.001,0.4002
18536,41.59,5,1,5,0.1,0.001,0.3182
18537,36.11,1,1,1,0.1,0.001,0.1078
18538,-33.11,2,0,3,0.1,0.001,0.2962
18539,-31.74,3,0,4,0.1,0.001,0.3145
18540,48.89,10,1,10,0.1,0.001,0.3894
18541,50.36,11,1,11,0.1,0.001,0.3964
18542,51.88,12,1,12,0.1,0.001,0.4068
18543,41.34,5,1,5,0.1,0.001,0.2678
18544,37.46,2,1,2,0.1,0.001,0.2307
18545,39.99,4,1,4,0.1,0.001,0.2469
18546,46.89,9,1,9,0.1,0.001,0.3214
18547,-22.58,9,0,10,0.1,0.001,0.442
18548,49.98,11,1,11,0.1,0.001,0.3615
18549,40.66,4,1,4,0.1,0.001,0.4161
18550,37.36,2,1,2,0.1,0.001,0.1812
18551,-34.24,1,0,2,0.1,0.001,0.3821
18552,-21.88,9,0,10,0.1,0.001,0.512
18553,-26.33,6,0,7,0.1,0.001,0.5242
18554,43.7,6,1,6,0.1,0.001,0.4498
18555,38.76,3,1,3,0.1,0.001,0.2521
18556,50.01,11,1,11,0.1,0.001,0.365
18557,38.85,3,1,3,0.1,0.001,0.2831
18558,45.25,8,1,8,0.1,0.001,0.2813
18559,40.26,4,1,4,0.1,0.001,0.3145
18560,47.78,9,1,9,0.1,0.001,0.4199
18561,-34.61,1,0,2,0.1,0.001,0.1951
18562,47.49,9,1,9,0.1,0.001,0.3873
18563,47.25,9,1,9,0.1,0.001,0.361
18564,-33.07,2,0,3,0.1,0.001,0.3096
18565,-33.38,2,0,3,0.1,0.001,0.2069
18566,39.02,3,1,3,0.1,0.001,0.3408
18567,-34.5,1,0,2,0.1,0.001,0.2496
18568,41.44,5,1,5,0.1,0.001,0.2871
18569,-28.52,5,0,6,0.1,0.001,0.414
18570,42.67,6,1,6,0.1,0.001,0.279
18571,54.13,14,1,14,0.1,0.001,0.3663
18572,-34.38,1,0,2,0.1,0.001,0.309
18573,44.24,7,1,7,0.1,0.001,0.3202
18574,44.21,7,1,7,0.1,0.001,0.3151
18575,45.9,8,1,8,0.1,0.001,0.3623
18576,42.69,6,1,6,0.1,0.001,0.2817
18577,45.49,8,1,8,0.1,0.001,0.3109
18578,-32.68,2,0,3,0.1,0.001,0.4415
18579,-20.5,11,0,12,0.1,0.001,0.3747
18580,42.48,6,1,6,0.1,0.001,0.2463
18581,-31.83,3,0,4,0.1,0.001,0.2927
18582,43.04,6,1,6,0.1,0.001,0.3405
18583,-32.03,3,0,4,0.1,0.001,0.2417
18584,43.11,6,1,6,0.1,0.001,0.3513
18585,-33.02,2,0,3,0.1,0.001,0.3271
18586,-34.6,1,0,2,0.1,0.001,0.1976
18587,38.79,3,1,3,0.1,0.001,0.2624
18588,45.09,8,1,8,0.1,0.001,0.2615
18589,41.29,5,1,5,0.1,0.001,0.2584
18590,-33.15,2,0,3,0.1,0.001,0.2841
18591,42.77,6,1,6,0.1,0.001,0.2946
18592,-27.31,6,0,7,0.1,0.001,0.3843
18593,42.86,6,1,6,0.1,0.001,0.3094
18594,-34.62,1,0,2,0.1,0.001,0.1894
18595,-30.36,4,0,5,0.1,0.001,0.3276
18596,46.34,8,1,8,0.1,0.001,0.4172
18597,-27.16,6,0,7,0.1,0.001,0.4056
18598,-25.84,7,0,8,0.1,0.001,0.3951
18599,-34.56,1,0,2,0.1,0.001,0.2203
18600,51.32,10,1,10,0.1,0.001,0.6318
18601,39.98,4,1,4,0.1,0.001,0.2454
18602,38.7,3,1,3,0.1,0.001,0.233
18603,46.36,8,1,8,0.1,0.001,0.4201
18604,49.78,11,1,11,0.1,0.001,0.3439
18605,45.12,8,1,8,0.1,0.001,0.2648
18606,41.95,5,1,5,0.1,0.001,0.3905
18607,-31.94,3,0,4,0.1,0.001,0.2647
18608,40.28,4,1,4,0.1,0.001,0.3191
18609,36.1,1,1,1,0.1,0.001,0.1009
18610,49.0,10,1,10,0.1,0.001,0.3995
18611,42.65,6,1,6,0.1,0.001,0.275
18612,41.61,5,1,5,0.1,0.001,0.3216
18613,-30.35,4,0,5,0.1,0.001,0.3306
18614,51.26,12,1,12,0.1,0.001,0.3553
18615,-28.82,5,0,6,0.1,0.001,0.3636
18616,-27.88,6,0,7,0.1,0.001,0.3025
18617,45.97,8,1,8,0.1,0.001,0.3714
18618,44.34,7,1,7,0.1,0.001,0.3343
18619,-32.83,2,0,3,0.1,0.001,0.3889
18620,-33.33,2,0,3,0.1,0.001,0.2224
18621,48.62,10,1,10,0.1,0.001,0.3621
18622,51.03,10,1,10,0.1,0.001,0.603
18623,50.17,11,1,11,0.1,0.001,0.3789
18624,47.39,9,1,9,0.1,0.001,0.3769
18625,-29.73,4,0,5,0.1,0.001,0.4535
18626,41.81,5,1,5,0.1,0.001,0.3621
18627,46.91,8,1,8,0.1,0.001,0.4883
18628,-33.31,2,0,3,0.1,0.001,0.2304
18629,46.14,8,1,8,0.1,0.001,0.3931
18630,-34.6,1,0,2,0.1,0.001,0.1981
18631,46.54,9,1,9,0.1,0.001,0.2818
18632,38.67,3,1,3,0.1,0.001,0.2234
18633,53.26,13,1,13,0.1,0.001,0.4043
18634,-33.28,2,0,3,0.1,0.001,0.2412
18635,46.91,9,1,9,0.1,0.001,0.3238
18636,46.93,9,1,9,0.1,0.001,0.3253
18637,45.49,8,1,8,0.1,0.001,0.3118
18638,-33.3,2,0,3,0.1,0.001,0.2347
18639,-33.29,2,0,3,0.1,0.001,0.2359
18640,-33.29,2,0,3,0.1,0.001,0.2352
18641,39.97,4,1,4,0.1,0.001,0.2429
18642,-31.7,3,0,4,0.1,0.001,0.3246
18643,47.91,9,1,9,0.1,0.001,0.4347
18644,51.98,12,1,12,0.1,0.001,0.415
18645,45.23,8,1,8,0.1,0.001,0.2785
18646,51.15,12,1,12,0.1,0.001,0.3458
18647,-33.43,2,0,3,0.1,0.001,0.1899
18648,-34.72,1,0,2,0.1,0.001,0.1424
18649,46.63,9,1,9,0.1,0.001,0.2924
18650,54.47,14,1,14,0.1,0.001,0.3911
18651,-27.23,6,0,7,0.1,0.001,0.3961
18652,45.25,8,1,8,0.1,0.001,0.2808
18653,42.7,6,1,6,0.1,0.001,0.2837
18654,47.24,9,1,9,0.1,0.001,0.3601
18655,51.5,11,1,11,0.1,0.001,0.5004
18656,50.73,11,1,11,0.1,0.001,0.4302
18657,-34.33,1,0,2,0.1,0.001,0.3342
18658,-31.76,3,0,4,0.1,0.001,0.3108
18659,41.6,5,1,5,0.1,0.001,0.3204
18660,38.69,3,1,3,0.1,0.001,0.2297
18661,40.18,4,1,4,0.1,0.001,0.2949
18662,50.84,12,1,12,0.1,0.001,0.3204
18663,-33.23,2,0,3,0.1,0.001,0.2563
18664,38.73,3,1,3,0.1,0.001,0.2427
18665,43.0,6,1,6,0.1,0.001,0.3328
18666,-34.62,1,0,2,0.1,0.001,0.1911
18667,43.36,6,1,6,0.1,0.001,0.3932
18668,-32.91,2,0,3,0.1,0.001,0.3643
18669,46.39,8,1,8,0.1,0.001,0.424
18670,-30.25,4,0,5,0.1,0.001,0.3509
18671,-30.17,4,0,5,0.1,0.001,0.3666
18672,42.88,6,1,6,0.1,0.001,0.3133
18673,-30.28,4,0,5,0.1,0.001,0.3436
18674,50.36,11,1,11,0.1,0.001,0.3964
18675,44.44,7,1,7,0.1,0.001,0.348
18676,48.05,9,1,9,0.1,0.001,0.4495
18677,38.79,3,1,3,0.1,0.001,0.2629
18678,42.38,6,1,6,0.1,0.001,0.2302
18679,42.71,6,1,6,0.1,0.001,0.285
18680,41.4,5,1,5,0.1,0.001,0.2791
18681,-30.3,4,0,5,0.1,0.001,0.3392
18682,43.74,7,1,7,0.1,0.001,0.2481
18683,45.22,8,1,8,0.1,0.001,0.2771
18684,42.74,6,1,6,0.1,0.001,0.2894
18685,45.84,8,1,8,0.1,0.001,0.3547
18686,40.33,4,1,4,0.1,0.001,0.333
18687,-34.58,1,0,2,0.1,0.001,0.2105
18688,-26.72,6,0,7,0.1,0.001,0.4686
18689,43.81,7,1,7,0.1,0.001,0.259
18690,-34.5,1,0,2,0.1,0.001,0.2518
18691,-23.69,9,0,10,0.1,0.001,0.3312
18692,48.48,10,1,10,0.1,0.001,0.3479
18693,45.63,8,1,8,0.1,0.001,0.3289
18694,40.19,4,1,4,0.1,0.001,0.297
18695,43.73,7,1,7,0.1,0.001,0.2465
18696,41.15,5,1,5,0.1,0.001,0.2308
18697,54.36,13,1,13,0.1,0.001,0.4889
18698,-28.24,5,0,6,0.1,0.001,0.4593
18699,42.83,6,1,6,0.1,0.001,0.3049
18700,48.89,10,1,10,0.1,0.001,0.3892
18701,40.01,4,1,4,0.1,0.001,0.2535
18702,44.26,7,1,7,0.1,0.001,0.3224
18703,54.78,13,1,13,0.1,0.001,0.5215
18704,45.33,8,1,8,0.1,0.001,0.2914
18705,38.92,3,1,3,0.1,0.001,0.3077
18706,42.55,6,1,6,0.1,0.001,0.2576
18707,-34.47,1,0,2,0.1,0.001,0.2655
18708,46.69,9,1,9,0.1,0.001,0.2991
18709,-27.96,5,0,6,0.1,0.001,0.5065
18710,-31.92,3,0,4,0.1,0.001,0.2707
18711,-34.63,1,0,2,0.1,0.001,0.1828
18712,41.73,5,1,5,0.1,0.001,0.3451
18713,45.58,8,1,8,0.1,0.001,0.322
18714,41.88,5,1,5,0.1,0.001,0.3752
18715,44.0,7,1,7,0.1,0.001,0.2855
18716,-34.24,1,0,2,0.1,0.001,0.3805
18717,-26.46,7,0,8,0.1,0.001,0.3171
18718,38.62,3,1,3,0.1,0.001,0.2067
18719,-34.58,1,0,2,0.1,0.001,0.208
18720,-30.33,4,0,5,0.1,0.001,0.3341
18721,41.68,5,1,5,0.1,0.001,0.3352
18722,41.5,5,1,5,0.1,0.001,0.2999
18723,39.89,4,1,4,0.1,0.001,0.223
18724,57.18,16,1,16,0.1,0.001,0.3866
18725,57.67,16,1,16,0.1,0.001,0.4168
18726,41.3,5,1,5,0.1,0.001,0.259
18727,43.92,7,1,7,0.1,0.001,0.2745
18728,44.11,7,1,7,0.1,0.001,0.301
18729,50.46,12,1,12,0.1,0.001,0.2884
18730,53.85,12,1,12,0.1,0.001,0.5705
18731,-31.83,3,0,4,0.1,0.001,0.2914
18732,-34.6,1,0,2,0.1,0.001,0.1987
18733,-28.27,5,0,6,0.1,0.001,0.4554
18734,-28.09,5,0,6,0.1,0.001,0.4852
18735,-34.69,1,0,2,0.1,0.001,0.1569
18736,53.51,12,1,12,0.1,0.001,0.5424
18737,49.41,10,1,10,0.1,0.001,0.4415
18738,36.1,1,1,1,0.1,0.001,0.0996
18739,-13.45,14,0,15,0.1,0.001,0.5703
18740,-28.53,5,0,6,0.1,0.001,0.4111
18741,41.67,5,1,5,0.1,0.001,0.3348
18742,46.14,9,1,9,0.1,0.001,0.2377
18743,-23.11,9,0,10,0.1,0.001,0.3887
18744,43.02,6,1,6,0.1,0.001,0.337
18745,41.36,5,1,5,0.1,0.001,0.2718
18746,-28.49,5,0,6,0.1,0.001,0.4184
18747,-28.24,5,0,6,0.1,0.001,0.4592
18748,50.64,12,1,12,0.1,0.001,0.3031
18749,43.93,7,1,7,0.1,0.001,0.2762
18750,-30.18,4,0,5,0.1,0.001,0.3642
18751,40.23,4,1,4,0.1,0.001,0.3068
18752,42.65,6,1,6,0.1,0.001,0.2743
18753,42.72,6,1,6,0.1,0.001,0.2858
18754,41.53,5,1,5,0.1,0.001,0.3069
18755,-34.65,1,0,2,0.1,0.001,0.1749
18756,40.16,4,1,4,0.1,0.001,0.2895
18757,-33.34,2,0,3,0.1,0.001,0.2195
18758,45.69,8,1,8,0.1,0.001,0.3363
18759,45.0,7,1,7,0.1,0.001,0.4281
18760,-22.21,9,0,10,0.1,0.001,0.479
18761,-31.22,3,0,4,0.1,0.001,0.4446
18762,-34.67,1,0,2,0.1,0.001,0.1641
18763,37.4,2,1,2,0.1,0.001,0.2023
18764,-34.67,1,0,2,0.1,0.001,0.1634
18765,49.71,11,1,11,0.1,0.001,0.3369
18766,41.44,5,1,5,0.1,0.001,0.2888
18767,-34.62,1,0,2,0.1,0.001,0.1921
18768,46.25,8,1,8,0.1,0.001,0.4061
18769,49.35,10,1,10,0.1,0.001,0.4346
18770,44.34,7,1,7,0.1,0.001,0.3344
18771,-34.67,1,0,2,0.1,0.001,0.1634
18772,48.45,9,1,9,0.1,0.001,0.4943
18773,-29.48,4,0,5,0.1,0.001,0.505
18774,39.86,4,1,4,0.1,0.001,0.2161
18775,40.45,4,1,4,0.1,0.001,0.3632
18776,-28.02,6,0,7,0.1,0.001,0.2829
18777,45.28,8,1,8,0.1,0.001,0.2856
18778,42.8,6,1,6,0.1,0.001,0.2998
18779,-29.37,5,0,6,0.1,0.001,0.272
18780,-34.45,1,0,2,0.1,0.001,0.2752
18781,46.79,9,1,9,0.1,0.001,0.3105
18782,51.77,12,1,12,0.1,0.001,0.3976
18783,-27.73,6,0,7,0.1,0.001,0.3248
18784,44.37,7,1,7,0.1,0.001,0.3383
18785,43.46,6,1,6,0.1,0.001,0.4101
18786,41.52,5,1,5,0.1,0.001,0.3033
18787,45.6,8,1,8,0.1,0.001,0.325
18788,-34.45,1,0,2,0.1,0.001,0.2763
18789,-32.96,2,0,3,0.1,0.001,0.348
18790,40.39,4,1,4,0.1,0.001,0.3464
18791,37.56,2,1,2,0.1,0.001,0.2797
18792,43.01,6,1,6,0.1,0.001,0.3348
18793,-29.64,4,0,5,0.1,0.001,0.4714
18794,38.68,3,1,3,0.1,0.001,0.2262
18795,45.33,8,1,8,0.1,0.001,0.2917
18796,40.46,4,1,4,0.1,0.001,0.3656
18797,-30.26,4,0,5,0.1,0.001,0.3488
18798,52.84,12,1,12,0.1,0.001,0.4866
18799,38.72,3,1,3,0.1,0.001,0.2396
18800,-27.9,6,0,7,0.1,0.001,0.3007
18801,50.17,11,1,11,0.1,0.001,0.3787
18802,-26.12,7,0,8,0.1,0.001,0.3595
18803,43.98,7,1,7,0.1,0.001,0.2832
18804,-26.4,7,0,8,0.1,0.001,0.3247
18805,49.17,10,1,10,0.1,0.001,0.4169
18806,-25.27,7,0,8,0.1,0.001,0.4661
18807,54.83,14,1,14,0.1,0.001,0.4163
18808,-31.22,3,0,4,0.1,0.001,0.4441
18809,-27.66,6,0,7,0.1,0.001,0.3341
18810,47.95,9,1,9,0.1,0.001,0.4391
18811,-33.43,2,0,3,0.1,0.001,0.1912
18812,-31.97,3,0,4,0.1,0.001,0.2569
18813,46.59,9,1,9,0.1,0.001,0.2879
18814,-25.52,8,0,9,0.1,0.001,0.2761
18815,42.66,6,1,6,0.1,0.001,0.2761
18816,-26.7,7,0,8,0.1,0.001,0.2878
18817,39.84,4,1,4,0.1,0.001,0.2099
18818,52.5,13,1,13,0.1,0.001,0.3465
18819,46.04,8,1,8,0.1,0.001,0.3802
18820,49.34,11,1,11,0.1,0.001,0.3032
18821,-27.48,6,0,7,0.1,0.001,0.3602
18822,51.56,12,1,12,0.1,0.001,0.3803
18823,45.95,8,1,8,0.1,0.001,0.3683
18824,42.88,6,1,6,0.1,0.001,0.3126
18825,48.07,9,1,9,0.1,0.001,0.4524
18826,44.69,7,1,7,0.1,0.001,0.3849
18827,42.78,6,1,6,0.1,0.001,0.2966
18828,-20.85,10,0,11,0.1,0.001,0.468
18829,45.45,8,1,8,0.1,0.001,0.3062
18830,55.22,14,1,14,0.1,0.001,0.4439
18831,45.69,8,1,8,0.1,0.001,0.3363
18832,-33.36,2,0,3,0.1,0.001,0.2119
18833,-30.48,4,0,5,0.1,0.001,0.3041
18834,38.91,3,1,3,0.1,0.001,0.3028
18835,-32.89,2,0,3,0.1,0.001,0.3684
18836,38.74,3,1,3,0.1,0.001,0.2459
18837,42.77,6,1,6,0.1,0.001,0.295
18838,-33.24,2,0,3,0.1,0.001,0.2534
18839,47.74,9,1,9,0.1,0.001,0.416
18840,-23.72,8,0,9,0.1,0.001,0.4753
18841,42.48,6,1,6,0.1,0.001,0.2475
18842,43.52,6,1,6,0.1,0.001,0.4208
18843,41.01,5,1,5,0.1,0.001,0.2025
18844,-26.28,6,0,7,0.1,0.001,0.5315
18845,-27.11,4,0,5,0.1,0.001,0.9781
18846,49.2,10,1,10,0.1,0.001,0.4201
18847,43.9,7,1,7,0.1,0.001,0.2716
18848,41.63,5,1,5,0.1,0.001,0.3258
18849,49.73,11,1,11,0.1,0.001,0.3395
18850,44.53,7,1,7,0.1,0.001,0.3614
18851,-25.37,8,0,9,0.1,0.001,0.2926
18852,41.13,5,1,5,0.1,0.001,0.2265
18853,44.58,7,1,7,0.1,0.001,0.369
18854,42.77,6,1,6,0.1,0.001,0.2949
18855,42.93,6,1,6,0.1,0.001,0.322
18856,-26.1,7,0,8,0.1,0.001,0.3624
18857,-27.62,6,0,7,0.1,0.001,0.3397
18858,42.7,6,1,6,0.1,0.001,0.2833
18859,47.38,9,1,9,0.1,0.001,0.3757
18860,40.01,4,1,4,0.1,0.001,0.2517
18861,39.94,4,1,4,0.1,0.001,0.2341
18862,50.53,11,1,11,0.1,0.001,0.412
18863,40.17,4,1,4,0.1,0.001,0.2936
18864,62.93,16,1,16,0.1,0.001,0.7453
18865,41.45,5,1,5,0.1,0.001,0.2903
18866,38.79,3,1,3,0.1,0.001,0.2632
18867,38.58,3,1,3,0.1,0.001,0.1917
18868,-34.58,1,0,2,0.1,0.001,0.2111
18869,40.37,4,1,4,0.1,0.001,0.3419
18870,41.64,5,1,5,0.1,0.001,0.3275
18871,44.61,7,1,7,0.1,0.001,0.3727
18872,45.22,7,1,7,0.1,0.001,0.4599
18873,-33.21,2,0,3,0.1,0.001,0.2625
18874,-23.73,8,0,9,0.1,0.001,0.4744
18875,42.5,6,1,6,0.1,0.001,0.2497
18876,49.78,11,1,11,0.1,0.001,0.3439
18877,40.32,4,1,4,0.1,0.001,0.3303
18878,50.49,11,1,11,0.1,0.001,0.4081
18879,42.84,6,1,6,0.1,0.001,0.3067
18880,41.89,5,1,5,0.1,0.001,0.3778
18881,44.16,7,1,7,0.1,0.001,0.3083
18882,-31.27,3,0,4,0.1,0.001,0.4314
18883,43.2,6,1,6,0.1,0.001,0.3663
18884,45.66,8,1,8,0.1,0.001,0.332
18885,48.45,9,1,9,0.1,0.001,0.4944
18886,-34.67,1,0,2,0.1,0.001,0.1671
18887,44.3,7,1,7,0.1,0.001,0.3289
18888,40.05,4,1,4,0.1,0.001,0.2624
18889,44.59,7,1,7,0.1,0.001,0.37
18890,-24.65,8,0,9,0.1,0.001,0.3726
18891,42.74,6,1,6,0.1,0.001,0.2893
18892,43.43,6,1,6,0.1,0.001,0.4052
18893,51.93,12,1,12,0.1,0.001,0.4108
18894,45.55,7,1,7,0.1,0.001,0.5076
18895,44.29,7,1,7,0.1,0.001,0.3272
18896,45.06,8,1,8,0.1,0.001,0.2574
18897,-32.81,2,0,3,0.1,0.001,0.3953
18898,39.92,4,1,4,0.1,0.001,0.2294
18899,50.1,11,1,11,0.1,0.001,0.3728
18900,40.01,4,1,4,0.1,0.001,0.252
18901,44.41,7,1,7,0.1,0.001,0.344
18902,41.46,5,1,5,0.1,0.001,0.2929
18903,-28.38,5,0,6,0.1,0.001,0.4366
18904,-32.08,3,0,4,0.1,0.001,0.2296
18905,41.14,5,1,5,0.1,0.001,0.2277
18906,42.83,6,1,6,0.1,0.001,0.3049
18907,37.4,2,1,2,0.1,0.001,0.2
18908,45.81,8,1,8,0.1,0.001,0.3514
18909,-21.45,10,0,11,0.1,0.001,0.4139
18910,38.8,3,1,3,0.1,0.001,0.2659
18911,55.12,15,1,15,0.1,0.001,0.3412
18912,43.76,7,1,7,0.1,0.001,0.2516
18913,-34.64,1,0,2,0.1,0.001,0.1793
18914,42.44,6,1,6,0.1,0.001,0.2398
18915,38.78,3,1,3,0.1,0.001,0.2587
18916,40.05,4,1,4,0.1,0.001,0.2628
18917,-25.01,7,0,8,0.1,0.001,0.4989
18918,-34.46,1,0,2,0.1,0.001,0.2694
18919,51.99,12,1,12,0.1,0.001,0.4159
18920,44.31,7,1,7,0.1,0.001,0.3298
18921,45.87,8,1,8,0.1,0.001,0.3593
18922,54.15,14,1,14,0.1,0.001,0.3682
18923,-32.0,3,0,4,0.1,0.001,0.2499
18924,44.28,7,1,7,0.1,0.001,0.3255
18925,-33.36,2,0,3,0.1,0.001,0.2148
18926,-34.57,1,0,2,0.1,0.001,0.2154
18927,47.5,9,1,9,0.1,0.001,0.3884
18928,51.53,11,1,11,0.1,0.001,0.5028
18929,-34.67,1,0,2,0.1,0.001,0.1635
18930,-31.9,3,0,4,0.1,0.001,0.2754
18931,51.75,12,1,12,0.1,0.001,0.3955
18932,-28.82,5,0,6,0.1,0.001,0.3639
18933,50.48,12,1,12,0.1,0.001,0.2896
18934,-31.65,3,0,4,0.1,0.001,0.3363
18935,51.0,11,1,11,0.1,0.001,0.4541
18936,-31.84,3,0,4,0.1,0.001,0.2888
18937,45.23,8,1,8,0.1,0.001,0.279
18938,41.36,5,1,5,0.1,0.001,0.2719
18939,54.77,14,1,14,0.1,0.001,0.4119
18940,41.32,5,1,5,0.1,0.001,0.263
18941,47.69,9,1,9,0.1,0.001,0.4097
18942,56.36,15,1,15,0.1,0.001,0.4241
18943,-28.6,5,0,6,0.1,0.001,0.4003
18944,41.62,5,1,5,0.1,0.001,0.324
18945,40.11,4,1,4,0.1,0.001,0.2775
18946,42.63,6,1,6,0.1,0.001,0.2714
18947,41.75,5,1,5,0.1,0.001,0.3499
18948,50.67,11,1,11,0.1,0.001,0.4249
18949,40.06,4,1,4,0.1,0.001,0.2662
18950,38.9,3,1,3,0.1,0.001,0.2999
18951,36.11,1,1,1,0.1,0.001,0.1081
18952,-33.14,2,0,3,0.1,0.001,0.286
18953,-29.85,4,0,5,0.1,0.001,0.4295
18954,37.32,2,1,2,0.1,0.001,0.1608
18955,51.93,12,1,12,0.1,0.001,0.4108
18956,38.71,3,1,3,0.1,0.001,0.2377
18957,-33.16,2,0,3,0.1,0.001,0.2796
18958,45.44,8,1,8,0.1,0.001,0.3054
18959,49.95,11,1,11,0.1,0.001,0.3594
18960,-26.72,7,0,8,0.1,0.001,0.2846
18961,-27.21,6,0,7,0.1,0.001,0.3986
18962,41.11,5,1,5,0.1,0.001,0.2226
18963,50.54,11,1,11,0.1,0.001,0.413
18964,51.22,12,1,12,0.1,0.001,0.3515
18965,45.66,8,1,8,0.1,0.001,0.3325
18966,50.0,11,1,11,0.1,0.001,0.3636
18967,43.67,6,1,6,0.1,0.001,0.4445
18968,44.08,7,1,7,0.1,0.001,0.2965
18969,44.51,7,1,7,0.1,0.001,0.3588
18970,41.49,5,1,5,0.1,0.001,0.2979
18971,50.2,11,1,11,0.1,0.001,0.3814
18972,-34.6,1,0,2,0.1,0.001,0.199
18973,44.44,7,1,7,0.1,0.001,0.3492
18974,58.21,16,1,16,0.1,0.001,0.4505
18975,50.76,11,1,11,0.1,0.001,0.4328
18976,49.93,11,1,11,0.1,0.001,0.3569
18977,48.31,10,1,10,0.1,0.001,0.3308
18978,58.98,17,1,17,0.1,0.001,0.4109
18979,-34.62,1,0,2,0.1,0.001,0.191
18980,41.24,5,1,5,0.1,0.001,0.2482
18981,44.1,7,1,7,0.1,0.001,0.3
18982,64.74,19,1,19,0.1,0.001,0.5653
18983,-34.4,1,0,2,0.1,0.001,0.3009
18984,53.51,12,1,12,0.1,0.001,0.5425
18985,50.01,10,1,10,0.1,0.001,0.501
18986,41.49,5,1,5,0.1,0.001,0.2988
18987,40.3,4,1,4,0.1,0.001,0.3252
18988,-31.88,3,0,4,0.1,0.001,0.2791
18989,44.1,7,1,7,0.1,0.001,0.3001
18990,-30.4,4,0,5,0.1,0.001,0.3201
18991,51.91,11,1,11,0.1,0.001,0.5377
18992,40.06,4,1,4,0.1,0.001,0.264
18993,-30.46,4,0,5,0.1,0.001,0.3088
18994,-29.7,4,0,5,0.1,0.001,0.4604
18995,50.23,11,1,11,0.1,0.001,0.3844
18996,43.95,7,1,7,0.1,0.001,0.278
18997,41.28,5,1,5,0.1,0.001,0.2567
18998,38.82,3,1,3,0.1,0.001,0.2734
18999,48.55,9,1,9,0.1,0.001,0.5057
19000,41.88,5,1,5,0.1,0.001,0.3756
19001,38.78,3,1,3,0.1,0.001,0.2598
19002,45.54,8,1,8,0.1,0.001,0.318
19003,41.21,5,1,5,0.1,0.001,0.2425
19004,-31.98,3,0,4,0.1,0.001,0.2551
19005,41.35,5,1,5,0.1,0.001,0.2694
19006,40.08,4,1,4,0.1,0.001,0.2698
19007,44.09,7,1,7,0.1,0.001,0.2991
19008,46.66,9,1,9,0.1,0.001,0.2961
19009,42.9,6,1,6,0.1,0.001,0.3162
19010,-28.89,5,0,6,0.1,0.001,0.3509
19011,-17.29,13,0,14,0.1,0.001,0.4078
19012,45.07,7,1,7,0.1,0.001,0.438
19013,53.36,13,1,13,0.1,0.001,0.4121
19014,-34.53,1,0,2,0.1,0.001,0.2353
19015,-27.41,6,0,7,0.1,0.001,0.3704
19016,-30.46,4,0,5,0.1,0.001,0.3089
19017,43.88,7,1,7,0.1,0.001,0.2686
19018,40.14,4,1,4,0.1,0.001,0.2851
19019,59.03,15,1,15,0.1,0.001,0.6018
19020,37.36,2,1,2,0.1,0.001,0.18
19021,-28.21,5,0,6,0.1,0.001,0.4645
19022,55.19,15,1,15,0.1,0.001,0.3462
19023,58.59,16,1,16,0.1,0.001,0.4745
19024,56.75,14,1,14,0.1,0.001,0.5536
19025,-30.6,4,0,5,0.1,0.001,0.2794
19026,43.22,6,1,6,0.1,0.001,0.37
19027,-31.43,3,0,4,0.1,0.001,0.3927
19028,48.15,10,1,10,0.1,0.001,0.3155
19029,50.4,11,1,11,0.1,0.001,0.4
19030,-33.11,2,0,3,0.1,0.001,0.2953
19031,-22.8,7,0,8,0.1,0.001,0.7746
19032,51.19,11,1,11,0.1,0.001,0.4722
19033,-29.21,5,0,6,0.1,0.001,0.2991
19034,43.89,7,1,7,0.1,0.001,0.2695
19035,48.46,10,1,10,0.1,0.001,0.3462
19036,48.36,10,1,10,0.1,0.001,0.3364
19037,46.64,9,1,9,0.1,0.001,0.2932
19038,-32.92,2,0,3,0.1,0.001,0.3602
19039,47.13,9,1,9,0.1,0.001,0.3475
19040,44.41,7,1,7,0.1,0.001,0.3439
19041,-30.32,4,0,5,0.1,0.001,0.3365
19042,41.3,5,1,5,0.1,0.001,0.2593
19043,54.77,13,1,13,0.1,0.001,0.5205
19044,40.46,4,1,4,0.1,0.001,0.3655
19045,40.0,4,1,4,0.1,0.001,0.2512
19046,46.59,8,1,8,0.1,0.001,0.4485
19047,-23.17,9,0,10,0.1,0.001,0.3831
19048,50.93,11,1,11,0.1,0.001,0.448
19049,47.36,9,1,9,0.1,0.001,0.3733
19050,-34.28,1,0,2,0.1,0.001,0.3613
19051,53.84,13,1,13,0.1,0.001,0.4495
19052,46.25,8,1,8,0.1,0.001,0.4066
19053,55.54,14,1,14,0.1,0.001,0.4674
19054,-31.91,3,0,4,0.1,0.001,0.2735
19055,45.42,8,1,8,0.1,0.001,0.3023
19056,42.78,6,1,6,0.1,0.001,0.2964
19057,-33.31,2,0,3,0.1,0.001,0.2299
19058,41.74,5,1,5,0.1,0.001,0.3473
19059,-34.56,1,0,2,0.1,0.001,0.2181
19060,-34.64,1,0,2,0.1,0.001,0.1821
19061,47.93,9,1,9,0.1,0.001,0.4362
19062,46.69,9,1,9,0.1,0.001,0.2987
19063,43.78,7,1,7,0.1,0.001,0.2544
19064,47.21,9,1,9,0.1,0.001,0.3571
19065,44.0,7,1,7,0.1,0.001,0.2858
19066,47.16,9,1,9,0.1,0.001,0.351
19067,-28.76,5,0,6,0.1,0.001,0.374
19068,-32.06,3,0,4,0.1,0.001,0.2343
19069,45.35,8,1,8,0.1,0.001,0.2934
19070,-34.38,1,0,2,0.1,0.001,0.3121
19071,43.9,7,1,7,0.1,0.001,0.2716
19072,56.65,16,1,16,0.1,0.001,0.3531
19073,46.9,8,1,8,0.1,0.001,0.4879
19074,48.64,10,1,10,0.1,0.001,0.3636
19075,46.1,8,1,8,0.1,0.001,0.3881
19076,46.14,8,1,8,0.1,0.001,0.393
19077,49.83,11,1,11,0.1,0.001,0.348
19078,48.82,9,1,9,0.1,0.001,0.5352
19079,41.42,5,1,5,0.1,0.001,0.2846
19080,45.64,8,1,8,0.1,0.001,0.3302
19081,-28.8,5,0,6,0.1,0.001,0.3669
19082,42.65,6,1,6,0.1,0.001,0.2744
19083,45.65,8,1,8,0.1,0.001,0.3308
19084,-33.2,2,0,3,0.1,0.001,0.2679
19085,-31.65,3,0,4,0.1,0.001,0.3368
19086,41.42,5,1,5,0.1,0.001,0.2843
19087,-32.94,2,0,3,0.1,0.001,0.3535
19088,43.01,6,1,6,0.1,0.001,0.3356
19089,41.99,5,1,5,0.1,0.001,0.3974
19090,53.27,12,1,12,0.1,0.001,0.5224
19091,-34.67,1,0,2,0.1,0.001,0.1638
19092,41.7,5,1,5,0.1,0.001,0.3397
19093,43.94,7,1,7,0.1,0.001,0.2773
19094,-20.93,10,0,11,0.1,0.001,0.4613
19095,-26.09,7,0,8,0.1,0.001,0.3634
19096,41.48,5,1,5,0.1,0.001,0.2954
19097,52.44,13,1,13,0.1,0.001,0.3415
19098,43.01,6,1,6,0.1,0.001,0.3346
19099,41.78,5,1,5,0.1,0.001,0.3564
19100,42.82,6,1,6,0.1,0.001,0.3026
19101,50.4,11,1,11,0.1,0.001,0.4003
19102,-33.25,2,0,3,0.1,0.001,0.2498
19103,56.33,15,1,15,0.1,0.001,0.4222
19104,42.81,6,1,6,0.1,0.001,0.3025
19105,-29.78,4,0,5,0.1,0.001,0.4441
19106,41.07,5,1,5,0.1,0.001,0.2134
19107,-31.92,3,0,4,0.1,0.001,0.2701
19108,47.59,9,1,9,0.1,0.001,0.3994
19109,40.14,4,1,4,0.1,0.001,0.2842
19110,44.24,7,1,7,0.1,0.001,0.3199
19111,44.0,7,1,7,0.1,0.001,0.2862
19112,-34.7,1,0,2,0.1,0.001,0.1498
19113,-31.57,3,0,4,0.1,0.001,0.3563
19114,46.49,9,1,9,0.1,0.001,0.277
19115,52.66,13,1,13,0.1,0.001,0.3584
19116,42.67,6,1,6,0.1,0.001,0.2785
19117,45.45,8,1,8,0.1,0.001,0.3059
19118,41.13,5,1,5,0.1,0.001,0.2268
19119,41.34,5,1,5,0.1,0.001,0.2675
19120,42.64,6,1,6,0.1,0.001,0.2734
19121,47.8,10,1,10,0.1,0.001,0.2797
19122,-21.59,10,0,11,0.1,0.001,0.4008
19123,55.69,14,1,14,0.1,0.001,0.4777
19124,-34.39,1,0,2,0.1,0.001,0.3068
19125,45.41,7,1,7,0.1,0.001,0.4873
19126,-29.87,4,0,5,0.1,0.001,0.4258
19127,48.53,10,1,10,0.1,0.001,0.3534
19128,-34.61,1,0,2,0.1,0.001,0.1941
19129,46.19,8,1,8,0.1,0.001,0.3985
19130,54.16,14,1,14,0.1,0.001,0.3689
19131,38.85,3,1,3,0.1,0.001,0.2821
19132,44.3,7,1,7,0.1,0.001,0.3286
19133,-30.44,4,0,5,0.1,0.001,0.313
19134,49.31,11,1,11,0.1,0.001,0.3006
19135,48.83,10,1,10,0.1,0.001,0.3832
19136,40.02,4,1,4,0.1,0.001,0.2548
19137,48.65,10,1,10,0.1,0.001,0.3651
19138,44.23,7,1,7,0.1,0.001,0.3183
19139,-33.12,2,0,3,0.1,0.001,0.293
19140,-33.41,2,0,3,0.1,0.001,0.1954
19141,-20.14,9,0,10,0.1,0.001,0.6857
19142,41.42,5,1,5,0.1,0.001,0.2833
19143,42.75,6,1,6,0.1,0.001,0.2915
19144,45.27,8,1,8,0.1,0.001,0.2832
19145,-20.08,11,0,12,0.1,0.001,0.4097
19146,-31.05,3,0,4,0.1,0.001,0.4868
19147,41.35,5,1,5,0.1,0.001,0.2703
19148,50.51,11,1,11,0.1,0.001,0.41
19149,-31.52,3,0,4,0.1,0.001,0.3696
19150,43.91,7,1,7,0.1,0.001,0.2724
19151,-25.15,8,0,9,0.1,0.001,0.3162
19152,45.59,8,1,8,0.1,0.001,0.3244
19153,43.26,6,1,6,0.1,0.001,0.3766
19154,-33.16,2,0,3,0.1,0.001,0.2803
19155,48.33,10,1,10,0.1,0.001,0.3328
19156,40.43,4,1,4,0.1,0.001,0.3587
19157,37.53,2,1,2,0.1,0.001,0.2646
19158,40.57,4,1,4,0.1,0.001,0.3921
19159,-25.66,7,0,8,0.1,0.001,0.4176
19160,-28.01,5,0,6,0.1,0.001,0.4992
19161,59.98,17,1,17,0.1,0.001,0.4693
19162,44.25,7,1,7,0.1,0.001,0.321
19163,-31.7,3,0,4,0.1,0.001,0.3248
19164,-26.43,7,0,8,0.1,0.001,0.3218
19165,51.61,12,1,12,0.1,0.001,0.3844
19166,40.04,4,1,4,0.1,0.001,0.2599
19167,46.06,7,1,7,0.1,0.001,0.5804
19168,48.25,10,1,10,0.1,0.001,0.3253
19169,-34.54,1,0,2,0.1,0.001,0.2294
19170,45.06,7,1,7,0.1,0.001,0.4366
19171,50.35,11,1,11,0.1,0.001,0.3956
19172,44.81,7,1,7,0.1,0.001,0.4018
19173,46.27,9,1,9,0.1,0.001,0.2523
19174,-28.62,5,0,6,0.1,0.001,0.3964
19175,49.57,11,1,11,0.1,0.001,0.3243
19176,42.54,6,1,6,0.1,0.001,0.2566
19177,52.44,13,1,13,0.1,0.001,0.3412
19178,-17.3,13,0,14,0.1,0.001,0.4074
19179,41.52,5,1,5,0.1,0.001,0.3031
19180,48.52,10,1,10,0.1,0.001,0.3524
19181,-30.74,4,0,5,0.1,0.001,0.2526
19182,45.33,8,1,8,0.1,0.001,0.2908
19183,-34.66,1,0,2,0.1,0.001,0.1713
19184,45.15,8,1,8,0.1,0.001,0.2685
19185,49.19,10,1,10,0.1,0.001,0.4187
19186,51.65,12,1,12,0.1,0.001,0.3871
19187,-34.66,1,0,2,0.1,0.001,0.1679
19188,-28.79,5,0,6,0.1,0.001,0.3677
19189,45.25,8,1,8,0.1,0.001,0.2816
19190,-34.66,1,0,2,0.1,0.001,0.1693
19191,-33.05,2,0,3,0.1,0.001,0.3178
19192,44.49,7,1,7,0.1,0.001,0.3563
19193,-34.59,1,0,2,0.1,0.001,0.2047
19194,-34.59,1,0,2,0.1,0.001,0.2046
19195,41.75,5,1,5,0.1,0.001,0.3496
19196,49.45,11,1,11,0.1,0.001,0.3135
19197,39.98,4,1,4,0.1,0.001,0.244
19198,-30.73,4,0,5,0.1,0.001,0.2535
19199,44.37,7,1,7,0.1,0.001,0.3385
19200,48.66,11,1,11,0.1,0.001,0.2421
19201,41.34,5,1,5,0.1,0.001,0.2676
19202,-34.47,1,0,2,0.1,0.001,0.2667
19203,51.87,12,1,12,0.1,0.001,0.4056
19204,45.53,8,1,8,0.1,0.001,0.3162
19205,40.59,4,1,4,0.1,0.001,0.3977
19206,42.8,6,1,6,0.1,0.001,0.2993
19207,41.43,5,1,5,0.1,0.001,0.2854
19208,50.36,11,1,11,0.1,0.001,0.396
19209,40.06,4,1,4,0.1,0.001,0.2646
19210,47.46,10,1,10,0.1,0.001,0.2461
19211,38.66,3,1,3,0.1,0.001,0.2188
19212,-34.58,1,0,2,0.1,0.001,0.2077
19213,38.58,3,1,3,0.1,0.001,0.192
19214,44.46,7,1,7,0.1,0.001,0.3519
19215,-31.77,3,0,4,0.1,0.001,0.3085
19216,42.59,6,1,6,0.1,0.001,0.2644
19217,-24.42,8,0,9,0.1,0.001,0.3981
19218,53.19,13,1,13,0.1,0.001,0.3993
19219,44.43,7,1,7,0.1,0.001,0.3477
19220,40.02,4,1,4,0.1,0.001,0.2561
19221,44.74,7,1,7,0.1,0.001,0.3916
19222,43.91,7,1,7,0.1,0.001,0.273
19223,41.18,5,1,5,0.1,0.001,0.2367
19224,42.9,6,1,6,0.1,0.001,0.3163
19225,38.79,3,1,3,0.1,0.001,0.2623
19226,46.69,9,1,9,0.1,0.001,0.2992
19227,43.74,7,1,7,0.1,0.001,0.2492
19228,39.99,4,1,4,0.1,0.001,0.248
19229,44.67,7,1,7,0.1,0.001,0.3812
19230,48.47,10,1,10,0.1,0.001,0.3466
19231,50.29,11,1,11,0.1,0.001,0.3901
19232,-27.89,6,0,7,0.1,0.001,0.3016
19233,49.94,11,1,11,0.1,0.001,0.3579
19234,47.17,9,1,9,0.1,0.001,0.3524
19235,42.54,6,1,6,0.1,0.001,0.2563
19236,-34.66,1,0,2,0.1,0.001,0.1708
19237,42.88,6,1,6,0.1,0.001,0.3132
19238,-28.95,4,0,5,0.1,0.001,0.6109
19239,-33.26,2,0,3,0.1,0.001,0.246
19240,48.26,9,1,9,0.1,0.001,0.4733
19241,45.48,8,1,8,0.1,0.001,0.3099
19242,55.96,15,1,15,0.1,0.001,0.3976
19243,42.06,5,1,5,0.1,0.001,0.412
19244,-24.65,8,0,9,0.1,0.001,0.3721
19245,-30.68,4,0,5,0.1,0.001,0.2644
19246,39.96,4,1,4,0.1,0.001,0.2409
19247,-34.58,1,0,2,0.1,0.001,0.2094
19248,42.74,6,1,6,0.1,0.001,0.2892
19249,49.01,10,1,10,0.1,0.001,0.4008
19250,46.52,9,1,9,0.1,0.001,0.2799
19251,42.61,6,1,6,0.1,0.001,0.2681
19252,38.64,3,1,3,0.1,0.001,0.2143
19253,54.17,14,1,14,0.1,0.001,0.3693
19254,49.85,11,1,11,0.1,0.001,0.3504
19255,42.89,6,1,6,0.1,0.001,0.3145
19256,-34.66,1,0,2,0.1,0.001,0.1712
19257,45.37,8,1,8,0.1,0.001,0.2962
19258,41.21,5,1,5,0.1,0.001,0.2424
19259,43.83,7,1,7,0.1,0.001,0.262
19260,40.3,4,1,4,0.1,0.001,0.3246
19261,-20.31,11,0,12,0.1,0.001,0.3909
19262,42.14,6,1,6,0.1,0.001,0.1908
19263,-28.59,5,0,6,0.1,0.001,0.4022
19264,40.08,4,1,4,0.1,0.001,0.2691
19265,44.05,7,1,7,0.1,0.001,0.2922
19266,42.75,6,1,6,0.1,0.001,0.2924
19267,-32.78,2,0,3,0.1,0.001,0.4056
19268,44.07,7,1,7,0.1,0.001,0.2952
19269,-31.74,3,0,4,0.1,0.001,0.3158
19270,-30.74,3,0,4,0.1,0.001,0.5642
19271,-34.5,1,0,2,0.1,0.001,0.2499
19272,-30.43,4,0,5,0.1,0.001,0.3144
19273,45.34,8,1,8,0.1,0.001,0.2922
19274,-23.28,9,0,10,0.1,0.001,0.3721
19275,48.8,10,1,10,0.1,0.001,0.3796
19276,51.0,11,1,11,0.1,0.001,0.4549
19277,42.9,6,1,6,0.1,0.001,0.3169
19278,57.53,16,1,16,0.1,0.001,0.4083
19279,-33.16,2,0,3,0.1,0.001,0.2798
19280,45.62,8,1,8,0.1,0.001,0.3279
19281,44.72,7,1,7,0.1,0.001,0.3881
19282,42.65,6,1,6,0.1,0.001,0.2749
19283,37.36,2,1,2,0.1,0.001,0.1794
19284,42.81,6,1,6,0.1,0.001,0.3016
19285,-34.64,1,0,2,0.1,0.001,0.179
19286,44.77,7,1,7,0.1,0.001,0.3953
19287,-34.25,1,0,2,0.1,0.001,0.3742
19288,46.89,9,1,9,0.1,0.001,0.3208
19289,-19.47,11,0,12,0.1,0.001,0.4605
19290,41.29,5,1,5,0.1,0.001,0.2571
19291,40.03,4,1,4,0.1,0.001,0.2571
19292,-34.67,1,0,2,0.1,0.001,0.1668
19293,53.24,13,1,13,0.1,0.001,0.4027
19294,42.81,6,1,6,0.1,0.001,0.3024
19295,-34.64,1,0,2,0.1,0.001,0.18
19296,43.62,7,1,7,0.1,0.001,0.2311
19297,41.19,5,1,5,0.1,0.001,0.238
19298,-15.52,13,0,14,0.1,0.001,0.5341
19299,45.49,8,1,8,0.1,0.001,0.3118
19300,-30.24,4,0,5,0.1,0.001,0.3511
19301,58.38,15,1,15,0.1,0.001,0.5586
19302,51.63,12,1,12,0.1,0.001,0.3858
19303,-34.57,1,0,2,0.1,0.001,0.2171
19304,37.42,2,1,2,0.1,0.001,0.2123
19305,46.22,8,1,8,0.1,0.001,0.4031
19306,42.81,6,1,6,0.1,0.001,0.3021
19307,36.1,1,1,1,0.1,0.001,0.1017
19308,-33.16,2,0,3,0.1,0.001,0.2786
19309,46.32,9,1,9,0.1,0.001,0.2573
19310,49.77,11,1,11,0.1,0.001,0.3425
19311,46.8,9,1,9,0.1,0.001,0.311
19312,46.97,8,1,8,0.1,0.001,0.4967
19313,43.44,6,1,6,0.1,0.001,0.4072
19314,-31.75,3,0,4,0.1,0.001,0.3115
19315,41.18,5,1,5,0.1,0.001,0.2362
19316,44.11,7,1,7,0.1,0.001,0.3012
19317,43.75,6,1,6,0.1,0.001,0.4591
19318,43.25,6,1,6,0.1,0.001,0.3747
19319,42.99,6,1,6,0.1,0.001,0.332
19320,47.26,9,1,9,0.1,0.001,0.3618
19321,-34.51,1,0,2,0.1,0.001,0.2471
19322,-30.27,4,0,5,0.1,0.001,0.345
19323,37.46,2,1,2,0.1,0.001,0.2287
19324,-32.18,3,0,4,0.1,0.001,0.2039
19325,45.09,8,1,8,0.1,0.001,0.2614
19326,43.15,6,1,6,0.1,0.001,0.3591
19327,44.38,7,1,7,0.1,0.001,0.3405
19328,-26.43,6,0,7,0.1,0.001,0.5095
19329,-27.16,6,0,7,0.1,0.001,0.4052
19330,40.34,4,1,4,0.1,0.001,0.3346
19331,50.56,11,1,11,0.1,0.001,0.4147
19332,44.23,7,1,7,0.1,0.001,0.3185
19333,49.88,11,1,11,0.1,0.001,0.3524
19334,44.02,7,1,7,0.1,0.001,0.2882
19335,-31.18,3,0,4,0.1,0.001,0.4562
19336,44.49,7,1,7,0.1,0.001,0.3559
19337,41.38,5,1,5,0.1,0.001,0.2767
19338,41.56,5,1,5,0.1,0.001,0.3125
19339,45.02,7,1,7,0.1,0.001,0.4317
19340,-33.21,2,0,3,0.1,0.001,0.2636
19341,-34.54,1,0,2,0.1,0.001,0.2314
19342,41.6,5,1,5,0.1,0.001,0.3202
19343,48.43,10,1,10,0.1,0.001,0.3426
19344,44.93,8,1,8,0.1,0.001,0.2411
19345,41.34,5,1,5,0.1,0.001,0.2676
19346,-28.03,6,0,7,0.1,0.001,0.282
19347,-26.27,7,0,8,0.1,0.001,0.3407
19348,47.85,10,1,10,0.1,0.001,0.2847
19349,-30.31,4,0,5,0.1,0.001,0.3382
19350,57.31,16,1,16,0.1,0.001,0.3946
19351,42.85,6,1,6,0.1,0.001,0.3085
19352,38.78,3,1,3,0.1,0.001,0.259
19353,-34.32,1,0,2,0.1,0.001,0.3412
19354,42.91,6,1,6,0.1,0.001,0.3189
19355,49.93,11,1,11,0.1,0.001,0.3575
19356,-34.66,1,0,2,0.1,0.001,0.1682
19357,-32.17,3,0,4,0.1,0.001,0.2063
19358,-34.66,1,0,2,0.1,0.001,0.17
19359,37.41,2,1,2,0.1,0.001,0.2071
19360,42.72,6,1,6,0.1,0.001,0.2871
19361,54.17,13,1,13,0.1,0.001,0.475
19362,43.42,6,1,6,0.1,0.001,0.4033
19363,44.19,7,1,7,0.1,0.001,0.3127
19364,36.11,1,1,1,0.1,0.001,0.1072
19365,44.91,8,1,8,0.1,0.001,0.2392
19366,42.65,6,1,6,0.1,0.001,0.2753
19367,45.74,8,1,8,0.1,0.001,0.3426
19368,46.92,9,1,9,0.1,0.001,0.3239
19369,-34.67,1,0,2,0.1,0.001,0.163
19370,-23.55,9,0,10,0.1,0.001,0.3454
19371,-24.58,8,0,9,0.1,0.001,0.3802
19372,41.21,5,1,5,0.1,0.001,0.2424
19373,-29.15,5,0,6,0.1,0.001,0.3083
19374,44.24,7,1,7,0.1,0.001,0.3196
19375,42.73,6,1,6,0.1,0.001,0.2878
19376,38.7,3,1,3,0.1,0.001,0.2318
19377,43.26,6,1,6,0.1,0.001,0.3768
19378,43.54,6,1,6,0.1,0.001,0.4234
19379,48.3,10,1,10,0.1,0.001,0.3301
19380,38.82,3,1,3,0.1,0.001,0.2742
19381,52.79,13,1,13,0.1,0.001,0.3682
19382,48.11,10,1,10,0.1,0.001,0.3109
19383,-33.38,2,0,3,0.1,0.001,0.205
19384,40.08,4,1,4,0.1,0.001,0.2699
19385,41.33,5,1,5,0.1,0.001,0.2668
19386,42.61,6,1,6,0.1,0.001,0.2679
19387,-34.4,1,0,2,0.1,0.001,0.2978
19388,-33.39,2,0,3,0.1,0.001,0.203
19389,42.52,6,1,6,0.1,0.001,0.2541
19390,37.34,2,1,2,0.1,0.001,0.169
19391,53.5,14,1,14,0.1,0.001,0.3214
19392,42.82,6,1,6,0.1,0.001,0.3028
19393,44.66,7,1,7,0.1,0.001,0.3796
19394,50.68,12,1,12,0.1,0.001,0.3065
19395,-34.66,1,0,2,0.1,0.001,0.1694
19396,37.46,2,1,2,0.1,0.001,0.2297
19397,46.45,8,1,8,0.1,0.001,0.4307
19398,41.39,5,1,5,0.1,0.001,0.2779
19399,-34.65,1,0,2,0.1,0.001,0.1726
19400,-18.8,8,0,9,0.1,0.001,1.0228
19401,50.73,11,1,11,0.1,0.001,0.4299
19402,51.06,12,1,12,0.1,0.001,0.3381
19403,50.37,11,1,11,0.1,0.001,0.3976
19404,-31.96,3,0,4,0.1,0.001,0.2608
19405,39.88,4,1,4,0.1,0.001,0.2205
19406,49.79,11,1,11,0.1,0.001,0.3446
19407,-27.47,6,0,7,0.1,0.001,0.361
19408,39.87,4,1,4,0.1,0.001,0.2173
19409,43.01,6,1,6,0.1,0.001,0.3347
19410,42.78,6,1,6,0.1,0.001,0.2973
19411,-29.46,5,0,6,0.1,0.001,0.2567
19412,-30.17,4,0,5,0.1,0.001,0.3659
19413,44.51,7,1,7,0.1,0.001,0.3588
19414,43.78,7,1,7,0.1,0.001,0.2536
19415,45.82,8,1,8,0.1,0.001,0.3531
19416,41.75,5,1,5,0.1,0.001,0.3498
19417,55.04,14,1,14,0.1,0.001,0.4312
19418,49.99,11,1,11,0.1,0.001,0.3627
19419,44.97,7,1,7,0.1,0.001,0.4247
19420,46.59,9,1,9,0.1,0.001,0.2882
19421,49.58,11,1,11,0.1,0.001,0.3257
19422,-32.17,3,0,4,0.1,0.001,0.2077
19423,42.76,6,1,6,0.1,0.001,0.2928
19424,44.6,7,1,7,0.1,0.001,0.3714
19425,60.28,17,1,17,0.1,0.001,0.4872
19426,42.77,6,1,6,0.1,0.001,0.2954
19427,-31.3,3,0,4,0.1,0.001,0.4238
19428,44.6,7,1,7,0.1,0.001,0.3717
19429,-22.74,9,0,10,0.1,0.001,0.4258
19430,42.56,6,1,6,0.1,0.001,0.2593
19431,40.48,4,1,4,0.1,0.001,0.3707
19432,38.64,3,1,3,0.1,0.001,0.2149
19433,40.29,4,1,4,0.1,0.001,0.3222
19434,56.74,15,1,15,0.1,0.001,0.4492
19435,44.16,7,1,7,0.1,0.001,0.3083
19436,43.75,7,1,7,0.1,0.001,0.2494
19437,45.83,8,1,8,0.1,0.001,0.3537
19438,49.03,10,1,10,0.1,0.001,0.4026
19439,-29.14,5,0,6,0.1,0.001,0.31
19440,40.04,4,1,4,0.1,0.001,0.2592
19441,53.96,13,1,13,0.1,0.001,0.4582
19442,-27.51,6,0,7,0.1,0.001,0.356
19443,45.2,8,1,8,0.1,0.001,0.275
19444,43.29,6,1,6,0.1,0.001,0.3819
19445,-31.69,3,0,4,0.1,0.001,0.3268
19446,40.35,4,1,4,0.1,0.001,0.3367
19447,42.82,6,1,6,0.1,0.001,0.3041
19448,41.48,5,1,5,0.1,0.001,0.2958
19449,-25.07,7,0,8,0.1,0.001,0.4916
19450,43.8,7,1,7,0.1,0.001,0.2574
19451,-31.72,3,0,4,0.1,0.001,0.3212
19452,37.51,2,1,2,0.1,0.001,0.2549
19453,50.03,11,1,11,0.1,0.001,0.3668
19454,52.43,12,1,12,0.1,0.001,0.4527
19455,40.28,4,1,4,0.1,0.001,0.3197
19456,-25.53,8,0,9,0.1,0.001,0.2746
19457,-5.28,18,0,19,0.1,0.001,0.6695
19458,-34.64,1,0,2,0.1,0.001,0.1804
19459,-27.28,6,0,7,0.1,0.001,0.3893
19460,38.73,3,1,3,0.1,0.001,0.2439
19461,41.13,5,1,5,0.1,0.001,0.2256
19462,53.11,14,1,14,0.1,0.001,0.2935
19463,44.85,7,1,7,0.1,0.001,0.4074
19464,-33.32,2,0,3,0.1,0.001,0.2271
19465,-26.87,6,0,7,0.1,0.001,0.4471
19466,42.91,6,1,6,0.1,0.001,0.3187
19467,43.86,7,1,7,0.1,0.001,0.2651
19468,41.05,5,1,5,0.1,0.001,0.2107
19469,-24.37,9,0,10,0.1,0.001,0.2629
19470,48.87,10,1,10,0.1,0.001,0.3865
19471,41.67,5,1,5,0.1,0.001,0.3343
19472,44.38,7,1,7,0.1,0.001,0.3399
19473,41.78,5,1,5,0.1,0.001,0.3555
19474,38.76,3,1,3,0.1,0.001,0.2541
19475,41.89,5,1,5,0.1,0.001,0.3785
19476,46.59,9,1,9,0.1,0.001,0.2873
19477,45.2,8,1,8,0.1,0.001,0.2746
19478,41.17,5,1,5,0.1,0.001,0.2343
19479,-23.92,6,0,7,0.1,0.001,0.8689
19480,-34.65,1,0,2,0.1,0.001,0.1761
19481,45.93,8,1,8,0.1,0.001,0.3664
19482,-33.13,2,0,3,0.1,0.001,0.2891
19483,-13.79,15,0,16,0.1,0.001,0.4504
19484,-19.17,12,0,13,0.1,0.001,0.3712
19485,-23.28,9,0,10,0.1,0.001,0.3716
19486,-24.49,8,0,9,0.1,0.001,0.3899
19487,43.88,7,1,7,0.1,0.001,0.2681
19488,45.56,8,1,8,0.1,0.001,0.3206
19489,-20.15,11,0,12,0.1,0.001,0.404
19490,-17.45,13,0,14,0.1,0.001,0.3964
19491,38.73,3,1,3,0.1,0.001,0.2444
19492,44.04,7,1,7,0.1,0.001,0.2911
19493,40.01,4,1,4,0.1,0.001,0.2535
19494,38.69,3,1,3,0.1,0.001,0.2309
19495,-34.52,1,0,2,0.1,0.001,0.2375
19496,49.65,11,1,11,0.1,0.001,0.3318
19497,41.57,5,1,5,0.1,0.001,0.3142
19498,48.6,10,1,10,0.1,0.001,0.3598
19499,-33.3,2,0,3,0.1,0.001,0.2318
19500,55.83,15,1,15,0.1,0.001,0.389
19501,48.54,10,1,10,0.1,0.001,0.3541
19502,-32.08,3,0,4,0.1,0.001,0.229
19503,47.17,9,1,9,0.1,0.001,0.3524
19504,45.23,8,1,8,0.1,0.001,0.2791
19505,-31.9,3,0,4,0.1,0.001,0.2759
19506,41.53,5,1,5,0.1,0.001,0.3063
19507,51.1,12,1,12,0.1,0.001,0.3418
19508,-26.78,5,0,6,0.1,0.001,0.7032
19509,41.11,5,1,5,0.1,0.001,0.2211
19510,51.32,12,1,12,0.1,0.001,0.3604
19511,41.87,5,1,5,0.1,0.001,0.3743
19512,42.88,6,1,6,0.1,0.001,0.3131
19513,47.07,9,1,9,0.1,0.001,0.3414
19514,50.27,11,1,11,0.1,0.001,0.3886
19515,-34.64,1,0,2,0.1,0.001,0.1809
19516,45.55,8,1,8,0.1,0.001,0.3183
19517,51.64,13,1,13,0.1,0.001,0.2798
19518,40.19,4,1,4,0.1,0.001,0.297
19519,43.52,6,1,6,0.1,0.001,0.4207
19520,43.66,7,1,7,0.1,0.001,0.2371
19521,41.66,5,1,5,0.1,0.001,0.3312
19522,42.73,6,1,6,0.1,0.001,0.2879
19523,52.43,13,1,13,0.1,0.001,0.3411
19524,41.74,5,1,5,0.1,0.001,0.3483
19525,45.21,8,1,8,0.1,0.001,0.2769
19526,45.62,8,1,8,0.1,0.001,0.3277
19527,42.54,6,1,6,0.1,0.001,0.2565
19528,-10.83,16,0,17,0.1,0.001,0.5394
19529,43.59,7,1,7,0.1,0.001,0.2273
19530,46.66,9,1,9,0.1,0.001,0.2961
19531,-14.48,13,0,14,0.1,0.001,0.6084
19532,-34.58,1,0,2,0.1,0.001,0.208
19533,41.64,5,1,5,0.1,0.001,0.3288
19534,39.89,4,1,4,0.1,0.001,0.2223
19535,46.73,9,1,9,0.1,0.001,0.3033
19536,46.05,8,1,8,0.1,0.001,0.3816
19537,43.79,7,1,7,0.1,0.001,0.2562
19538,47.93,10,1,10,0.1,0.001,0.2931
19539,44.04,7,1,7,0.1,0.001,0.2909
19540,46.0,8,1,8,0.1,0.001,0.3747
19541,-23.49,8,0,9,0.1,0.001,0.5006
19542,-33.21,2,0,3,0.1,0.001,0.2638
19543,-33.44,2,0,3,0.1,0.001,0.1871
19544,48.21,10,1,10,0.1,0.001,0.321
19545,46.71,9,1,9,0.1,0.001,0.3012
19546,45.81,8,1,8,0.1,0.001,0.3516
19547,47.62,8,1,8,0.1,0.001,0.5778
19548,52.04,13,1,13,0.1,0.001,0.3108
19549,36.11,1,1,1,0.1,0.001,0.1071
19550,42.61,6,1,6,0.1,0.001,0.2689
19551,-34.64,1,0,2,0.1,0.001,0.1777
19552,43.08,6,1,6,0.1,0.001,0.3474
19553,45.69,8,1,8,0.1,0.001,0.3358
19554,47.65,10,1,10,0.1,0.001,0.265
19555,49.0,11,1,11,0.1,0.001,0.2724
19556,47.11,9,1,9,0.1,0.001,0.3456
19557,58.95,15,1,15,0.1,0.001,0.5968
19558,51.04,11,1,11,0.1,0.001,0.4581
19559,53.25,13,1,13,0.1,0.001,0.4041
19560,-34.66,1,0,2,0.1,0.001,0.1703
19561,-26.88,6,0,7,0.1,0.001,0.4453
19562,45.46,8,1,8,0.1,0.001,0.3071
19563,49.15,10,1,10,0.1,0.001,0.4153
19564,42.95,6,1,6,0.1,0.001,0.3242
19565,45.07,7,1,7,0.1,0.001,0.4385
19566,-33.0,2,0,3,0.1,0.001,0.3335
19567,49.67,11,1,11,0.1,0.001,0.3334
19568,-28.23,6,0,7,0.1,0.001,0.2531
19569,50.57,12,1,12,0.1,0.001,0.2971
19570,47.34,9,1,9,0.1,0.001,0.371
19571,50.27,11,1,11,0.1,0.001,0.3885
19572,45.47,8,1,8,0.1,0.001,0.3088
19573,-31.5,3,0,4,0.1,0.001,0.3742
19574,50.22,11,1,11,0.1,0.001,0.3841
19575,37.44,2,1,2,0.1,0.001,0.221
19576,42.66,6,1,6,0.1,0.001,0.2759
19577,41.35,5,1,5,0.1,0.001,0.2692
19578,47.24,9,1,9,0.1,0.001,0.3602
19579,38.69,3,1,3,0.1,0.001,0.2299
19580,41.36,5,1,5,0.1,0.001,0.273
19581,39.95,4,1,4,0.1,0.001,0.2381
19582,-31.77,3,0,4,0.1,0.001,0.3085
19583,-33.25,2,0,3,0.1,0.001,0.2516
19584,-28.98,5,0,6,0.1,0.001,0.3362
19585,-23.41,9,0,10,0.1,0.001,0.3587
19586,-31.78,3,0,4,0.1,0.001,0.3042
19587,37.69,2,1,2,0.1,0.001,0.3467
19588,43.33,6,1,6,0.1,0.001,0.3877
19589,-34.66,1,0,2,0.1,0.001,0.1707
19590,53.17,13,1,13,0.1,0.001,0.398
19591,47.3,9,1,9,0.1,0.001,0.3667
19592,47.98,10,1,10,0.1,0.001,0.2979
19593,43.17,6,1,6,0.1,0.001,0.3619
19594,-34.24,1,0,2,0.1,0.001,0.379
19595,-27.92,6,0,7,0.1,0.001,0.2968
19596,43.68,7,1,7,0.1,0.001,0.2404
19597,42.98,6,1,6,0.1,0.001,0.3307
19598,44.46,7,1,7,0.1,0.001,0.351
19599,42.7,6,1,6,0.1,0.001,0.283
19600,40.05,4,1,4,0.1,0.001,0.2632
19601,-28.0,6,0,7,0.1,0.001,0.2856
19602,-29.48,5,0,6,0.1,0.001,0.2542
19603,-24.39,8,0,9,0.1,0.001,0.4015
19604,46.02,8,1,8,0.1,0.001,0.3769
19605,-30.25,4,0,5,0.1,0.001,0.3506
19606,40.12,4,1,4,0.1,0.001,0.2803
19607,44.39,7,1,7,0.1,0.001,0.3416
19608,55.21,13,1,13,0.1,0.001,0.5548
19609,45.47,8,1,8,0.1,0.001,0.3086
19610,45.46,8,1,8,0.1,0.001,0.308
19611,36.1,1,1,1,0.1,0.001,0.1029
19612,-24.03,8,0,9,0.1,0.001,0.441
19613,48.93,10,1,10,0.1,0.001,0.3933
19614,48.16,10,1,10,0.1,0.001,0.3159
19615,57.61,15,1,15,0.1,0.001,0.5073
19616,44.54,7,1,7,0.1,0.001,0.3632
19617,-20.68,11,0,12,0.1,0.001,0.3596
19618,63.06,18,1,18,0.1,0.001,0.5589
19619,41.21,5,1,5,0.1,0.001,0.2412
19620,52.29,12,1,12,0.1,0.001,0.4407
19621,36.1,1,1,1,0.1,0.001,0.0972
19622,42.91,6,1,6,0.1,0.001,0.3191
19623,51.73,11,1,11,0.1,0.001,0.521
19624,49.84,11,1,11,0.1,0.001,0.3494
19625,42.61,6,1,6,0.1,0.001,0.2679
19626,-25.11,8,0,9,0.1,0.001,0.3208
19627,-31.85,3,0,4,0.1,0.001,0.2867
19628,-29.13,5,0,6,0.1,0.001,0.3124
19629,42.63,6,1,6,0.1,0.001,0.2722
19630,53.75,13,1,13,0.1,0.001,0.4422
19631,44.46,7,1,7,0.1,0.001,0.3519
19632,-25.94,7,0,8,0.1,0.001,0.3821
19633,49.78,11,1,11,0.1,0.001,0.3433
19634,-34.64,1,0,2,0.1,0.001,0.182
19635,41.24,5,1,5,0.1,0.001,0.2483
19636,-34.38,1,0,2,0.1,0.001,0.3089
19637,-29.71,4,0,5,0.1,0.001,0.4589
19638,44.18,7,1,7,0.1,0.001,0.3111
19639,57.49,15,1,15,0.1,0.001,0.4991
19640,-33.32,2,0,3,0.1,0.001,0.2262
19641,51.22,12,1,12,0.1,0.001,0.3513
19642,44.33,7,1,7,0.1,0.001,0.3334
19643,42.54,6,1,6,0.1,0.001,0.2565
19644,-30.79,4,0,5,0.1,0.001,0.2423
19645,-33.29,2,0,3,0.1,0.001,0.237
19646,-34.65,1,0,2,0.1,0.001,0.1736
19647,48.35,10,1,10,0.1,0.001,0.3347
19648,46.62,9,1,9,0.1,0.001,0.2914
19649,48.39,10,1,10,0.1,0.001,0.3387
19650,-33.11,2,0,3,0.1,0.001,0.2957
19651,56.67,15,1,15,0.1,0.001,0.4449
19652,52.95,12,1,12,0.1,0.001,0.4959
19653,41.25,5,1,5,0.1,0.001,0.2494
19654,48.71,10,1,10,0.1,0.001,0.3713
19655,51.33,11,1,11,0.1,0.001,0.4841
19656,-30.54,4,0,5,0.1,0.001,0.2916
19657,48.21,10,1,10,0.1,0.001,0.321
19658,-28.83,5,0,6,0.1,0.001,0.3617
19659,45.58,8,1,8,0.1,0.001,0.3226
19660,50.37,11,1,11,0.1,0.001,0.3972
19661,45.68,8,1,8,0.1,0.001,0.3348
19662,37.34,2,1,2,0.1,0.001,0.1724
19663,38.79,3,1,3,0.1,0.001,0.2647
19664,-29.01,5,0,6,0.1,0.001,0.3309
19665,46.36,8,1,8,0.1,0.001,0.4197
19666,43.98,7,1,7,0.1,0.001,0.2829
19667,-31.87,3,0,4,0.1,0.001,0.282
19668,55.96,15,1,15,0.1,0.001,0.3974
19669,51.98,12,1,12,0.1,0.001,0.4149
19670,54.71,14,1,14,0.1,0.001,0.4079
19671,38.63,3,1,3,0.1,0.001,0.2115
19672,46.6,9,1,9,0.1,0.001,0.2888
19673,-27.47,6,0,7,0.1,0.001,0.3615
19674,-31.86,3,0,4,0.1,0.001,0.2848
19675,46.73,9,1,9,0.1,0.001,0.3037
19676,-30.38,4,0,5,0.1,0.001,0.3231
19677,50.01,10,1,10,0.1,0.001,0.5011
19678,40.09,4,1,4,0.1,0.001,0.2721
19679,52.34,11,1,11,0.1,0.001,0.5768
19680,45.12,8,1,8,0.1,0.001,0.2649
19681,-33.4,2,0,3,0.1,0.001,0.2001
19682,44.4,7,1,7,0.1,0.001,0.3427
19683,41.44,5,1,5,0.1,0.001,0.2872
19684,42.7,6,1,6,0.1,0.001,0.2826
19685,54.1,13,1,13,0.1,0.001,0.4694
19686,41.45,5,1,5,0.1,0.001,0.2902
19687,37.34,2,1,2,0.1,0.001,0.1704
19688,-31.86,3,0,4,0.1,0.001,0.2854
19689,43.54,6,1,6,0.1,0.001,0.4228
19690,-34.72,1,0,2,0.1,0.001,0.1406
19691,40.34,4,1,4,0.1,0.001,0.3354
19692,43.95,7,1,7,0.1,0.001,0.279
19693,-27.79,6,0,7,0.1,0.001,0.3152
19694,-28.07,5,0,6,0.1,0.001,0.4891
19695,42.81,6,1,6,0.1,0.001,0.3015
19696,41.68,5,1,5,0.1,0.001,0.3358
19697,43.0,6,1,6,0.1,0.001,0.3331
19698,47.17,8,1,8,0.1,0.001,0.5215
19699,50.28,11,1,11,0.1,0.001,0.3888
19700,42.8,6,1,6,0.1,0.001,0.3
19701,47.98,10,1,10,0.1,0.001,0.298
19702,44.04,7,1,7,0.1,0.001,0.2908
19703,-24.01,9,0,10,0.1,0.001,0.2986
19704,-27.26,6,0,7,0.1,0.001,0.3916
19705,-30.6,4,0,5,0.1,0.001,0.2808
19706,-34.72,1,0,2,0.1,0.001,0.1399
19707,51.91,12,1,12,0.1,0.001,0.4096
19708,44.82,7,1,7,0.1,0.001,0.403
19709,41.21,5,1,5,0.1,0.001,0.2419
19710,43.16,6,1,6,0.1,0.001,0.3595
19711,-33.39,2,0,3,0.1,0.001,0.2026
19712,48.29,10,1,10,0.1,0.001,0.3289
19713,44.36,7,1,7,0.1,0.001,0.3378
19714,52.37,13,1,13,0.1,0.001,0.3359
19715,49.51,10,1,10,0.1,0.001,0.451
19716,47.76,10,1,10,0.1,0.001,0.2764
19717,53.3,13,1,13,0.1,0.001,0.4074
19718,-29.21,5,0,6,0.1,0.001,0.2984
19719,-33.32,2,0,3,0.1,0.001,0.2269
19720,-33.4,2,0,3,0.1,0.001,0.2002
19721,40.22,4,1,4,0.1,0.001,0.3045
19722,-31.68,3,0,4,0.1,0.001,0.3304
19723,-28.75,5,0,6,0.1,0.001,0.3756
19724,44.45,7,1,7,0.1,0.001,0.3494
19725,47.66,9,1,9,0.1,0.001,0.4066
19726,40.23,4,1,4,0.1,0.001,0.3075
19727,38.78,3,1,3,0.1,0.001,0.2587
19728,-33.52,2,0,3,0.1,0.001,0.1598
19729,37.45,2,1,2,0.1,0.001,0.2262
19730,52.06,13,1,13,0.1,0.001,0.3121
19731,44.49,7,1,7,0.1,0.001,0.3555
19732,-30.42,4,0,5,0.1,0.001,0.3166
19733,46.13,8,1,8,0.1,0.001,0.3916
19734,48.66,10,1,10,0.1,0.001,0.3663
19735,40.33,4,1,4,0.1,0.001,0.3332
19736,48.01,10,1,10,0.1,0.001,0.3009
19737,-34.67,1,0,2,0.1,0.001,0.166
19738,37.38,2,1,2,0.1,0.001,0.1909
19739,50.04,10,1,10,0.1,0.001,0.5042
19740,49.8,11,1,11,0.1,0.001,0.3453
19741,47.78,10,1,10,0.1,0.001,0.2778
19742,47.56,9,1,9,0.1,0.001,0.3953
19743,38.81,3,1,3,0.1,0.001,0.2687
19744,40.02,4,1,4,0.1,0.001,0.2549
19745,-31.67,3,0,4,0.1,0.001,0.3317
19746,-34.62,1,0,2,0.1,0.001,0.1905
19747,37.6,2,1,2,0.1,0.001,0.2984
19748,42.34,6,1,6,0.1,0.001,0.2235
19749,40.0,4,1,4,0.1,0.001,0.2506
19750,44.54,7,1,7,0.1,0.001,0.3625
19751,50.03,11,1,11,0.1,0.001,0.3661
19752,40.15,4,1,4,0.1,0.001,0.2868
19753,45.57,8,1,8,0.1,0.001,0.3209
19754,49.28,11,1,11,0.1,0.001,0.2985
19755,-30.1,4,0,5,0.1,0.001,0.3801
19756,-24.23,9,0,10,0.1,0.001,0.2773
19757,41.8,5,1,5,0.1,0.001,0.3607
19758,-29.29,5,0,6,0.1,0.001,0.2848
19759,60.61,15,1,15,0.1,0.001,0.7072
19760,49.07,10,1,10,0.1,0.001,0.4068
19761,-32.07,3,0,4,0.1,0.001,0.2314
19762,47.63,9,1,9,0.1,0.001,0.4039
19763,-34.58,1,0,2,0.1,0.001,0.2079
19764,42.67,6,1,6,0.1,0.001,0.2787
19765,-27.41,6,0,7,0.1,0.001,0.3698
19766,44.52,7,1,7,0.1,0.001,0.3593
19767,-29.02,5,0,6,0.1,0.001,0.3295
19768,-34.61,1,0,2,0.1,0.001,0.1973
19769,38.68,3,1,3,0.1,0.001,0.225
19770,44.22,7,1,7,0.1,0.001,0.317
19771,52.97,13,1,13,0.1,0.001,0.3825
19772,40.14,4,1,4,0.1,0.001,0.2848
19773,49.18,11,1,11,0.1,0.001,0.2888
19774,47.6,9,1,9,0.1,0.001,0.4005
19775,-34.59,1,0,2,0.1,0.001,0.2053
19776,42.02,5,1,5,0.1,0.001,0.4043
19777,41.49,5,1,5,0.1,0.001,0.2978
19778,44.44,7,1,7,0.1,0.001,0.348
19779,-33.26,2,0,3,0.1,0.001,0.247
19780,47.12,9,1,9,0.1,0.001,0.347
19781,44.41,7,1,7,0.1,0.001,0.344
19782,42.87,6,1,6,0.1,0.001,0.3114
19783,42.71,6,1,6,0.1,0.001,0.2856
19784,-31.76,3,0,4,0.1,0.001,0.3093
19785,39.84,4,1,4,0.1,0.001,0.21
19786,41.28,5,1,5,0.1,0.001,0.2567
19787,41.34,5,1,5,0.1,0.001,0.2679
19788,42.56,6,1,6,0.1,0.001,0.2605
19789,41.42,5,1,5,0.1,0.001,0.2839
19790,58.65,17,1,17,0.1,0.001,0.3911
19791,44.09,7,1,7,0.1,0.001,0.2984
19792,-27.57,5,0,6,0.1,0.001,0.5723
19793,-32.89,2,0,3,0.1,0.001,0.3691
19794,-32.89,2,0,3,0.1,0.001,0.3691
19795,-34.64,1,0,2,0.1,0.001,0.1793
19796,-33.27,2,0,3,0.1,0.001,0.2435
19797,40.11,4,1,4,0.1,0.001,0.2774
19798,-21.04,10,0,11,0.1,0.001,0.4513
19799,42.87,6,1,6,0.1,0.001,0.311
19800,41.31,5,1,5,0.1,0.001,0.2627
19801,-31.87,3,0,4,0.1,0.001,0.2832
19802,42.66,6,1,6,0.1,0.001,0.2772
19803,50.9,12,1,12,0.1,0.001,0.3254
19804,-29.22,5,0,6,0.1,0.001,0.2964
19805,42.67,6,1,6,0.1,0.001,0.278
19806,-31.96,3,0,4,0.1,0.001,0.2612
19807,42.86,6,1,6,0.1,0.001,0.3093
19808,-25.25,8,0,9,0.1,0.001,0.3059
19809,-34.62,1,0,2,0.1,0.001,0.1903
19810,45.96,8,1,8,0.1,0.001,0.3703
19811,42.7,6,1,6,0.1,0.001,0.2826
19812,45.67,8,1,8,0.1,0.001,0.3343
19813,42.82,6,1,6,0.1,0.001,0.3025
19814,53.1,13,1,13,0.1,0.001,0.392
19815,57.28,15,1,15,0.1,0.001,0.4851
19816,43.35,6,1,6,0.1,0.001,0.3916
19817,53.17,13,1,13,0.1,0.001,0.3977
19818,-28.98,5,0,6,0.1,0.001,0.3375
19819,-31.48,3,0,4,0.1,0.001,0.3808
19820,55.77,15,1,15,0.1,0.001,0.3844
19821,41.43,5,1,5,0.1,0.001,0.2869
19822,-34.55,1,0,2,0.1,0.001,0.2238
19823,41.93,5,1,5,0.1,0.001,0.3859
19824,43.9,7,1,7,0.1,0.001,0.2714
19825,46.66,9,1,9,0.1,0.001,0.2959
19826,55.04,15,1,15,0.1,0.001,0.3363
19827,-29.93,4,0,5,0.1,0.001,0.4136
19828,44.06,7,1,7,0.1,0.001,0.2942
19829,38.57,3,1,3,0.1,0.001,0.1902
19830,42.47,6,1,6,0.1,0.001,0.2458
19831,37.54,2,1,2,0.1,0.001,0.2701
19832,45.27,8,1,8,0.1,0.001,0.2841
19833,41.28,5,1,5,0.1,0.001,0.2553
19834,40.01,4,1,4,0.1,0.001,0.2528
19835,-33.22,2,0,3,0.1,0.001,0.261
19836,-33.27,2,0,3,0.1,0.001,0.2418
19837,45.06,8,1,8,0.1,0.001,0.2573
19838,-34.62,1,0,2,0.1,0.001,0.1908
19839,-31.77,3,0,4,0.1,0.001,0.3087
19840,50.21,11,1,11,0.1,0.001,0.3829
19841,36.1,1,1,1,0.1,0.001,0.0953
19842,-29.33,5,0,6,0.1,0.001,0.279
19843,40.02,4,1,4,0.1,0.001,0.2541
19844,41.16,5,1,5,0.1,0.001,0.2316
19845,41.35,5,1,5,0.1,0.001,0.2704
19846,48.89,10,1,10,0.1,0.001,0.3893
19847,42.46,6,1,6,0.1,0.001,0.2439
19848,55.23,15,1,15,0.1,0.001,0.3486
19849,46.19,8,1,8,0.1,0.001,0.3984
19850,-26.46,7,0,8,0.1,0.001,0.3181
19851,-23.51,8,0,9,0.1,0.001,0.4989
19852,44.44,7,1,7,0.1,0.001,0.3484
19853,44.66,7,1,7,0.1,0.001,0.3801
19854,40.11,4,1,4,0.1,0.001,0.2779
19855,47.24,9,1,9,0.1,0.001,0.3597
19856,48.15,10,1,10,0.1,0.001,0.3151
19857,53.28,13,1,13,0.1,0.001,0.4063
19858,-27.35,6,0,7,0.1,0.001,0.3783
19859,49.26,10,1,10,0.1,0.001,0.4256
19860,44.13,7,1,7,0.1,0.001,0.3046
19861,44.28,7,1,7,0.1,0.001,0.3258
19862,52.51,13,1,13,0.1,0.001,0.3471
19863,37.32,2,1,2,0.1,0.001,0.1596
19864,44.58,7,1,7,0.1,0.001,0.3688
19865,43.94,7,1,7,0.1,0.001,0.2777
19866,39.88,4,1,4,0.1,0.001,0.2193
19867,-34.31,1,0,2,0.1,0.001,0.3454
19868,44.35,7,1,7,0.1,0.001,0.3352
19869,-21.83,10,0,11,0.1,0.001,0.3791
19870,60.55,18,1,18,0.1,0.001,0.4194
19871,-33.27,2,0,3,0.1,0.001,0.2418
19872,41.99,5,1,5,0.1,0.001,0.3985
19873,47.01,9,1,9,0.1,0.001,0.3341
19874,38.77,3,1,3,0.1,0.001,0.2567
19875,37.39,2,1,2,0.1,0.001,0.1957
19876,48.07,10,1,10,0.1,0.001,0.307
19877,46.54,9,1,9,0.1,0.001,0.2817
19878,-33.16,2,0,3,0.1,0.001,0.2795
19879,-34.5,1,0,2,0.1,0.001,0.2505
19880,46.52,9,1,9,0.1,0.001,0.2796
19881,47.06,9,1,9,0.1,0.001,0.3402
19882,47.24,9,1,9,0.1,0.001,0.3597
19883,-27.71,6,0,7,0.1,0.001,0.3268
19884,45.11,8,1,8,0.1,0.001,0.2632
19885,51.2,12,1,12,0.1,0.001,0.3498
19886,51.4,12,1,12,0.1,0.001,0.3669
19887,52.06,13,1,13,0.1,0.001,0.312
19888,43.86,7,1,7,0.1,0.001,0.2656
19889,47.15,9,1,9,0.1,0.001,0.3503
19890,40.02,4,1,4,0.1,0.001,0.2549
19891,39.94,4,1,4,0.1,0.001,0.235
19892,46.61,9,1,9,0.1,0.001,0.2905
19893,-30.41,4,0,5,0.1,0.001,0.3187
19894,44.53,7,1,7,0.1,0.001,0.3618
19895,-28.02,6,0,7,0.1,0.001,0.2833
19896,42.57,6,1,6,0.1,0.001,0.2613
19897,48.42,10,1,10,0.1,0.001,0.3422
19898,-34.62,1,0,2,0.1,0.001,0.1901
19899,37.45,2,1,2,0.1,0.001,0.224
19900,45.23,8,1,8,0.1,0.001,0.2788
19901,56.52,15,1,15,0.1,0.001,0.4349
19902,41.41,5,1,5,0.1,0.001,0.283
19903,-34.61,1,0,2,0.1,0.001,0.1959
19904,40.34,4,1,4,0.1,0.001,0.3352
19905,-21.07,10,0,11,0.1,0.001,0.4486
19906,41.34,5,1,5,0.1,0.001,0.2673
19907,-31.93,3,0,4,0.1,0.001,0.2682
19908,-31.57,3,0,4,0.1,0.001,0.358
19909,-34.43,1,0,2,0.1,0.001,0.2841
19910,46.5,9,1,9,0.1,0.001,0.2781
19911,39.82,4,1,4,0.1,0.001,0.2049
19912,43.06,6,1,6,0.1,0.001,0.3426
19913,40.07,4,1,4,0.1,0.001,0.2672
19914,49.94,11,1,11,0.1,0.001,0.3579
19915,37.39,2,1,2,0.1,0.001,0.1936
19916,-30.73,4,0,5,0.1,0.001,0.2549
19917,42.56,6,1,6,0.1,0.001,0.2601
19918,38.63,3,1,3,0.1,0.001,0.2102
19919,40.1,4,1,4,0.1,0.001,0.2755
19920,40.15,4,1,4,0.1,0.001,0.2869
19921,42.54,6,1,6,0.1,0.001,0.2572
19922,41.56,5,1,5,0.1,0.001,0.3125
19923,45.51,8,1,8,0.1,0.001,0.3142
19924,-31.72,3,0,4,0.1,0.001,0.3206
19925,41.17,5,1,5,0.1,0.001,0.2336
19926,40.24,4,1,4,0.1,0.001,0.3099
19927,-29.34,5,0,6,0.1,0.001,0.2769
19928,40.24,4,1,4,0.1,0.001,0.3111
19929,44.36,7,1,7,0.1,0.001,0.3378
19930,44.35,7,1,7,0.1,0.001,0.3357
19931,41.54,5,1,5,0.1,0.001,0.3086
19932,59.55,18,1,18,0.1,0.001,0.3638
19933,-24.87,8,0,9,0.1,0.001,0.348
19934,51.45,12,1,12,0.1,0.001,0.371
19935,-33.29,2,0,3,0.1,0.001,0.237
19936,48.17,10,1,10,0.1,0.001,0.3168
19937,48.41,10,1,10,0.1,0.001,0.3407
19938,46.65,9,1,9,0.1,0.001,0.2944
19939,43.33,6,1,6,0.1,0.001,0.3891
19940,46.06,8,1,8,0.1,0.001,0.3823
19941,44.12,7,1,7,0.1,0.001,0.3032
19942,-30.43,4,0,5,0.1,0.001,0.3145
19943,55.86,15,1,15,0.1,0.001,0.3905
19944,-30.49,4,0,5,0.1,0.001,0.3022
19945,41.66,5,1,5,0.1,0.001,0.3326
19946,40.1,4,1,4,0.1,0.001,0.2753
19947,53.89,13,1,13,0.1,0.001,0.4532
19948,44.09,7,1,7,0.1,0.001,0.2992
19949,-16.43,13,0,14,0.1,0.001,0.4692
19950,51.3,12,1,12,0.1,0.001,0.3586
19951,40.0,4,1,4,0.1,0.001,0.2493
19952,-21.76,10,0,11,0.1,0.001,0.3858
19953,48.38,10,1,10,0.1,0.001,0.3376
19954,-27.31,6,0,7,0.1,0.001,0.3843
19955,43.95,7,1,7,0.1,0.001,0.2788
19956,-29.88,4,0,5,0.1,0.001,0.4248
19957,45.81,8,1,8,0.1,0.001,0.3513
19958,-33.32,2,0,3,0.1,0.001,0.226
19959,41.58,5,1,5,0.1,0.001,0.3151
19960,37.54,2,1,2,0.1,0.001,0.2683
19961,41.09,5,1,5,0.1,0.001,0.2189
19962,-34.7,1,0,2,0.1,0.001,0.1509
19963,-34.7,1,0,2,0.1,0.001,0.1511
19964,-34.64,1,0,2,0.1,0.001,0.1817
19965,49.55,11,1,11,0.1,0.001,0.3227
19966,46.77,9,1,9,0.1,0.001,0.3077
19967,-24.29,8,0,9,0.1,0.001,0.4121
19968,42.89,6,1,6,0.1,0.001,0.3147
19969,39.98,4,1,4,0.1,0.001,0.2462
19970,41.39,5,1,5,0.1,0.001,0.2778
19971,-31.8,3,0,4,0.1,0.001,0.3004
19972,39.97,4,1,4,0.1,0.001,0.2419
19973,42.9,6,1,6,0.1,0.001,0.3161
19974,42.74,6,1,6,0.1,0.001,0.2906
19975,-25.24,8,0,9,0.1,0.001,0.3069
19976,39.98,4,1,4,0.1,0.001,0.244
19977,38.55,3,1,3,0.1,0.001,0.1828
19978,-31.87,3,0,4,0.1,0.001,0.283
19979,45.43,8,1,8,0.1,0.001,0.3044
19980,39.53,3,1,3,0.1,0.001,0.5101
19981,44.5,7,1,7,0.1,0.001,0.3578
19982,44.44,7,1,7,0.1,0.001,0.3484
19983,47.04,9,1,9,0.1,0.001,0.3376
19984,43.87,7,1,7,0.1,0.001,0.2675
19985,49.72,11,1,11,0.1,0.001,0.3383
19986,46.21,8,1,8,0.1,0.001,0.4018
19987,-30.4,4,0,5,0.1,0.001,0.3208
19988,41.4,5,1,5,0.1,0.001,0.2794
19989,-34.52,1,0,2,0.1,0.001,0.2397
19990,41.62,5,1,5,0.1,0.001,0.3247
19991,41.45,5,1,5,0.1,0.001,0.29
19992,-25.56,7,0,8,0.1,0.001,0.4298
19993,47.08,9,1,9,0.1,0.001,0.3427
19994,45.05,8,1,8,0.1,0.001,0.2566
19995,43.07,6,1,6,0.1,0.001,0.3449
19996,43.02,6,1,6,0.1,0.001,0.337
19997,49.49,10,1,10,0.1,0.001,0.4492
19998,45.76,8,1,8,0.1,0.001,0.3447
19999,47.71,9,1,9,0.1,0.001,0.4119
20000,53.04,13,1,13,0.1,0.001,0.3878
